path,phash,whash
C:/Users/ASUS GAMING/Documents/GitHub/Sberatele_Podtacku/images/00001_back.webp,94614f5e7a9629e1,003c7e5d7d3e3e08
C:/Users/ASUS GAMING/Documents/GitHub/Sberatele_Podtacku/images/00001_front.webp,94615f7c7a9429e1,003c7e5f7d1e3e08
C:/Users/ASUS GAMING/Documents/GitHub/Sberatele_Podtacku/images/00002_back.webp,95d15ec24a1b2f6a,187e06ffff060618
C:/Users/ASUS GAMING/Documents/GitHub/Sberatele_Podtacku/images/00002_front.webp,95d3524c7b914c3e,187e3e7f033e3e00
C:/Users/ASUS GAMING/Documents/GitHub/Sberatele_Podtacku/images/00003_back.webp,95c65ec56a2d6836,003e7e7e7e7e1c00
C:/Users/ASUS GAMING/Documents/GitHub/Sberatele_Podtacku/images/00003_front.webp,95c35a0c6a2739b7,183e6e3e1a7e3e08
C:/Users/ASUS GAMING/Documents/GitHub/Sberatele_Podtacku/images/00004_back.webp,91724ead6ac53dc2,002c1e3e3f3e7e1c
C:/Users/ASUS GAMING/Documents/GitHub/Sberatele_Podtacku/images/00004_front.webp,919354764ae94d67,187e7e7d251e2618
C:/Users/ASUS GAMING/Documents/GitHub/Sberatele_Podtacku/images/00005_back.webp,955555415565555f,003e3e3f1f1f1f02
C:/Users/ASUS GAMING/Documents/GitHub/Sberatele_Podtacku/images/00005_front.webp,85ce7869747865c6,183e7e7e7e3e0006
C:/Users/ASUS GAMING/Documents/GitHub/Sberatele_Podtacku/images/00006_back.webp,956255c555da455b,6647031f1f0f6f06
C:/Users/ASUS GAMING/Documents/GitHub/Sberatele_Podtacku/images/00006_front.webp,b4e0c14bd56c75f0,7ee7430103819f7e
C:/Users/ASUS GAMING/Documents/GitHub/Sberatele_Podtacku/images/00007_back.webp,95c055d655d255d5,003e3f3f1f1f1e02
C:/Users/ASUS GAMING/Documents/GitHub/Sberatele_Podtacku/images/00007_front.webp,bfd1406ec4d95166,7e8180febe81817e
C:/Users/ASUS GAMING/Documents/GitHub/Sberatele_Podtacku/images/00008_back.webp,84d6717951c6c47d,7e1f373f1d112302
C:/Users/ASUS GAMING/Documents/GitHub/Sberatele_Podtacku/images/00008_front.webp,94b565c3565e5863,6e0f1f1e3f7d2100
C:/Users/ASUS GAMING/Documents/GitHub/Sberatele_Podtacku/images/00009_back.webp,9fc6616994e051de,7e3f3f3f3f000102
C:/Users/ASUS GAMING/Documents/GitHub/Sberatele_Podtacku/images/00009_front.webp,eb94117b955bd0c8,7e81f9fbf1808078
C:/Users/ASUS GAMING/Documents/GitHub/Sberatele_Podtacku/images/00010_back.webp,85e0d04a55f555cf,7e7f7b0000007f7e
C:/Users/ASUS GAMING/Documents/GitHub/Sberatele_Podtacku/images/00010_front.webp,a1b2d54b17e64479,7e6f434301c1f31e
C:/Users/ASUS GAMING/Documents/GitHub/Sberatele_Podtacku/images/00011_back.webp,94c055cb55c755cb,007e3e3e3f3e1e02
C:/Users/ASUS GAMING/Documents/GitHub/Sberatele_Podtacku/images/00011_front.webp,a062d56e11fe41de,403767070700ff7f
C:/Users/ASUS GAMING/Documents/GitHub/Sberatele_Podtacku/images/00012_back.webp,85cf41e175a1551f,00103fffff7f0600
C:/Users/ASUS GAMING/Documents/GitHub/Sberatele_Podtacku/images/00012_front.webp,888535c85de771f4,000e7ffff9f90500
C:/Users/ASUS GAMING/Documents/GitHub/Sberatele_Podtacku/images/00013_back.webp,8496356d157e447e,027f777f17710302
C:/Users/ASUS GAMING/Documents/GitHub/Sberatele_Podtacku/images/00013_front.webp,80d5d5d1d585556d,ffff3f19003e0102
C:/Users/ASUS GAMING/Documents/GitHub/Sberatele_Podtacku/images/00014_back.webp,84c26579d0de4797,46073f7f7f030306
C:/Users/ASUS GAMING/Documents/GitHub/Sberatele_Podtacku/images/00014_front.webp,84c875f3556cd169,7e4f1b1b037f0306
C:/Users/ASUS GAMING/Documents/GitHub/Sberatele_Podtacku/images/00015_back.webp,c1c41e6f1732f94c,007cfceef0eb001f
C:/Users/ASUS GAMING/Documents/GitHub/Sberatele_Podtacku/images/00015_front.webp,982c3fd0c17f16c6,181f1f1b7e1e0d0e
C:/Users/ASUS GAMING/Documents/GitHub/Sberatele_Podtacku/images/00016_back.webp,858dd47654f151d3,ffff3f1f00006e00
C:/Users/ASUS GAMING/Documents/GitHub/Sberatele_Podtacku/images/00016_front.webp,c0d5d5d495817537,feff017f7e000106
C:/Users/ASUS GAMING/Documents/GitHub/Sberatele_Podtacku/images/00017_back.webp,95b04fb44ff04bd0,3e0e7e7e7e7e0000
C:/Users/ASUS GAMING/Documents/GitHub/Sberatele_Podtacku/images/00017_front.webp,94363d6716de40ab,00077c7c3c7efa52
C:/Users/ASUS GAMING/Documents/GitHub/Sberatele_Podtacku/images/00018_back.webp,a41c51d7519959e7,1667670363777702
C:/Users/ASUS GAMING/Documents/GitHub/Sberatele_Podtacku/images/00018_front.webp,a44e51db511959e7,1067670367777f02
C:/Users/ASUS GAMING/Documents/GitHub/Sberatele_Podtacku/images/00019_back.webp,a445590f51db54e7,002267676707ff66
C:/Users/ASUS GAMING/Documents/GitHub/Sberatele_Podtacku/images/00019_front.webp,a54c195f51db44e6,0026676767277f26
C:/Users/ASUS GAMING/Documents/GitHub/Sberatele_Podtacku/images/00020_back.webp,85cf586f353c103b,187c3e7e3f3e000e
C:/Users/ASUS GAMING/Documents/GitHub/Sberatele_Podtacku/images/00020_front.webp,80c155d354e7556f,1e7e7e3e1e1e3400
C:/Users/ASUS GAMING/Documents/GitHub/Sberatele_Podtacku/images/00021_back.webp,d19c46cd1e366b32,187e42dbdb626638
C:/Users/ASUS GAMING/Documents/GitHub/Sberatele_Podtacku/images/00021_front.webp,94c452d34b6c6d6b,3c7e1e1b3f0e0e18
C:/Users/ASUS GAMING/Documents/GitHub/Sberatele_Podtacku/images/00022_back.webp,84f246276cd93f0e,30743efefb223818
C:/Users/ASUS GAMING/Documents/GitHub/Sberatele_Podtacku/images/00022_front.webp,911c5a936e732d78,181e1a3f3f7e6c10
C:/Users/ASUS GAMING/Documents/GitHub/Sberatele_Podtacku/images/00023_back.webp,95c35a0d6a8f6d4c,003c7e7e7e7e3c00
C:/Users/ASUS GAMING/Documents/GitHub/Sberatele_Podtacku/images/00023_front.webp,919956764b493b36,187e4e7f7f060e08
C:/Users/ASUS GAMING/Documents/GitHub/Sberatele_Podtacku/images/00024_back.webp,c1635ebc0b943d5a,00646e7c7c7e7e18
C:/Users/ASUS GAMING/Documents/GitHub/Sberatele_Podtacku/images/00024_front.webp,853352dc6e1c3b69,003e7e3e7b7e1e00
C:/Users/ASUS GAMING/Documents/GitHub/Sberatele_Podtacku/images/00025_back.webp,91ca56954b4b6c9b,18667e3d3f562618
C:/Users/ASUS GAMING/Documents/GitHub/Sberatele_Podtacku/images/00025_front.webp,85d8523b6bc72d38,181e7e3d3d3e3e00
C:/Users/ASUS GAMING/Documents/GitHub/Sberatele_Podtacku/images/00026_back.webp,95c94a2b6b2d2d2d,003c7e7e7e7e3c00
C:/Users/ASUS GAMING/Documents/GitHub/Sberatele_Podtacku/images/00026_front.webp,936d0f361b926e68,002e7c7e7e6e6c0c
C:/Users/ASUS GAMING/Documents/GitHub/Sberatele_Podtacku/images/00027_back.webp,903e45e34b9e1e6c,184e1c3d7d3c7e18
C:/Users/ASUS GAMING/Documents/GitHub/Sberatele_Podtacku/images/00027_front.webp,913e45634b9e1e6c,184e1cbdbd3c7a18
C:/Users/ASUS GAMING/Documents/GitHub/Sberatele_Podtacku/images/00028_back.webp,90704fc54b1e3cdd,1c7646047e7e7e18
C:/Users/ASUS GAMING/Documents/GitHub/Sberatele_Podtacku/images/00028_front.webp,91865b796fcc1c19,187e7e3c2c7e1c18
C:/Users/ASUS GAMING/Documents/GitHub/Sberatele_Podtacku/images/00029_back.webp,84c0555f555e555e,007e7e3e3e3e3e00
C:/Users/ASUS GAMING/Documents/GitHub/Sberatele_Podtacku/images/00029_front.webp,94ca71717466d659,023f3f3f1e7f0600
C:/Users/ASUS GAMING/Documents/GitHub/Sberatele_Podtacku/images/00030_back.webp,8686617955dad666,7e073d3d3d3d0502
C:/Users/ASUS GAMING/Documents/GitHub/Sberatele_Podtacku/images/00030_front.webp,8686756951dec666,6e073d3d3c3d1d02
C:/Users/ASUS GAMING/Documents/GitHub/Sberatele_Podtacku/images/00031_back.webp,846866c7cfc359c3,00034b7f7e7e6706
C:/Users/ASUS GAMING/Documents/GitHub/Sberatele_Podtacku/images/00031_front.webp,d58a7a847e857a85,007e7e7e76566e00
C:/Users/ASUS GAMING/Documents/GitHub/Sberatele_Podtacku/images/00032_back.webp,940e557b51e051ef,001e175b0f4f7f0e
C:/Users/ASUS GAMING/Documents/GitHub/Sberatele_Podtacku/images/00032_front.webp,b489d7735d5824c6,7e6f43434343661e
C:/Users/ASUS GAMING/Documents/GitHub/Sberatele_Podtacku/images/00033_back.webp,95d2606b157c51e7,7c7f7f1f1f060002
C:/Users/ASUS GAMING/Documents/GitHub/Sberatele_Podtacku/images/00033_front.webp,b549c1f7147e6063,7c6b41034363677e
C:/Users/ASUS GAMING/Documents/GitHub/Sberatele_Podtacku/images/00034_back.webp,97cc6531516e44cf,007f3f3e3c3e3e00
C:/Users/ASUS GAMING/Documents/GitHub/Sberatele_Podtacku/images/00034_front.webp,a466d1d9649753c6,66c32502430fff6e
C:/Users/ASUS GAMING/Documents/GitHub/Sberatele_Podtacku/images/00035_back.webp,bd6ac494d19744d3,7e8181818f9b8f7a
C:/Users/ASUS GAMING/Documents/GitHub/Sberatele_Podtacku/images/00035_front.webp,bf92c433c14b458f,7e87878f87838172
C:/Users/ASUS GAMING/Documents/GitHub/Sberatele_Podtacku/images/00036_back.webp,80c25bb46ef97b24,007e7e7e4e4e7e00
C:/Users/ASUS GAMING/Documents/GitHub/Sberatele_Podtacku/images/00036_front.webp,948571b854f3c7a6,0e173f3f3e1f0340
C:/Users/ASUS GAMING/Documents/GitHub/Sberatele_Podtacku/images/00037_back.webp,97866d717244de61,421f3e7e7e3c1842
C:/Users/ASUS GAMING/Documents/GitHub/Sberatele_Podtacku/images/00037_front.webp,95e05876c5c1717e,424f0f7e3e061e1e
C:/Users/ASUS GAMING/Documents/GitHub/Sberatele_Podtacku/images/00038_back.webp,9c864d3dc56d916c,387f7e7e7e0e0008
C:/Users/ASUS GAMING/Documents/GitHub/Sberatele_Podtacku/images/00038_front.webp,8cf1b74871653497,ffffbf001010103f
C:/Users/ASUS GAMING/Documents/GitHub/Sberatele_Podtacku/images/00039_back.webp,954a5574456f544f,007f013f7f427e0e
C:/Users/ASUS GAMING/Documents/GitHub/Sberatele_Podtacku/images/00039_front.webp,8561d0ce45795e6e,7e433d23223d436e
C:/Users/ASUS GAMING/Documents/GitHub/Sberatele_Podtacku/images/00040_back.webp,9c3247692f271cd6,007c7e1f1e1c7e38
C:/Users/ASUS GAMING/Documents/GitHub/Sberatele_Podtacku/images/00040_front.webp,90324e656fb33e92,001c3e6f7e3c7e18
C:/Users/ASUS GAMING/Documents/GitHub/Sberatele_Podtacku/images/00041_back.webp,95d34e816a692fd2,003e7e7e7e3e1c10
C:/Users/ASUS GAMING/Documents/GitHub/Sberatele_Podtacku/images/00041_front.webp,85c156316e4f2dda,003e7e7e7e3e1c10
C:/Users/ASUS GAMING/Documents/GitHub/Sberatele_Podtacku/images/00042_back.webp,928f65721a3ecc1e,18767ebc3c7e6600
C:/Users/ASUS GAMING/Documents/GitHub/Sberatele_Podtacku/images/00042_front.webp,957050cf4b972dd8,184206a7ff3e7e18
C:/Users/ASUS GAMING/Documents/GitHub/Sberatele_Podtacku/images/00043_back.webp,95c9522e6b2c6f31,187e5e1b1b1e5e18
C:/Users/ASUS GAMING/Documents/GitHub/Sberatele_Podtacku/images/00043_front.webp,954b5aa86a3f29e1,083c7e1c7e7e3e08
C:/Users/ASUS GAMING/Documents/GitHub/Sberatele_Podtacku/images/00044_back.webp,956b5a2d6a2d292d,003c7e7e3e3e3e08
C:/Users/ASUS GAMING/Documents/GitHub/Sberatele_Podtacku/images/00044_front.webp,919e46950b716d76,187e42dbdb427e18
C:/Users/ASUS GAMING/Documents/GitHub/Sberatele_Podtacku/images/00045_back.webp,90da47356f913cca,187c5ec7c14e7e18
C:/Users/ASUS GAMING/Documents/GitHub/Sberatele_Podtacku/images/00045_front.webp,959342696a7c3cb6,087e3e3f1f1e1e08
C:/Users/ASUS GAMING/Documents/GitHub/Sberatele_Podtacku/images/00046_back.webp,916142df0acc6dd7,186e4a819f7e7e18
C:/Users/ASUS GAMING/Documents/GitHub/Sberatele_Podtacku/images/00046_front.webp,84e453934e6c39b7,187e52d3c35a7e18
C:/Users/ASUS GAMING/Documents/GitHub/Sberatele_Podtacku/images/00047_back.webp,95b04a366a9a6dda,003e7e3e3e3e3c18
C:/Users/ASUS GAMING/Documents/GitHub/Sberatele_Podtacku/images/00047_front.webp,95c85a956a1e395e,083e3e3e7e7e3c00
C:/Users/ASUS GAMING/Documents/GitHub/Sberatele_Podtacku/images/00048_back.webp,95c95a176a66296e,003c7e7e7e3e3e00
C:/Users/ASUS GAMING/Documents/GitHub/Sberatele_Podtacku/images/00048_front.webp,95485a270b9f7974,083c42ffe7663e18
C:/Users/ASUS GAMING/Documents/GitHub/Sberatele_Podtacku/images/00049_back.webp,958753394ec66b58,183e7e7f1d3e1c00
C:/Users/ASUS GAMING/Documents/GitHub/Sberatele_Podtacku/images/00049_front.webp,95915e7e4a942bca,081e7e7f3c3e3e00
C:/Users/ASUS GAMING/Documents/GitHub/Sberatele_Podtacku/images/00050_back.webp,90c95e242bdb7936,10187e7f7e7e1c10
C:/Users/ASUS GAMING/Documents/GitHub/Sberatele_Podtacku/images/00050_front.webp,95c64c716a389bce,003e7e3e3e7e1c18
C:/Users/ASUS GAMING/Documents/GitHub/Sberatele_Podtacku/images/00051_back.webp,95625ac92b256d6b,187e6647437e3e18
C:/Users/ASUS GAMING/Documents/GitHub/Sberatele_Podtacku/images/00051_front.webp,95c95a926a266b6e,181e3e7e7e7e1c00
C:/Users/ASUS GAMING/Documents/GitHub/Sberatele_Podtacku/images/00052_back.webp,d8da41650f660f76,3c5e9c9d9999423c
C:/Users/ASUS GAMING/Documents/GitHub/Sberatele_Podtacku/images/00052_front.webp,84db536c4b661e8d,187e3e7f3b164218
C:/Users/ASUS GAMING/Documents/GitHub/Sberatele_Podtacku/images/00053_back.webp,d76041cd1b30cfb6,3c42b985bdb9463c
C:/Users/ASUS GAMING/Documents/GitHub/Sberatele_Podtacku/images/00053_front.webp,d03641ce1f744fc6,3c42988dbdbc5e38
C:/Users/ASUS GAMING/Documents/GitHub/Sberatele_Podtacku/images/00054_back.webp,94615f1c5a8769cd,08007e7f5f5e3e18
C:/Users/ASUS GAMING/Documents/GitHub/Sberatele_Podtacku/images/00054_front.webp,95d052234fb72b39,005e3e7f7f3e0a08
C:/Users/ASUS GAMING/Documents/GitHub/Sberatele_Podtacku/images/00055_back.webp,94915e5acb6669c9,3c7e6ee7ff000418
C:/Users/ASUS GAMING/Documents/GitHub/Sberatele_Podtacku/images/00055_front.webp,d16d01a6cf611e9d,384a18feff1c423c
C:/Users/ASUS GAMING/Documents/GitHub/Sberatele_Podtacku/images/00056_back.webp,95c15a5acaa56e3a,183e3e7f7f0e0e00
C:/Users/ASUS GAMING/Documents/GitHub/Sberatele_Podtacku/images/00056_front.webp,95cd4b336c6c6992,003c7e7f7e6e3c00
C:/Users/ASUS GAMING/Documents/GitHub/Sberatele_Podtacku/images/00057_back.webp,95f55c2b548d54c9,007e7e7e7e1a3e00
C:/Users/ASUS GAMING/Documents/GitHub/Sberatele_Podtacku/images/00057_front.webp,95c971c64579d1c6,407e1e1e3f3f1f00
C:/Users/ASUS GAMING/Documents/GitHub/Sberatele_Podtacku/images/00058_back.webp,84d5518d543f553b,0c7e7e7e7e7e0000
C:/Users/ASUS GAMING/Documents/GitHub/Sberatele_Podtacku/images/00058_front.webp,957f53c1446cc497,0e6e52527e7f3e00
C:/Users/ASUS GAMING/Documents/GitHub/Sberatele_Podtacku/images/00059_back.webp,91c6452b1df6493b,066e6e6e0f0f0f0e
C:/Users/ASUS GAMING/Documents/GitHub/Sberatele_Podtacku/images/00059_front.webp,947ec1c1753e1595,007f1f005e7f7f02
C:/Users/ASUS GAMING/Documents/GitHub/Sberatele_Podtacku/images/00060_back.webp,94e35b964a63ac4b,081e7e7e7e7e0e00
C:/Users/ASUS GAMING/Documents/GitHub/Sberatele_Podtacku/images/00060_front.webp,d49c0ba37b4c2dd2,383c7edae6777000
C:/Users/ASUS GAMING/Documents/GitHub/Sberatele_Podtacku/images/00061_back.webp,c11c5e1f2ee178e1,001e7e7e7e7e6c00
C:/Users/ASUS GAMING/Documents/GitHub/Sberatele_Podtacku/images/00061_front.webp,91664ec93b9d4b61,187e7e07437e7e00
C:/Users/ASUS GAMING/Documents/GitHub/Sberatele_Podtacku/images/00062_back.webp,c5cb1e1d3a642fa4,1c3876ee6e367218
C:/Users/ASUS GAMING/Documents/GitHub/Sberatele_Podtacku/images/00062_front.webp,c5c30f1f3a742f84,1c3c76ee6e363218
C:/Users/ASUS GAMING/Documents/GitHub/Sberatele_Podtacku/images/00063_back.webp,853f50d1156fd4d8,3e0a1c037f7f7860
C:/Users/ASUS GAMING/Documents/GitHub/Sberatele_Podtacku/images/00063_front.webp,c5cb35335c3c489d,666a7a727e3e0702
C:/Users/ASUS GAMING/Documents/GitHub/Sberatele_Podtacku/images/00064_back.webp,bfd3916f404c44b5,7caf8f818181877e
C:/Users/ASUS GAMING/Documents/GitHub/Sberatele_Podtacku/images/00064_front.webp,80c0d4c7513fd53f,7e7f0d01017f074e
C:/Users/ASUS GAMING/Documents/GitHub/Sberatele_Podtacku/images/00065_back.webp,85c7597954d66178,607e666643437f46
C:/Users/ASUS GAMING/Documents/GitHub/Sberatele_Podtacku/images/00065_front.webp,9557457954c6607d,407e66664a437f1e
C:/Users/ASUS GAMING/Documents/GitHub/Sberatele_Podtacku/images/00066_back.webp,95f558c2717c435c,027e7e0e7f7e1c00
C:/Users/ASUS GAMING/Documents/GitHub/Sberatele_Podtacku/images/00066_front.webp,c5d57016c2396db6,66fe7e7e7e380000
C:/Users/ASUS GAMING/Documents/GitHub/Sberatele_Podtacku/images/00067_back.webp,91425e2f7a872d6c,007c7e665e7e3e08
C:/Users/ASUS GAMING/Documents/GitHub/Sberatele_Podtacku/images/00067_front.webp,9595524b4a2f2dad,187e3e3f3f1e0e00
C:/Users/ASUS GAMING/Documents/GitHub/Sberatele_Podtacku/images/00068_back.webp,94965b5a6e21695e,003e3e7f7e7e1c00
C:/Users/ASUS GAMING/Documents/GitHub/Sberatele_Podtacku/images/00068_front.webp,95075a9f2adc6d30,187e4643477e7e18
C:/Users/ASUS GAMING/Documents/GitHub/Sberatele_Podtacku/images/00069_back.webp,d6a649d1675a9e88,385e3c3e7e3e5810
C:/Users/ASUS GAMING/Documents/GitHub/Sberatele_Podtacku/images/00069_front.webp,d4b649994f5a0e69,187e3c3e7e3e5810
C:/Users/ASUS GAMING/Documents/GitHub/Sberatele_Podtacku/images/00070_back.webp,96c64989076f9e8d,185a3c3e7f3c5a18
C:/Users/ASUS GAMING/Documents/GitHub/Sberatele_Podtacku/images/00070_front.webp,91685e1f3aa76932,187e42cb4b7e3e18
C:/Users/ASUS GAMING/Documents/GitHub/Sberatele_Podtacku/images/00071_back.webp,854e5bb46a4338db,183c3c7b5f5a3e08
C:/Users/ASUS GAMING/Documents/GitHub/Sberatele_Podtacku/images/00071_front.webp,95694a762fe06c0f,187e6e6766265e18
C:/Users/ASUS GAMING/Documents/GitHub/Sberatele_Podtacku/images/00072_back.webp,917644dd519c549f,7c665642067e7e70
C:/Users/ASUS GAMING/Documents/GitHub/Sberatele_Podtacku/images/00072_front.webp,95d86c6be1a45696,003c7e7e7e3c3e02
C:/Users/ASUS GAMING/Documents/GitHub/Sberatele_Podtacku/images/00073_back.webp,80d9753751b755a4,007e7e7e7e0e3e00
C:/Users/ASUS GAMING/Documents/GitHub/Sberatele_Podtacku/images/00073_front.webp,9578c197409f5597,7e0101013f3f3f7c
C:/Users/ASUS GAMING/Documents/GitHub/Sberatele_Podtacku/images/00074_back.webp,80cb553f41b545b7,007e7e7e3e1e3e00
C:/Users/ASUS GAMING/Documents/GitHub/Sberatele_Podtacku/images/00074_front.webp,9578d4974097459f,7e8181819fbebf20
C:/Users/ASUS GAMING/Documents/GitHub/Sberatele_Podtacku/images/00075_back.webp,95c5c587683f41ce,787e7e00007f7e58
C:/Users/ASUS GAMING/Documents/GitHub/Sberatele_Podtacku/images/00075_front.webp,94d97825d7e0251f,7efefefe3e000000
C:/Users/ASUS GAMING/Documents/GitHub/Sberatele_Podtacku/images/00076_back.webp,95c84ea23a676d1e,181e1e3f1f7e2e08
C:/Users/ASUS GAMING/Documents/GitHub/Sberatele_Podtacku/images/00076_front.webp,91d94e666e393994,183e5e5e7e462e18
C:/Users/ASUS GAMING/Documents/GitHub/Sberatele_Podtacku/images/00077_back.webp,91b44eca2b613d6d,003e7e7e7e7c3c00
C:/Users/ASUS GAMING/Documents/GitHub/Sberatele_Podtacku/images/00077_front.webp,91ce4e334a4c3f39,187e7e7f6f660200
C:/Users/ASUS GAMING/Documents/GitHub/Sberatele_Podtacku/images/00078_back.webp,91c74e386ac76d98,003e7e6e4f7e3e00
C:/Users/ASUS GAMING/Documents/GitHub/Sberatele_Podtacku/images/00078_front.webp,954b4bb46a3b2de0,003c7e7e7e7e3c00
C:/Users/ASUS GAMING/Documents/GitHub/Sberatele_Podtacku/images/00079_back.webp,91c34e3c6bc73c98,003c7e6e4f5e7e08
C:/Users/ASUS GAMING/Documents/GitHub/Sberatele_Podtacku/images/00079_front.webp,954b4eb46a1b2de4,003c7e7e7e7e3c00
C:/Users/ASUS GAMING/Documents/GitHub/Sberatele_Podtacku/images/00080_back.webp,8599527c4af3393c,183e7e7f3f262600
C:/Users/ASUS GAMING/Documents/GitHub/Sberatele_Podtacku/images/00080_front.webp,c4911f4e4b8f3b62,182e7effff321000
C:/Users/ASUS GAMING/Documents/GitHub/Sberatele_Podtacku/images/00081_back.webp,95705a936b8f298e,18027e7e7e7e3c08
C:/Users/ASUS GAMING/Documents/GitHub/Sberatele_Podtacku/images/00081_front.webp,91904aca2f3d6d6e,083c3e1f7f7e3c00
C:/Users/ASUS GAMING/Documents/GitHub/Sberatele_Podtacku/images/00082_back.webp,95c353642a9d6d63,187e6e1f017e3e18
C:/Users/ASUS GAMING/Documents/GitHub/Sberatele_Podtacku/images/00082_front.webp,99995a9e6ac66992,183e5e1f3f3e3c00
C:/Users/ASUS GAMING/Documents/GitHub/Sberatele_Podtacku/images/00083_back.webp,806bd5d51d3e49c9,426700007f7f7f66
C:/Users/ASUS GAMING/Documents/GitHub/Sberatele_Podtacku/images/00083_front.webp,957f5585c085c4dd,000000777f7f7f5e
C:/Users/ASUS GAMING/Documents/GitHub/Sberatele_Podtacku/images/00084_back.webp,955551cf54c754ca,003e7e3e3e7e3e00
C:/Users/ASUS GAMING/Documents/GitHub/Sberatele_Podtacku/images/00084_front.webp,95e7463d439618c7,00667e7e7f0e7e00
C:/Users/ASUS GAMING/Documents/GitHub/Sberatele_Podtacku/images/00085_back.webp,c0d85d475d951d63,7cfcffff60602000
C:/Users/ASUS GAMING/Documents/GitHub/Sberatele_Podtacku/images/00085_front.webp,90d9454715c75d7c,7effffff00202000
C:/Users/ASUS GAMING/Documents/GitHub/Sberatele_Podtacku/images/00086_back.webp,8597505a59377599,007f27273f676702
C:/Users/ASUS GAMING/Documents/GitHub/Sberatele_Podtacku/images/00086_front.webp,95d56d2f548741ac,003e7efe7f7e0200
C:/Users/ASUS GAMING/Documents/GitHub/Sberatele_Podtacku/images/00087_back.webp,95b16a576a1e7468,007e7e7e5e7e1c00
C:/Users/ASUS GAMING/Documents/GitHub/Sberatele_Podtacku/images/00087_front.webp,87a578785a626d99,003f3f7e3e367600
C:/Users/ASUS GAMING/Documents/GitHub/Sberatele_Podtacku/images/00088_back.webp,8447c5b95cf661c9,7e7e660000437f7e
C:/Users/ASUS GAMING/Documents/GitHub/Sberatele_Podtacku/images/00088_front.webp,954ec5395ce661c9,7e7e660000467f7e
C:/Users/ASUS GAMING/Documents/GitHub/Sberatele_Podtacku/images/00089_back.webp,c59d61d65993443d,6a7b727e10f6e240
C:/Users/ASUS GAMING/Documents/GitHub/Sberatele_Podtacku/images/00089_front.webp,94f087a353c34fb4,66c7c2f8ce180f1e
C:/Users/ASUS GAMING/Documents/GitHub/Sberatele_Podtacku/images/00090_back.webp,95d5748c41fa54e3,003e3e7e3e3e3f00
C:/Users/ASUS GAMING/Documents/GitHub/Sberatele_Podtacku/images/00090_front.webp,90d7656dd092656d,0e1f1e7e1e3f0f00
C:/Users/ASUS GAMING/Documents/GitHub/Sberatele_Podtacku/images/00091_back.webp,d59751c755c1542d,3e7e067e7e7e0800
C:/Users/ASUS GAMING/Documents/GitHub/Sberatele_Podtacku/images/00091_front.webp,955b3599540d5367,1c1f007e7f1f0f06
C:/Users/ASUS GAMING/Documents/GitHub/Sberatele_Podtacku/images/00092_back.webp,c04b15b5156b45f7,007878787e7e7c0e
C:/Users/ASUS GAMING/Documents/GitHub/Sberatele_Podtacku/images/00092_front.webp,91936c2d6d5b14b6,407e5e3e3e1e3e40
C:/Users/ASUS GAMING/Documents/GitHub/Sberatele_Podtacku/images/00093_back.webp,c14b15b5156f45b6,007848787e7e7c6e
C:/Users/ASUS GAMING/Documents/GitHub/Sberatele_Podtacku/images/00093_front.webp,91b26cbd6d4a1476,40fe7e3e4e0e3e40
C:/Users/ASUS GAMING/Documents/GitHub/Sberatele_Podtacku/images/00094_back.webp,c14b15b5156b55b6,007878787e7e7c0e
C:/Users/ASUS GAMING/Documents/GitHub/Sberatele_Podtacku/images/00094_front.webp,91996a64655b52f6,407f7e2e7e1e1e00
C:/Users/ASUS GAMING/Documents/GitHub/Sberatele_Podtacku/images/00095_back.webp,c84a14b595cb4dbd,6660587879797e46
C:/Users/ASUS GAMING/Documents/GitHub/Sberatele_Podtacku/images/00095_front.webp,95956a2d656694f2,50ee7e2e2e3e3e00
C:/Users/ASUS GAMING/Documents/GitHub/Sberatele_Podtacku/images/00096_back.webp,c94b55b5156b4596,0a7878783f1f1c2e
C:/Users/ASUS GAMING/Documents/GitHub/Sberatele_Podtacku/images/00096_front.webp,91916d6e5496559b,4e6e5e2e1e1e3f00
C:/Users/ASUS GAMING/Documents/GitHub/Sberatele_Podtacku/images/00097_back.webp,c14b15b5356b45b5,227878787e7e7c04
C:/Users/ASUS GAMING/Documents/GitHub/Sberatele_Podtacku/images/00097_front.webp,94f1699b6c265695,4e6e5e3e1e1e1f00
C:/Users/ASUS GAMING/Documents/GitHub/Sberatele_Podtacku/images/00098_back.webp,c84b15b5156b55b5,007838787f7e7c0e
C:/Users/ASUS GAMING/Documents/GitHub/Sberatele_Podtacku/images/00098_front.webp,9591686d656a56b6,4e7e1e1e1e1e3f00
C:/Users/ASUS GAMING/Documents/GitHub/Sberatele_Podtacku/images/00099_back.webp,c94b15b5956b45b4,2e7878787e7f4006
C:/Users/ASUS GAMING/Documents/GitHub/Sberatele_Podtacku/images/00099_front.webp,949149ed459656eb,467e7e2e1e163f00
C:/Users/ASUS GAMING/Documents/GitHub/Sberatele_Podtacku/images/00100_back.webp,91994a661ada6db3,184a7e7f6f760418
C:/Users/ASUS GAMING/Documents/GitHub/Sberatele_Podtacku/images/00100_front.webp,9591466e3a91695f,187e7eff01407e18
C:/Users/ASUS GAMING/Documents/GitHub/Sberatele_Podtacku/images/00101_back.webp,8152417755df554b,00267e7e7e3e7e00
C:/Users/ASUS GAMING/Documents/GitHub/Sberatele_Podtacku/images/00101_front.webp,988565d36475d4d9,0e1f3f3d3d3d0902
C:/Users/ASUS GAMING/Documents/GitHub/Sberatele_Podtacku/images/00102_back.webp,95695a2d6ab529b4,003c7e7e3e3e3e08
C:/Users/ASUS GAMING/Documents/GitHub/Sberatele_Podtacku/images/00102_front.webp,94b54b694b32693b,003e7e5e7e7e0618
C:/Users/ASUS GAMING/Documents/GitHub/Sberatele_Podtacku/images/00103_back.webp,d0ca5157c1b535ad,7cfc1575750c1e30
C:/Users/ASUS GAMING/Documents/GitHub/Sberatele_Podtacku/images/00103_front.webp,d0ca51b3c1b535ad,7cfc177f360e0e00
C:/Users/ASUS GAMING/Documents/GitHub/Sberatele_Podtacku/images/00104_back.webp,956c5a2d6ac56947,003c3e7e7e3e3e08
C:/Users/ASUS GAMING/Documents/GitHub/Sberatele_Podtacku/images/00104_front.webp,914e5e196ae56917,101e3e7f3f3e2e00
C:/Users/ASUS GAMING/Documents/GitHub/Sberatele_Podtacku/images/00105_back.webp,955551aa545f5517,003e7e3e7e3e3e00
C:/Users/ASUS GAMING/Documents/GitHub/Sberatele_Podtacku/images/00105_front.webp,85ce7c71c56c5692,460f3e7a7e62025e
C:/Users/ASUS GAMING/Documents/GitHub/Sberatele_Podtacku/images/00106_back.webp,91a44b576553744f,003f3e7e3e3c3c18
C:/Users/ASUS GAMING/Documents/GitHub/Sberatele_Podtacku/images/00106_front.webp,95a17a5741d36d1c,187f5e7e5e3c1c00
C:/Users/ASUS GAMING/Documents/GitHub/Sberatele_Podtacku/images/00107_back.webp,95c452de2b316b6a,083e3e3f3f3e1e00
C:/Users/ASUS GAMING/Documents/GitHub/Sberatele_Podtacku/images/00107_front.webp,94d953223a99cece,081e3e7f7f3e0e00
C:/Users/ASUS GAMING/Documents/GitHub/Sberatele_Podtacku/images/00108_back.webp,94785ac34b656937,183e007f6f7e6618
C:/Users/ASUS GAMING/Documents/GitHub/Sberatele_Podtacku/images/00108_front.webp,94b25bcd4e193aa6,186e66e7f7425e08
C:/Users/ASUS GAMING/Documents/GitHub/Sberatele_Podtacku/images/00109_back.webp,c4f716c64eb44aca,3026e6f679353e18
C:/Users/ASUS GAMING/Documents/GitHub/Sberatele_Podtacku/images/00109_front.webp,9146443d46f16f7c,1c7c41e7870f4e3c
C:/Users/ASUS GAMING/Documents/GitHub/Sberatele_Podtacku/images/00110_back.webp,95465aa46b956d1e,003c7e67677e3e08
C:/Users/ASUS GAMING/Documents/GitHub/Sberatele_Podtacku/images/00110_front.webp,94624bbc3b1b68e3,18766487c75e7e18
C:/Users/ASUS GAMING/Documents/GitHub/Sberatele_Podtacku/images/00111_back.webp,95695a2d6a2d293d,003c7e7e7e7e3c00
C:/Users/ASUS GAMING/Documents/GitHub/Sberatele_Podtacku/images/00111_front.webp,95d352984a77699a,083e3e3f3f1e3e00
C:/Users/ASUS GAMING/Documents/GitHub/Sberatele_Podtacku/images/00112_back.webp,95e45b464a6d6999,181e6e3f3e2e1e18
C:/Users/ASUS GAMING/Documents/GitHub/Sberatele_Podtacku/images/00112_front.webp,95a153924a6f699b,183e0e3f3f0e3e18
C:/Users/ASUS GAMING/Documents/GitHub/Sberatele_Podtacku/images/00113_back.webp,91ce5eb16a2c6ac3,183e3e3e6f3e1e00
C:/Users/ASUS GAMING/Documents/GitHub/Sberatele_Podtacku/images/00113_front.webp,95724e8d2b5a3b85,003e3e7e7f1e3e00
C:/Users/ASUS GAMING/Documents/GitHub/Sberatele_Podtacku/images/00114_back.webp,94785ac74be56836,183e047f677e6618
C:/Users/ASUS GAMING/Documents/GitHub/Sberatele_Podtacku/images/00114_front.webp,85ce53314ece3d19,182e3e3f7f0e3e00
C:/Users/ASUS GAMING/Documents/GitHub/Sberatele_Podtacku/images/00115_back.webp,951c5ac74be16936,183e007f677e6e18
C:/Users/ASUS GAMING/Documents/GitHub/Sberatele_Podtacku/images/00115_front.webp,95c74e9d6372682c,003e3e7e7e7e1e00
C:/Users/ASUS GAMING/Documents/GitHub/Sberatele_Podtacku/images/00116_back.webp,94785ac74b616937,183e007f6f7e2e18
C:/Users/ASUS GAMING/Documents/GitHub/Sberatele_Podtacku/images/00116_front.webp,91cb5e342fc27839,003c7e7e6e7e3e00
C:/Users/ASUS GAMING/Documents/GitHub/Sberatele_Podtacku/images/00117_back.webp,944d4b362fc3791c,107e1e7f07467e18
C:/Users/ASUS GAMING/Documents/GitHub/Sberatele_Podtacku/images/00117_front.webp,95665a093be13e1d,187e666762667e18
C:/Users/ASUS GAMING/Documents/GitHub/Sberatele_Podtacku/images/00118_back.webp,91644e9b6ace299b,003e6e6e6e6e3e18
C:/Users/ASUS GAMING/Documents/GitHub/Sberatele_Podtacku/images/00118_front.webp,85725ec84b67391b,187e46776b463e18
C:/Users/ASUS GAMING/Documents/GitHub/Sberatele_Podtacku/images/00119_back.webp,91e14a872b8e7d78,187e7e1e1e3e3c08
C:/Users/ASUS GAMING/Documents/GitHub/Sberatele_Podtacku/images/00119_front.webp,976e51a94ac78e89,184a3c277f7e2e18
C:/Users/ASUS GAMING/Documents/GitHub/Sberatele_Podtacku/images/00120_back.webp,91395e366ad16972,003c7e7e4e7e3e08
C:/Users/ASUS GAMING/Documents/GitHub/Sberatele_Podtacku/images/00120_front.webp,85625ac94b67399b,187e46676b627e18
C:/Users/ASUS GAMING/Documents/GitHub/Sberatele_Podtacku/images/00121_back.webp,949b56671a997919,183e5e3f1d727218
C:/Users/ASUS GAMING/Documents/GitHub/Sberatele_Podtacku/images/00121_front.webp,c0c04b0f2f3f3db8,307cfebe3c3c1c08
C:/Users/ASUS GAMING/Documents/GitHub/Sberatele_Podtacku/images/00122_back.webp,843a56396acdae6c,084e7efd017e7e10
C:/Users/ASUS GAMING/Documents/GitHub/Sberatele_Podtacku/images/00122_front.webp,9039463b6acd6e63,084e7edf817e7a10
C:/Users/ASUS GAMING/Documents/GitHub/Sberatele_Podtacku/images/00123_back.webp,955545e7543f41c3,307e780e7e3e7e00
C:/Users/ASUS GAMING/Documents/GitHub/Sberatele_Podtacku/images/00123_front.webp,95d97805d7c1251f,7edefffe3e000000
C:/Users/ASUS GAMING/Documents/GitHub/Sberatele_Podtacku/images/00124_back.webp,9467536d0ba64e69,18463ebdbd1e6618
C:/Users/ASUS GAMING/Documents/GitHub/Sberatele_Podtacku/images/00124_front.webp,966145275b3c1bd6,18763c1c3d1c7e3c
C:/Users/ASUS GAMING/Documents/GitHub/Sberatele_Podtacku/images/00125_back.webp,946b406d0fa65e6d,3c429dbdb999423c
C:/Users/ASUS GAMING/Documents/GitHub/Sberatele_Podtacku/images/00125_front.webp,9261456f4b3e1bc6,187e3c18bd1c7e1c
C:/Users/ASUS GAMING/Documents/GitHub/Sberatele_Podtacku/images/00126_back.webp,856b4be43a923997,00604affc7477e3c
C:/Users/ASUS GAMING/Documents/GitHub/Sberatele_Podtacku/images/00126_front.webp,91e64e196b342fc6,187e66e7c3067e18
C:/Users/ASUS GAMING/Documents/GitHub/Sberatele_Podtacku/images/00127_back.webp,959a5e356a3a2a99,081e3e7e7e3e1e10
C:/Users/ASUS GAMING/Documents/GitHub/Sberatele_Podtacku/images/00127_front.webp,92925e3d6b3439b2,1c3c7e065e3e3e18
C:/Users/ASUS GAMING/Documents/GitHub/Sberatele_Podtacku/images/00128_back.webp,91b65a794a986d72,003e5e7f7e1e1c18
C:/Users/ASUS GAMING/Documents/GitHub/Sberatele_Podtacku/images/00128_front.webp,85c75b1c6a633bb0,003e7e7e7f3e1c00
C:/Users/ASUS GAMING/Documents/GitHub/Sberatele_Podtacku/images/00129_back.webp,95b15a6a2fc67981,1c7e6f0703077e1c
C:/Users/ASUS GAMING/Documents/GitHub/Sberatele_Podtacku/images/00129_front.webp,d4ca25659e969879,18607cfefc7e4218
C:/Users/ASUS GAMING/Documents/GitHub/Sberatele_Podtacku/images/00130_back.webp,95d775527588552a,00be7e1e1e7e1f02
C:/Users/ASUS GAMING/Documents/GitHub/Sberatele_Podtacku/images/00130_front.webp,d17be0644587473b,40c83c3c183e7f7e
C:/Users/ASUS GAMING/Documents/GitHub/Sberatele_Podtacku/images/00131_back.webp,94d671ad5525719a,003e3f3e3f3e1f00
C:/Users/ASUS GAMING/Documents/GitHub/Sberatele_Podtacku/images/00131_front.webp,91d3743cd6c37189,003e7e7e3e181e3c
C:/Users/ASUS GAMING/Documents/GitHub/Sberatele_Podtacku/images/00132_back.webp,b5b24da554495d4b,070f0f0f07677f06
C:/Users/ASUS GAMING/Documents/GitHub/Sberatele_Podtacku/images/00132_front.webp,e1e778b01d3c198e,e0f2f2e2e3c7c700
C:/Users/ASUS GAMING/Documents/GitHub/Sberatele_Podtacku/images/00133_back.webp,917d4fb41b803f34,061e0e7e5e7e7e00
C:/Users/ASUS GAMING/Documents/GitHub/Sberatele_Podtacku/images/00133_front.webp,d05b415b1b3e531b,287a7c243c743c7e
C:/Users/ASUS GAMING/Documents/GitHub/Sberatele_Podtacku/images/00134_back.webp,80a055e5555f555f,0e371f7f0c6f3c00
C:/Users/ASUS GAMING/Documents/GitHub/Sberatele_Podtacku/images/00134_front.webp,81c67e99859fd0e8,7e18787e7a5c085a
C:/Users/ASUS GAMING/Documents/GitHub/Sberatele_Podtacku/images/00135_back.webp,90cd95366d961d69,7e7e7c7e00046746
C:/Users/ASUS GAMING/Documents/GitHub/Sberatele_Podtacku/images/00135_front.webp,9559513d54b351c7,0e0e6e66763a471e
C:/Users/ASUS GAMING/Documents/GitHub/Sberatele_Podtacku/images/00136_back.webp,95725147456e5573,007e4e3e3e7e3e02
C:/Users/ASUS GAMING/Documents/GitHub/Sberatele_Podtacku/images/00136_front.webp,91b446937c4937cd,207f0f8ebf6e7800
C:/Users/ASUS GAMING/Documents/GitHub/Sberatele_Podtacku/images/00137_back.webp,d0f7494934963f68,007c7e4e7e7a7e00
C:/Users/ASUS GAMING/Documents/GitHub/Sberatele_Podtacku/images/00137_front.webp,91a6753a56c55479,1c067e7e3e3f0e08
C:/Users/ASUS GAMING/Documents/GitHub/Sberatele_Podtacku/images/00138_back.webp,955650d75587518f,007e7e3e3e3e3e00
C:/Users/ASUS GAMING/Documents/GitHub/Sberatele_Podtacku/images/00138_front.webp,954fc095675a782d,407f0925abcf7f40
C:/Users/ASUS GAMING/Documents/GitHub/Sberatele_Podtacku/images/00139_back.webp,95c25a3f4be0383e,187e7eff890e0618
C:/Users/ASUS GAMING/Documents/GitHub/Sberatele_Podtacku/images/00139_front.webp,959353cd4a2d29c7,183e7e1f3f5a2e00
C:/Users/ASUS GAMING/Documents/GitHub/Sberatele_Podtacku/images/00140_back.webp,844c5bb31bc56d96,183e723727667e18
C:/Users/ASUS GAMING/Documents/GitHub/Sberatele_Podtacku/images/00140_front.webp,844c5b333bd36b8c,081a7afb5b3e1e18
C:/Users/ASUS GAMING/Documents/GitHub/Sberatele_Podtacku/images/00141_back.webp,943301cfcf693a9a,3c468cbdbc3c5a38
C:/Users/ASUS GAMING/Documents/GitHub/Sberatele_Podtacku/images/00141_front.webp,91ce17874a681f7c,386e18ddfd3e4218
C:/Users/ASUS GAMING/Documents/GitHub/Sberatele_Podtacku/images/00142_back.webp,95635e5f5a296984,187e5a435f467e18
C:/Users/ASUS GAMING/Documents/GitHub/Sberatele_Podtacku/images/00142_front.webp,95c8501eca6dcbc7,3c4218ffff18423c
C:/Users/ASUS GAMING/Documents/GitHub/Sberatele_Podtacku/images/00143_back.webp,95e3469a4b2d39c6,183e4ac3df467e18
C:/Users/ASUS GAMING/Documents/GitHub/Sberatele_Podtacku/images/00143_front.webp,87c3502e0f9d8f66,3c423cbdb53d423c
C:/Users/ASUS GAMING/Documents/GitHub/Sberatele_Podtacku/images/00144_back.webp,95e2560f6b2d2d8c,187e5ac3db463e18
C:/Users/ASUS GAMING/Documents/GitHub/Sberatele_Podtacku/images/00144_front.webp,976c51844ad34f3d,18423cbdbf3c4e1c
C:/Users/ASUS GAMING/Documents/GitHub/Sberatele_Podtacku/images/00145_back.webp,95755dce75285027,043c467e7e3d3f02
C:/Users/ASUS GAMING/Documents/GitHub/Sberatele_Podtacku/images/00145_front.webp,907c55c6516b599d,04061a667f3f7f0a
C:/Users/ASUS GAMING/Documents/GitHub/Sberatele_Podtacku/images/00146_back.webp,81007f027d773e6b,007e1e7e7e7e6600
C:/Users/ASUS GAMING/Documents/GitHub/Sberatele_Podtacku/images/00146_front.webp,91b26c3dd6c65961,3e197d7e7e190112
C:/Users/ASUS GAMING/Documents/GitHub/Sberatele_Podtacku/images/00147_back.webp,95555555559b558a,003e3e3e3e3e3f02
C:/Users/ASUS GAMING/Documents/GitHub/Sberatele_Podtacku/images/00147_front.webp,f1930ccc16e553b5,7ecf0fe6e8e8c200
C:/Users/ASUS GAMING/Documents/GitHub/Sberatele_Podtacku/images/00148_back.webp,95b590974b6265ce,7e7e1e043c0e3e1c
C:/Users/ASUS GAMING/Documents/GitHub/Sberatele_Podtacku/images/00148_front.webp,85763c89d4b245cf,0c0e3e3e7e3e1f02
C:/Users/ASUS GAMING/Documents/GitHub/Sberatele_Podtacku/images/00149_back.webp,956a556f10d555c9,00067f7f1e1e7f02
C:/Users/ASUS GAMING/Documents/GitHub/Sberatele_Podtacku/images/00149_front.webp,a4c3d37c1dc650e3,606f7f130103e73e
C:/Users/ASUS GAMING/Documents/GitHub/Sberatele_Podtacku/images/00150_back.webp,95130acdef023c6f,081e1efefefe1400
C:/Users/ASUS GAMING/Documents/GitHub/Sberatele_Podtacku/images/00150_front.webp,951b0accef023c6f,081c1efefefe1c00
C:/Users/ASUS GAMING/Documents/GitHub/Sberatele_Podtacku/images/00151_back.webp,95f411d3742f5507,067e7e26767e1e00
C:/Users/ASUS GAMING/Documents/GitHub/Sberatele_Podtacku/images/00151_front.webp,91d744f9571e4196,7efe7e0e0f0c1910
C:/Users/ASUS GAMING/Documents/GitHub/Sberatele_Podtacku/images/00152_back.webp,85725e8c6a73798c,003c7e63577e3e18
C:/Users/ASUS GAMING/Documents/GitHub/Sberatele_Podtacku/images/00152_front.webp,d09d0f5a7e648c39,187e7efe7c7c4000
C:/Users/ASUS GAMING/Documents/GitHub/Sberatele_Podtacku/images/00153_back.webp,957d509f403e54a7,003e6e467e7e3e42
C:/Users/ASUS GAMING/Documents/GitHub/Sberatele_Podtacku/images/00153_front.webp,957d5c97418e5439,027602746e7e7e6a
C:/Users/ASUS GAMING/Documents/GitHub/Sberatele_Podtacku/images/00154_back.webp,95555d8e54965437,3c3c667e467f3c00
C:/Users/ASUS GAMING/Documents/GitHub/Sberatele_Podtacku/images/00154_front.webp,97775cc6d19b4068,3024426e67773c7e
C:/Users/ASUS GAMING/Documents/GitHub/Sberatele_Podtacku/images/00155_back.webp,957d7c0e61395427,001c7e7e7e3e3c42
C:/Users/ASUS GAMING/Documents/GitHub/Sberatele_Podtacku/images/00155_front.webp,857d55a7411b543d,00161a7e7e3e3e5a
C:/Users/ASUS GAMING/Documents/GitHub/Sberatele_Podtacku/images/00156_back.webp,91995e666e62389e,083e1e7e7f063e18
C:/Users/ASUS GAMING/Documents/GitHub/Sberatele_Podtacku/images/00156_front.webp,84665b997b8d6a61,1836663f097e7e18
C:/Users/ASUS GAMING/Documents/GitHub/Sberatele_Podtacku/images/00157_back.webp,99384e663970ed99,081c5e5e7e7e3c18
C:/Users/ASUS GAMING/Documents/GitHub/Sberatele_Podtacku/images/00157_front.webp,95354a9769c9a53a,003c7e7e7e7e3c00
C:/Users/ASUS GAMING/Documents/GitHub/Sberatele_Podtacku/images/00158_back.webp,99394e322b61ecd3,003c5a5bdbdf3c18
C:/Users/ASUS GAMING/Documents/GitHub/Sberatele_Podtacku/images/00158_front.webp,91475aa46ddcad86,183c7e3c1e7e3c18
C:/Users/ASUS GAMING/Documents/GitHub/Sberatele_Podtacku/images/00159_back.webp,95c64ab36e643999,183c1e7e7e3e1c18
C:/Users/ASUS GAMING/Documents/GitHub/Sberatele_Podtacku/images/00159_front.webp,91195a316df2b5c6,00187e7e7e7e3c18
C:/Users/ASUS GAMING/Documents/GitHub/Sberatele_Podtacku/images/00160_back.webp,95664ab16996a557,081c3e3e7e7e3c18
C:/Users/ASUS GAMING/Documents/GitHub/Sberatele_Podtacku/images/00160_front.webp,95307a9968cba66e,081c7e7e7e7e3c00
C:/Users/ASUS GAMING/Documents/GitHub/Sberatele_Podtacku/images/00161_back.webp,95605ab76a922df2,003c7e3e3e7e3c18
C:/Users/ASUS GAMING/Documents/GitHub/Sberatele_Podtacku/images/00161_front.webp,84601fbd7a9178e6,0038767a7f7e3e08
C:/Users/ASUS GAMING/Documents/GitHub/Sberatele_Podtacku/images/00162_back.webp,956a5aa77a8568a5,003c3e3e3e7e3e18
C:/Users/ASUS GAMING/Documents/GitHub/Sberatele_Podtacku/images/00162_front.webp,844e1f693a9f7864,1c3a73737373320c
C:/Users/ASUS GAMING/Documents/GitHub/Sberatele_Podtacku/images/00163_back.webp,95685ae56b846937,003c3e7e7e7e3c08
C:/Users/ASUS GAMING/Documents/GitHub/Sberatele_Podtacku/images/00163_front.webp,846e1f2d3a9f7824,183a707b737e3a0c
C:/Users/ASUS GAMING/Documents/GitHub/Sberatele_Podtacku/images/00164_back.webp,94577d625568d469,003e7e7e7e7e5200
C:/Users/ASUS GAMING/Documents/GitHub/Sberatele_Podtacku/images/00164_front.webp,fe55d14ec078d066,fe819991819981ff
C:/Users/ASUS GAMING/Documents/GitHub/Sberatele_Podtacku/images/00165_back.webp,95557d445578d598,007e7e7e7e7e5000
C:/Users/ASUS GAMING/Documents/GitHub/Sberatele_Podtacku/images/00165_front.webp,b164c4da69657999,607e03038b0d7f7e
C:/Users/ASUS GAMING/Documents/GitHub/Sberatele_Podtacku/images/00166_back.webp,915575505568d57d,003e3e7e7e7e5600
C:/Users/ASUS GAMING/Documents/GitHub/Sberatele_Podtacku/images/00166_front.webp,9135c4da79675c19,7c7e02020a4e7f7e
C:/Users/ASUS GAMING/Documents/GitHub/Sberatele_Podtacku/images/00167_back.webp,d59be03dc0b5c097,7e9c3e3c3c1c1278
C:/Users/ASUS GAMING/Documents/GitHub/Sberatele_Podtacku/images/00167_front.webp,9f0ec127d49dc195,7e003c3c3c80bf7e
C:/Users/ASUS GAMING/Documents/GitHub/Sberatele_Podtacku/images/00168_back.webp,9595424a6b3d3fc4,187e7f83bb0e5a10
C:/Users/ASUS GAMING/Documents/GitHub/Sberatele_Podtacku/images/00168_front.webp,91f15486ca796b87,1c426cffff064618
C:/Users/ASUS GAMING/Documents/GitHub/Sberatele_Podtacku/images/00169_back.webp,95685aa56ab46d87,003c3e3e3e7e3e18
C:/Users/ASUS GAMING/Documents/GitHub/Sberatele_Podtacku/images/00169_front.webp,95335b8c2e6c6c33,002e6667777e3e18
C:/Users/ASUS GAMING/Documents/GitHub/Sberatele_Podtacku/images/00170_back.webp,bcd9d5d3112f4468,1edf8191d513931e
C:/Users/ASUS GAMING/Documents/GitHub/Sberatele_Podtacku/images/00170_front.webp,994bc5b6c47991b1,7e4949c1c1cb497e
C:/Users/ASUS GAMING/Documents/GitHub/Sberatele_Podtacku/images/00171_back.webp,956a5ead6aa528c5,003c3e3e7e7e3e08
C:/Users/ASUS GAMING/Documents/GitHub/Sberatele_Podtacku/images/00171_front.webp,953f5a700a85697b,001c7e7e087e7e3c
C:/Users/ASUS GAMING/Documents/GitHub/Sberatele_Podtacku/images/00172_back.webp,95605a976ac069bf,003c7e7e3e7e3c08
C:/Users/ASUS GAMING/Documents/GitHub/Sberatele_Podtacku/images/00172_front.webp,84b6466b3a71399e,10367e3f3d383e18
C:/Users/ASUS GAMING/Documents/GitHub/Sberatele_Podtacku/images/00173_back.webp,85495bea7a3718e4,187a7e25673e6618
C:/Users/ASUS GAMING/Documents/GitHub/Sberatele_Podtacku/images/00173_front.webp,95e05a872b3f6878,087e7e1e3e7e3c00
C:/Users/ASUS GAMING/Documents/GitHub/Sberatele_Podtacku/images/00174_back.webp,95336a8c6869a377,0000ffffffff0000
C:/Users/ASUS GAMING/Documents/GitHub/Sberatele_Podtacku/images/00174_front.webp,909a67650e9b939e,0000ffffffff0000
C:/Users/ASUS GAMING/Documents/GitHub/Sberatele_Podtacku/images/00175_back.webp,9133461e3e713fc1,003c7e1ebe3e7c18
C:/Users/ASUS GAMING/Documents/GitHub/Sberatele_Podtacku/images/00175_front.webp,c496136b6b647cd1,183c7e7efc387810
C:/Users/ASUS GAMING/Documents/GitHub/Sberatele_Podtacku/images/00176_back.webp,96b23a4d69b3658c,083c7e7e7e3e3c00
C:/Users/ASUS GAMING/Documents/GitHub/Sberatele_Podtacku/images/00176_front.webp,96e37b4c6cb3218c,083c7e7e7e3e3c00
C:/Users/ASUS GAMING/Documents/GitHub/Sberatele_Podtacku/images/00177_back.webp,95c65e394ac66b62,18067e7f5f1e0e18
C:/Users/ASUS GAMING/Documents/GitHub/Sberatele_Podtacku/images/00177_front.webp,917b46c41ab369ce,187e021f3f4e7e18
C:/Users/ASUS GAMING/Documents/GitHub/Sberatele_Podtacku/images/00178_back.webp,956c5a836b8d2d33,00347e7e6e7e3e08
C:/Users/ASUS GAMING/Documents/GitHub/Sberatele_Podtacku/images/00178_front.webp,91684e971a7a6d87,003c7e7e7e3e3e00
C:/Users/ASUS GAMING/Documents/GitHub/Sberatele_Podtacku/images/00179_back.webp,94725b956a9269ce,003c7e66767e3e18
C:/Users/ASUS GAMING/Documents/GitHub/Sberatele_Podtacku/images/00179_front.webp,95635a314ec368bd,003c7e7e7e3e3e00
C:/Users/ASUS GAMING/Documents/GitHub/Sberatele_Podtacku/images/00180_back.webp,95695a856a8d6d6c,003c7e7e7e7e3c00
C:/Users/ASUS GAMING/Documents/GitHub/Sberatele_Podtacku/images/00180_front.webp,94674bad1a4d5995,18247e725e7e3e18
C:/Users/ASUS GAMING/Documents/GitHub/Sberatele_Podtacku/images/00181_back.webp,956f50644bc34b6e,3c460bbfbd0b461c
C:/Users/ASUS GAMING/Documents/GitHub/Sberatele_Podtacku/images/00181_front.webp,c093176c1ea53b7c,187c7effd0785018
C:/Users/ASUS GAMING/Documents/GitHub/Sberatele_Podtacku/images/00182_back.webp,c493074c0ee37b7c,187e7effd0707010
C:/Users/ASUS GAMING/Documents/GitHub/Sberatele_Podtacku/images/00182_front.webp,d495019e9fd85a78,3c66c0bfbd9c4238
C:/Users/ASUS GAMING/Documents/GitHub/Sberatele_Podtacku/images/00183_back.webp,9073416c4eb64f9b,184e0e9f1f1e4e3c
C:/Users/ASUS GAMING/Documents/GitHub/Sberatele_Podtacku/images/00183_front.webp,d8c841670f9e1f39,3c4299bd99af423c
C:/Users/ASUS GAMING/Documents/GitHub/Sberatele_Podtacku/images/00184_back.webp,946353ad6a1f2d94,187e76015f6e3e18
C:/Users/ASUS GAMING/Documents/GitHub/Sberatele_Podtacku/images/00184_front.webp,95c05e6f3a3468c7,187e7eef3f020618
C:/Users/ASUS GAMING/Documents/GitHub/Sberatele_Podtacku/images/00185_back.webp,90722fa52c96d379,00386e7e5f7e7e00
C:/Users/ASUS GAMING/Documents/GitHub/Sberatele_Podtacku/images/00185_front.webp,90722fa53c96d179,001c6e7e5f7e7e00
C:/Users/ASUS GAMING/Documents/GitHub/Sberatele_Podtacku/images/00186_back.webp,83e07c96c7393cd8,00771f3f7e7e0e00
C:/Users/ASUS GAMING/Documents/GitHub/Sberatele_Podtacku/images/00186_front.webp,83e93c92c33d6cd8,007f1f7e7e7e0600
C:/Users/ASUS GAMING/Documents/GitHub/Sberatele_Podtacku/images/00187_back.webp,b4c1553ec136455f,7e3f27670103836e
C:/Users/ASUS GAMING/Documents/GitHub/Sberatele_Podtacku/images/00187_front.webp,bc9cc1e7c14e41cd,7e8f999393838362
C:/Users/ASUS GAMING/Documents/GitHub/Sberatele_Podtacku/images/00188_back.webp,946a62ca6bcf6a8c,007c7c3e3e3e7e04
C:/Users/ASUS GAMING/Documents/GitHub/Sberatele_Podtacku/images/00188_front.webp,91ce64e17932e64d,583c3c3c7c7e3e02
C:/Users/ASUS GAMING/Documents/GitHub/Sberatele_Podtacku/images/00189_back.webp,955955d7447351c6,007e4242767e7e3e
C:/Users/ASUS GAMING/Documents/GitHub/Sberatele_Podtacku/images/00189_front.webp,ffaaa095c0d55195,ff8380bebe9a8a80
C:/Users/ASUS GAMING/Documents/GitHub/Sberatele_Podtacku/images/00190_back.webp,94e05b994a676d9a,183e7e3e3e1e1e08
C:/Users/ASUS GAMING/Documents/GitHub/Sberatele_Podtacku/images/00190_front.webp,94e15bd34a2f2999,183e1e3f3e1e3e08
C:/Users/ASUS GAMING/Documents/GitHub/Sberatele_Podtacku/images/00191_back.webp,959d44c4c47ec56e,1e0f0f0fffff0000
C:/Users/ASUS GAMING/Documents/GitHub/Sberatele_Podtacku/images/00191_front.webp,915055c7759b54ce,067e7e02027e7f0e
C:/Users/ASUS GAMING/Documents/GitHub/Sberatele_Podtacku/images/00192_back.webp,956055575567552b,003e3e3e3e3e3e06
C:/Users/ASUS GAMING/Documents/GitHub/Sberatele_Podtacku/images/00192_front.webp,bbc0c4d153cd1cd9,feffc3000cc3df00
C:/Users/ASUS GAMING/Documents/GitHub/Sberatele_Podtacku/images/00193_back.webp,d1334a9c3fc23ac3,002466f6fe7e7c18
C:/Users/ASUS GAMING/Documents/GitHub/Sberatele_Podtacku/images/00193_front.webp,913a49615ece2dc7,186e7e84e7627e18
C:/Users/ASUS GAMING/Documents/GitHub/Sberatele_Podtacku/images/00194_back.webp,95cb5a354e966938,183c3c7e7e3e1c18
C:/Users/ASUS GAMING/Documents/GitHub/Sberatele_Podtacku/images/00194_front.webp,95d95a304e9f6938,183c3c7e7e3e1c18
C:/Users/ASUS GAMING/Documents/GitHub/Sberatele_Podtacku/images/00195_back.webp,9dc3723c4acb8b2c,003e3e3f3f7e1e00
C:/Users/ASUS GAMING/Documents/GitHub/Sberatele_Podtacku/images/00195_front.webp,994c76662e926b1d,007e7e1b1b7e7e00
C:/Users/ASUS GAMING/Documents/GitHub/Sberatele_Podtacku/images/00196_back.webp,c52f0ad27ee0694b,181c387f7c7c7c18
C:/Users/ASUS GAMING/Documents/GitHub/Sberatele_Podtacku/images/00196_front.webp,91cf566e4ab229b2,083c7e7dfb1e4608
C:/Users/ASUS GAMING/Documents/GitHub/Sberatele_Podtacku/images/00197_back.webp,85b14e9a6dde29c8,181c7e7e7e3e3c00
C:/Users/ASUS GAMING/Documents/GitHub/Sberatele_Podtacku/images/00197_front.webp,81c95f173e36a85a,18787e67777e2408
C:/Users/ASUS GAMING/Documents/GitHub/Sberatele_Podtacku/images/00198_back.webp,c4e606996e3799b4,00787ef2fa7e7a00
C:/Users/ASUS GAMING/Documents/GitHub/Sberatele_Podtacku/images/00198_front.webp,94664b796b9d3942,18767e4f045e7e18
C:/Users/ASUS GAMING/Documents/GitHub/Sberatele_Podtacku/images/00199_back.webp,bc9c5167c14a943f,7e9f9ffd07038002
C:/Users/ASUS GAMING/Documents/GitHub/Sberatele_Podtacku/images/00199_front.webp,8e46d179c466d1f1,7e093d35391d017e
C:/Users/ASUS GAMING/Documents/GitHub/Sberatele_Podtacku/images/00200_back.webp,853352727acb0f8d,0c3e3f393f323a18
C:/Users/ASUS GAMING/Documents/GitHub/Sberatele_Podtacku/images/00200_front.webp,942d4096cf783fd2,3c6642bdbf0c4e38
C:/Users/ASUS GAMING/Documents/GitHub/Sberatele_Podtacku/images/00201_back.webp,b54bd0305f8f543c,7e47430103437f7e
C:/Users/ASUS GAMING/Documents/GitHub/Sberatele_Podtacku/images/00201_front.webp,a51ac5215eced569,7e47c38181c3b17e
C:/Users/ASUS GAMING/Documents/GitHub/Sberatele_Podtacku/images/00202_back.webp,d11e47e11e1f0fc2,18421e9fe77e6618
C:/Users/ASUS GAMING/Documents/GitHub/Sberatele_Podtacku/images/00202_front.webp,95e15e9c4a93690f,002e3e7f3f3e3e00
C:/Users/ASUS GAMING/Documents/GitHub/Sberatele_Podtacku/images/00203_back.webp,956a5ea56ab56891,003c3e7e7e7e3e00
C:/Users/ASUS GAMING/Documents/GitHub/Sberatele_Podtacku/images/00203_front.webp,95de5ac16b6e2c90,003c7e7e7e7e3c00
C:/Users/ASUS GAMING/Documents/GitHub/Sberatele_Podtacku/images/00204_back.webp,950f523e6a782fe0,003e3e3f3f3e3e00
C:/Users/ASUS GAMING/Documents/GitHub/Sberatele_Podtacku/images/00204_front.webp,95e65b096ea62b19,003e3e7e7e3e3e00
C:/Users/ASUS GAMING/Documents/GitHub/Sberatele_Podtacku/images/00205_back.webp,95615aa56a976996,003c7e7e3e3e3e08
C:/Users/ASUS GAMING/Documents/GitHub/Sberatele_Podtacku/images/00205_front.webp,916e44b44f934e6e,185a0ecd837e6e3c
C:/Users/ASUS GAMING/Documents/GitHub/Sberatele_Podtacku/images/00206_back.webp,c5691e376adc6170,003c7e7e7e7e3c00
C:/Users/ASUS GAMING/Documents/GitHub/Sberatele_Podtacku/images/00206_front.webp,902b4b3e2fc19b33,003c7e7e7e7e3c00
C:/Users/ASUS GAMING/Documents/GitHub/Sberatele_Podtacku/images/00207_back.webp,a1d1996e64ce5639,686e4f4243637f26
C:/Users/ASUS GAMING/Documents/GitHub/Sberatele_Podtacku/images/00207_front.webp,957551d4d15b454b,7e06007e7e163c3e
C:/Users/ASUS GAMING/Documents/GitHub/Sberatele_Podtacku/images/00208_back.webp,94ce40614f651f77,3c7e999f8d81423c
C:/Users/ASUS GAMING/Documents/GitHub/Sberatele_Podtacku/images/00208_front.webp,91f84e3b3b94644b,187e7ec381667e18
C:/Users/ASUS GAMING/Documents/GitHub/Sberatele_Podtacku/images/00209_back.webp,d16f003c1f9739f0,08647ebcbc7e6618
C:/Users/ASUS GAMING/Documents/GitHub/Sberatele_Podtacku/images/00209_front.webp,909d57664a9f2f30,186e0eff7d206e18
C:/Users/ASUS GAMING/Documents/GitHub/Sberatele_Podtacku/images/00210_back.webp,c1cf1d315a38ad65,187a7ab5fc7a4218
C:/Users/ASUS GAMING/Documents/GitHub/Sberatele_Podtacku/images/00210_front.webp,8551543a4f8d1bb7,18767aa9a33c7638
C:/Users/ASUS GAMING/Documents/GitHub/Sberatele_Podtacku/images/00211_back.webp,95085f7d28a275c7,003c7e7f6b7e3c00
C:/Users/ASUS GAMING/Documents/GitHub/Sberatele_Podtacku/images/00211_front.webp,95775194d5cb444b,3e0e007e7e173d70
C:/Users/ASUS GAMING/Documents/GitHub/Sberatele_Podtacku/images/00212_back.webp,95665ae47a057939,003c5e7e5e7e3c18
C:/Users/ASUS GAMING/Documents/GitHub/Sberatele_Podtacku/images/00212_front.webp,84675ab85b6d0ce6,1836727a667e7618
C:/Users/ASUS GAMING/Documents/GitHub/Sberatele_Podtacku/images/00213_back.webp,94665e0d1b9939d9,0024767e7e7e3e18
C:/Users/ASUS GAMING/Documents/GitHub/Sberatele_Podtacku/images/00213_front.webp,906d4e906f9c6973,183e1e5f4f5e3e00
C:/Users/ASUS GAMING/Documents/GitHub/Sberatele_Podtacku/images/00214_back.webp,9515503b5f790b35,087e7fbdae3b0204
C:/Users/ASUS GAMING/Documents/GitHub/Sberatele_Podtacku/images/00214_front.webp,d14a453f0e6c6f2c,104e3cbdbfbe4038
C:/Users/ASUS GAMING/Documents/GitHub/Sberatele_Podtacku/images/00215_back.webp,8413127b5b7d2b71,085632facb7b5a1c
C:/Users/ASUS GAMING/Documents/GitHub/Sberatele_Podtacku/images/00215_front.webp,d15a453f0e6c6f24,104e3cbcbfbf4038
C:/Users/ASUS GAMING/Documents/GitHub/Sberatele_Podtacku/images/00216_back.webp,9510522b5f7d2ad9,087e7e36b7273620
C:/Users/ASUS GAMING/Documents/GitHub/Sberatele_Podtacku/images/00216_front.webp,915a453f0e6c6f25,104e3c3d3dbf423c
C:/Users/ASUS GAMING/Documents/GitHub/Sberatele_Podtacku/images/00217_back.webp,9519523b5b7c0e69,087e3a3f1f1f5e00
C:/Users/ASUS GAMING/Documents/GitHub/Sberatele_Podtacku/images/00217_front.webp,915a453f0e6c6f25,104e3c3d3f9f423c
C:/Users/ASUS GAMING/Documents/GitHub/Sberatele_Podtacku/images/00218_back.webp,8060555755cb55df,003e3e3e3e3e3e06
C:/Users/ASUS GAMING/Documents/GitHub/Sberatele_Podtacku/images/00218_front.webp,99616676592d7193,003e7e1a3c3e3f1c
C:/Users/ASUS GAMING/Documents/GitHub/Sberatele_Podtacku/images/00219_back.webp,94e5033f7ac4291f,187e7ef0844e7e18
C:/Users/ASUS GAMING/Documents/GitHub/Sberatele_Podtacku/images/00219_front.webp,91c4574f6a3a3a9c,187e7fffff000200
C:/Users/ASUS GAMING/Documents/GitHub/Sberatele_Podtacku/images/00220_back.webp,9535c4ce1d1b515e,0e66660a166b7d3e
C:/Users/ASUS GAMING/Documents/GitHub/Sberatele_Podtacku/images/00220_front.webp,95c165b3592c565b,027e7e3e7f3e0600
C:/Users/ASUS GAMING/Documents/GitHub/Sberatele_Podtacku/images/00221_back.webp,813f5ea16bc03e87,000000ffff7f7e1c
C:/Users/ASUS GAMING/Documents/GitHub/Sberatele_Podtacku/images/00221_front.webp,d46a43250e997cd7,00247e7efe527e18
C:/Users/ASUS GAMING/Documents/GitHub/Sberatele_Podtacku/images/00222_back.webp,95635a246b696b96,183e7e4a2e3e1e1c
C:/Users/ASUS GAMING/Documents/GitHub/Sberatele_Podtacku/images/00222_front.webp,95485a27cb266fb1,003c1e7e7e3e3e18
C:/Users/ASUS GAMING/Documents/GitHub/Sberatele_Podtacku/images/00223_back.webp,91cc4e333bd64ccc,003e7e466f6e3e18
C:/Users/ASUS GAMING/Documents/GitHub/Sberatele_Podtacku/images/00223_front.webp,94685aa66b9f2d98,003c7e7e7e7e3c00
C:/Users/ASUS GAMING/Documents/GitHub/Sberatele_Podtacku/images/00224_back.webp,84c9343f459559b7,007c7e7e3e063f06
C:/Users/ASUS GAMING/Documents/GitHub/Sberatele_Podtacku/images/00224_front.webp,bf79c097509e4097,7e8081810f3f3f3e
C:/Users/ASUS GAMING/Documents/GitHub/Sberatele_Podtacku/images/00225_back.webp,95c15b1b6b6a1b8c,1c7e7e7e7e1c1800
C:/Users/ASUS GAMING/Documents/GitHub/Sberatele_Podtacku/images/00225_front.webp,95c95a316ac72f92,003e7e3e7e0e3e18
C:/Users/ASUS GAMING/Documents/GitHub/Sberatele_Podtacku/images/00226_back.webp,95615aa72a9579d2,003c7e7e7e3e3c08
C:/Users/ASUS GAMING/Documents/GitHub/Sberatele_Podtacku/images/00226_front.webp,91664e996ac73b1c,187666c7c34e7e18
C:/Users/ASUS GAMING/Documents/GitHub/Sberatele_Podtacku/images/00227_back.webp,a6595d26d4c5d166,3e00767747674726
C:/Users/ASUS GAMING/Documents/GitHub/Sberatele_Podtacku/images/00227_front.webp,dfa269d551c94495,fe87979e9ebc8000
C:/Users/ASUS GAMING/Documents/GitHub/Sberatele_Podtacku/images/00228_back.webp,85d9753649b4598d,007e7e7f7f070700
C:/Users/ASUS GAMING/Documents/GitHub/Sberatele_Podtacku/images/00228_front.webp,bf79d097508ad095,3e0101013f3f3f7e
C:/Users/ASUS GAMING/Documents/GitHub/Sberatele_Podtacku/images/00229_back.webp,81f064c17d343f6d,027e070e7e7e7f00
C:/Users/ASUS GAMING/Documents/GitHub/Sberatele_Podtacku/images/00229_front.webp,8478d1857e7a5595,707e7e00017f7f18
C:/Users/ASUS GAMING/Documents/GitHub/Sberatele_Podtacku/images/00230_back.webp,94e15b3d6ac66199,003c7e7e3f7e3c00
C:/Users/ASUS GAMING/Documents/GitHub/Sberatele_Podtacku/images/00230_front.webp,94c15b1f6abe6c60,003c7e7f3f3e3c00
C:/Users/ASUS GAMING/Documents/GitHub/Sberatele_Podtacku/images/00231_back.webp,85661eb17e186dc6,187e6681e7627e38
C:/Users/ASUS GAMING/Documents/GitHub/Sberatele_Podtacku/images/00231_front.webp,95d24f6d1a974c68,087e7e7f3e3e0600
C:/Users/ASUS GAMING/Documents/GitHub/Sberatele_Podtacku/images/00232_back.webp,80605f3f7a91383f,083c7e7f107e3e18
C:/Users/ASUS GAMING/Documents/GitHub/Sberatele_Podtacku/images/00232_front.webp,d1610e673f6c6e90,006e4eebef607e18
C:/Users/ASUS GAMING/Documents/GitHub/Sberatele_Podtacku/images/00233_back.webp,94631f3f7a3c6830,003c7e7e7e3e1c18
C:/Users/ASUS GAMING/Documents/GitHub/Sberatele_Podtacku/images/00233_front.webp,d51b40354f9e2f98,3c5e9ea0e2aa5e38
C:/Users/ASUS GAMING/Documents/GitHub/Sberatele_Podtacku/images/00234_back.webp,84680b9f7b9e7832,003c7e7e7e7e3c00
C:/Users/ASUS GAMING/Documents/GitHub/Sberatele_Podtacku/images/00234_front.webp,c11c52a51f73cce5,185a7881f3fb6638
C:/Users/ASUS GAMING/Documents/GitHub/Sberatele_Podtacku/images/00235_back.webp,c0601fb76a767833,003c787c7e7e3e18
C:/Users/ASUS GAMING/Documents/GitHub/Sberatele_Podtacku/images/00235_front.webp,c4d5113f5f644a33,3c7ef1f19181623c
C:/Users/ASUS GAMING/Documents/GitHub/Sberatele_Podtacku/images/00236_back.webp,d4591b932e267b2c,087e42e7e7663e18
C:/Users/ASUS GAMING/Documents/GitHub/Sberatele_Podtacku/images/00236_front.webp,91625e956b717998,103e6663ef663e18
C:/Users/ASUS GAMING/Documents/GitHub/Sberatele_Podtacku/images/00237_back.webp,96e949866b962e59,087e7e2f2f2e3e00
C:/Users/ASUS GAMING/Documents/GitHub/Sberatele_Podtacku/images/00237_front.webp,95d25435cace2979,187e063f7f063e18
C:/Users/ASUS GAMING/Documents/GitHub/Sberatele_Podtacku/images/00238_back.webp,c059013f1f721ef6,185a74f1ff345a18
C:/Users/ASUS GAMING/Documents/GitHub/Sberatele_Podtacku/images/00238_front.webp,d0d907261eb67a6c,187e4adddd187618
C:/Users/ASUS GAMING/Documents/GitHub/Sberatele_Podtacku/images/00239_back.webp,84681f1f7a9678f0,003c7e7e7e7e3c00
C:/Users/ASUS GAMING/Documents/GitHub/Sberatele_Podtacku/images/00239_front.webp,d86945963f631e34,187a58999dbc7e18
C:/Users/ASUS GAMING/Documents/GitHub/Sberatele_Podtacku/images/00240_back.webp,94485b277a9d6b98,183c7ec3c7663e18
C:/Users/ASUS GAMING/Documents/GitHub/Sberatele_Podtacku/images/00240_front.webp,d0580b232e9c6fdb,187c7ec2c6667e18
C:/Users/ASUS GAMING/Documents/GitHub/Sberatele_Podtacku/images/00241_back.webp,952d063e5b987b62,00025effff1e3e08
C:/Users/ASUS GAMING/Documents/GitHub/Sberatele_Podtacku/images/00241_front.webp,9de1061fda7169c2,00267affff1e0618
C:/Users/ASUS GAMING/Documents/GitHub/Sberatele_Podtacku/images/00242_back.webp,d44a08a56bc70f9f,00103cffff7e3e00
C:/Users/ASUS GAMING/Documents/GitHub/Sberatele_Podtacku/images/00242_front.webp,844b176c7b930ece,18523ce7e7437e18
C:/Users/ASUS GAMING/Documents/GitHub/Sberatele_Podtacku/images/00243_back.webp,d14904965f7c1e9d,384298dbff9c423c
C:/Users/ASUS GAMING/Documents/GitHub/Sberatele_Podtacku/images/00243_front.webp,d4c30e1ecf366989,187e76e7ff002c18
C:/Users/ASUS GAMING/Documents/GitHub/Sberatele_Podtacku/images/00244_back.webp,d18d009f0fda2f78,185a88ffffbe4200
C:/Users/ASUS GAMING/Documents/GitHub/Sberatele_Podtacku/images/00244_front.webp,c4c31f1bcb366989,187e7ef7ff000218
C:/Users/ASUS GAMING/Documents/GitHub/Sberatele_Podtacku/images/00245_back.webp,c5681e977a726968,003c7e7e7e7e3c00
C:/Users/ASUS GAMING/Documents/GitHub/Sberatele_Podtacku/images/00245_front.webp,854b1ae63f3968d4,003c7e7e7e7e3c00
C:/Users/ASUS GAMING/Documents/GitHub/Sberatele_Podtacku/images/00246_back.webp,c5600e1f7e3d68b4,003c7c7e7e7e3c10
C:/Users/ASUS GAMING/Documents/GitHub/Sberatele_Podtacku/images/00246_front.webp,971846963b8d7b49,10147e2fff3e3e00
C:/Users/ASUS GAMING/Documents/GitHub/Sberatele_Podtacku/images/00247_back.webp,915846a77adc9939,003c7c7e7e7e3e00
C:/Users/ASUS GAMING/Documents/GitHub/Sberatele_Podtacku/images/00247_front.webp,914946e77a9c9969,003c1a9fff7e3e00
C:/Users/ASUS GAMING/Documents/GitHub/Sberatele_Podtacku/images/00248_back.webp,95d25b8f7a693828,003e7effff760000
C:/Users/ASUS GAMING/Documents/GitHub/Sberatele_Podtacku/images/00248_front.webp,859e18796f861b99,003c7e7efe423e18
C:/Users/ASUS GAMING/Documents/GitHub/Sberatele_Podtacku/images/00249_back.webp,90641f9b6e3d68c6,18747e80fe7e3e08
C:/Users/ASUS GAMING/Documents/GitHub/Sberatele_Podtacku/images/00249_front.webp,d1b1161f2fc2788d,1c4e7ef1af087c18
C:/Users/ASUS GAMING/Documents/GitHub/Sberatele_Podtacku/images/00250_back.webp,c5601f357b36389a,003c7e7c7e7e3c10
C:/Users/ASUS GAMING/Documents/GitHub/Sberatele_Podtacku/images/00250_front.webp,87ce55b54ac64b34,185a3c3dff3e4218
C:/Users/ASUS GAMING/Documents/GitHub/Sberatele_Podtacku/images/00251_back.webp,c0691f3d7e3d28e0,003c7c7e7e7e3c08
C:/Users/ASUS GAMING/Documents/GitHub/Sberatele_Podtacku/images/00251_front.webp,9425517bcbc41f39,18421effbd3c5a18
C:/Users/ASUS GAMING/Documents/GitHub/Sberatele_Podtacku/images/00252_back.webp,94611baf7ad5289a,00287e7e7e7e3c18
C:/Users/ASUS GAMING/Documents/GitHub/Sberatele_Podtacku/images/00252_front.webp,c06607a57f1f3a98,105634a5ff5e7e08
C:/Users/ASUS GAMING/Documents/GitHub/Sberatele_Podtacku/images/00253_back.webp,95894a3f3ae07933,003c7eff5e7c3c00
C:/Users/ASUS GAMING/Documents/GitHub/Sberatele_Podtacku/images/00253_front.webp,97607a8f293466d3,003c7e7e7e7e3c00
C:/Users/ASUS GAMING/Documents/GitHub/Sberatele_Podtacku/images/00254_back.webp,95c04a3fcf903b78,183c7e7e7e0e1c18
C:/Users/ASUS GAMING/Documents/GitHub/Sberatele_Podtacku/images/00254_front.webp,d96607267e261ea6,08187e5afe7e5a18
C:/Users/ASUS GAMING/Documents/GitHub/Sberatele_Podtacku/images/00255_back.webp,959546ce7a791968,1c3e1f9f7f3f0000
C:/Users/ASUS GAMING/Documents/GitHub/Sberatele_Podtacku/images/00255_front.webp,85bd5a523ada6a07,181a36df7f761818
C:/Users/ASUS GAMING/Documents/GitHub/Sberatele_Podtacku/images/00256_back.webp,8463131c6f5acb97,18427ed1d37e5e18
C:/Users/ASUS GAMING/Documents/GitHub/Sberatele_Podtacku/images/00256_front.webp,d18e1f53cab46b48,183e38fffe6e0808
C:/Users/ASUS GAMING/Documents/GitHub/Sberatele_Podtacku/images/00257_back.webp,956e47b96eb168c0,001e72bfdf1e1e18
C:/Users/ASUS GAMING/Documents/GitHub/Sberatele_Podtacku/images/00257_front.webp,c1ce0e776fa1381a,103c7c7efc7c3c10
C:/Users/ASUS GAMING/Documents/GitHub/Sberatele_Podtacku/images/00258_back.webp,946a53b96a856d72,001c3ebfdf1e3e10
C:/Users/ASUS GAMING/Documents/GitHub/Sberatele_Podtacku/images/00258_front.webp,d4ce02357e997836,103c7cfebe1a3e10
C:/Users/ASUS GAMING/Documents/GitHub/Sberatele_Podtacku/images/00259_back.webp,c1211fd75a9e3cc8,18624afffe7e6400
C:/Users/ASUS GAMING/Documents/GitHub/Sberatele_Podtacku/images/00259_front.webp,93416c9f334c4e9d,185a3cfefebc1808
C:/Users/ASUS GAMING/Documents/GitHub/Sberatele_Podtacku/images/00260_back.webp,c5261ad96bb23db0,003c7e767e7e7c00
C:/Users/ASUS GAMING/Documents/GitHub/Sberatele_Podtacku/images/00260_front.webp,d62601db1f9c1ee4,18667cbdbc3c5a18
C:/Users/ASUS GAMING/Documents/GitHub/Sberatele_Podtacku/images/00261_back.webp,91c2466d3fb14e99,107c7effde180a18
C:/Users/ASUS GAMING/Documents/GitHub/Sberatele_Podtacku/images/00261_front.webp,846653992bfaca66,181834ffff3c1c18
C:/Users/ASUS GAMING/Documents/GitHub/Sberatele_Podtacku/images/00262_back.webp,d0c6076d3bb54e98,187c7ecfc9305e18
C:/Users/ASUS GAMING/Documents/GitHub/Sberatele_Podtacku/images/00262_front.webp,d4e702d86b8eca36,185836ffff7c1800
C:/Users/ASUS GAMING/Documents/GitHub/Sberatele_Podtacku/images/00263_back.webp,850c1e3f7ae16956,083c7e6367763e18
C:/Users/ASUS GAMING/Documents/GitHub/Sberatele_Podtacku/images/00263_front.webp,85601e2f78f1655e,003c667f7f663e08
C:/Users/ASUS GAMING/Documents/GitHub/Sberatele_Podtacku/images/00264_back.webp,c0691f357ed63870,003c667e5e7e7c18
C:/Users/ASUS GAMING/Documents/GitHub/Sberatele_Podtacku/images/00264_front.webp,94c3403e4f3c6bdc,187e7e3f1c461e18
C:/Users/ASUS GAMING/Documents/GitHub/Sberatele_Podtacku/images/00265_back.webp,84e61b397ec6383a,187e66e667447e18
C:/Users/ASUS GAMING/Documents/GitHub/Sberatele_Podtacku/images/00265_front.webp,954856b75a19c9e6,083e5e1f7f7e0e00
C:/Users/ASUS GAMING/Documents/GitHub/Sberatele_Podtacku/images/00266_back.webp,c0661b9d6e6629d9,003c7e667e7e3c18
C:/Users/ASUS GAMING/Documents/GitHub/Sberatele_Podtacku/images/00266_front.webp,c034176b7ab23dd4,183e7e7878787c18
C:/Users/ASUS GAMING/Documents/GitHub/Sberatele_Podtacku/images/00267_back.webp,c0290f977e9a68f8,003c7e7e7e7e3c00
C:/Users/ASUS GAMING/Documents/GitHub/Sberatele_Podtacku/images/00267_front.webp,943859d76e625e31,001e3c7f7e3e1e18
C:/Users/ASUS GAMING/Documents/GitHub/Sberatele_Podtacku/images/00268_back.webp,c4600f2f7a9d78d4,003c7e7e7e7e3c00
C:/Users/ASUS GAMING/Documents/GitHub/Sberatele_Podtacku/images/00268_front.webp,d5c6065f5eb82961,18767ebdbc3e0e00
C:/Users/ASUS GAMING/Documents/GitHub/Sberatele_Podtacku/images/00269_back.webp,84f14a1f1e6f6994,107e7e3e3e183e30
C:/Users/ASUS GAMING/Documents/GitHub/Sberatele_Podtacku/images/00269_front.webp,915956b15b336666,081c7e5e1e7e3e18
C:/Users/ASUS GAMING/Documents/GitHub/Sberatele_Podtacku/images/00270_back.webp,918e5e974a1e6f48,187e683e7e6e1e08
C:/Users/ASUS GAMING/Documents/GitHub/Sberatele_Podtacku/images/00270_front.webp,84e41f1b3bb069cb,083c7e767e7e3c00
C:/Users/ASUS GAMING/Documents/GitHub/Sberatele_Podtacku/images/00271_back.webp,95c90a776eb6688c,08187efefe7e1c00
C:/Users/ASUS GAMING/Documents/GitHub/Sberatele_Podtacku/images/00271_front.webp,c196136d6e9b3962,187e6efbc3027c18
C:/Users/ASUS GAMING/Documents/GitHub/Sberatele_Podtacku/images/00272_back.webp,959846674b4b3bc5,187e1e9dff003e18
C:/Users/ASUS GAMING/Documents/GitHub/Sberatele_Podtacku/images/00272_front.webp,94664fc93a9ccb61,18767e86827e7e18
C:/Users/ASUS GAMING/Documents/GitHub/Sberatele_Podtacku/images/00273_back.webp,936c48937bc649b9,000c3efeef3e3e08
C:/Users/ASUS GAMING/Documents/GitHub/Sberatele_Podtacku/images/00273_front.webp,943243c93b9ecb63,18666e87837e7e18
C:/Users/ASUS GAMING/Documents/GitHub/Sberatele_Podtacku/images/00274_back.webp,d54a48914f6d9e3c,38583ebefe7e0018
C:/Users/ASUS GAMING/Documents/GitHub/Sberatele_Podtacku/images/00274_front.webp,97ca40914f6f9e1a,184abcbfbe7e0218
C:/Users/ASUS GAMING/Documents/GitHub/Sberatele_Podtacku/images/00275_back.webp,d5640a966f5e389a,003c7e7e7e7e3c00
C:/Users/ASUS GAMING/Documents/GitHub/Sberatele_Podtacku/images/00275_front.webp,90605f175a7a3d87,182e467f7e1e3c18
C:/Users/ASUS GAMING/Documents/GitHub/Sberatele_Podtacku/images/00276_back.webp,a178191d56a65f99,025b43677f676702
C:/Users/ASUS GAMING/Documents/GitHub/Sberatele_Podtacku/images/00276_front.webp,a1f9598956a65791,42db43677e676700
C:/Users/ASUS GAMING/Documents/GitHub/Sberatele_Podtacku/images/00277_back.webp,d47c248719bd64cb,42f0d0ccec763f70
C:/Users/ASUS GAMING/Documents/GitHub/Sberatele_Podtacku/images/00277_front.webp,84f8559f519649c7,7e427f48490b7734
C:/Users/ASUS GAMING/Documents/GitHub/Sberatele_Podtacku/images/00278_back.webp,81c71f384a8779da,183c7e7e7e423c18
C:/Users/ASUS GAMING/Documents/GitHub/Sberatele_Podtacku/images/00278_front.webp,94371bd87ac26c39,183c76763a7e3c18
C:/Users/ASUS GAMING/Documents/GitHub/Sberatele_Podtacku/images/00279_back.webp,95e95b1f6a962832,183c7e7e3e3e3c00
C:/Users/ASUS GAMING/Documents/GitHub/Sberatele_Podtacku/images/00279_front.webp,8593526c6e65799c,187e6ec3d34a7618
C:/Users/ASUS GAMING/Documents/GitHub/Sberatele_Podtacku/images/00280_back.webp,c4ffd403419d1567,7efedf0000067f70
C:/Users/ASUS GAMING/Documents/GitHub/Sberatele_Podtacku/images/00280_front.webp,95e2c41f53ed5415,767ff70008027f3c
C:/Users/ASUS GAMING/Documents/GitHub/Sberatele_Podtacku/images/00281_back.webp,c1e11f9b351ee0ca,0078ff06efff1c00
C:/Users/ASUS GAMING/Documents/GitHub/Sberatele_Podtacku/images/00281_front.webp,c55fb0644f351e15,007f3c38387ee762
C:/Users/ASUS GAMING/Documents/GitHub/Sberatele_Podtacku/images/00282_back.webp,94e840926f3f6d96,707e6e027e7e3e00
C:/Users/ASUS GAMING/Documents/GitHub/Sberatele_Podtacku/images/00282_front.webp,956f40b459bc1e35,7062061e6e1e7e7c
C:/Users/ASUS GAMING/Documents/GitHub/Sberatele_Podtacku/images/00283_back.webp,95e85a076a9f6938,003c7e7e7e3e3e00
C:/Users/ASUS GAMING/Documents/GitHub/Sberatele_Podtacku/images/00283_front.webp,84e01f177ede6870,003c7e7e7e3e3c10
C:/Users/ASUS GAMING/Documents/GitHub/Sberatele_Podtacku/images/00284_back.webp,96c939365e924f4a,003c7cfe7e3e3e00
C:/Users/ASUS GAMING/Documents/GitHub/Sberatele_Podtacku/images/00284_front.webp,d49c0fa37b483d92,183e7edae6f67000
C:/Users/ASUS GAMING/Documents/GitHub/Sberatele_Podtacku/images/00285_back.webp,95e04a8d9e1e6bc9,087c7efe7e0e1e00
C:/Users/ASUS GAMING/Documents/GitHub/Sberatele_Podtacku/images/00285_front.webp,d49c0fa37b483c93,183c7edae6777400
C:/Users/ASUS GAMING/Documents/GitHub/Sberatele_Podtacku/images/00286_back.webp,857c40975737563c,7c7e1a023a7e6670
C:/Users/ASUS GAMING/Documents/GitHub/Sberatele_Podtacku/images/00286_front.webp,95d14485723d6a9f,4c7e5e1e3e1e3e00
C:/Users/ASUS GAMING/Documents/GitHub/Sberatele_Podtacku/images/00287_back.webp,80611f9d7a3e38dc,187e7e41c17e3e18
C:/Users/ASUS GAMING/Documents/GitHub/Sberatele_Podtacku/images/00287_front.webp,d12c4e971b3c3c78,187e42e7e7666618
C:/Users/ASUS GAMING/Documents/GitHub/Sberatele_Podtacku/images/00288_back.webp,84631f9d7a163c9c,187c7ec1c17e3e18
C:/Users/ASUS GAMING/Documents/GitHub/Sberatele_Podtacku/images/00288_front.webp,c4791b964b396c39,187e40f7f6363618
C:/Users/ASUS GAMING/Documents/GitHub/Sberatele_Podtacku/images/00289_back.webp,95e34b3f6a302c9a,083c7e7e3e3e1c18
C:/Users/ASUS GAMING/Documents/GitHub/Sberatele_Podtacku/images/00289_front.webp,95a64a386f3978c6,003e7e7e3e3e1c18
C:/Users/ASUS GAMING/Documents/GitHub/Sberatele_Podtacku/images/00290_back.webp,c1c35a1e3e8d2d59,3c7c7e7f7c181c00
C:/Users/ASUS GAMING/Documents/GitHub/Sberatele_Podtacku/images/00290_front.webp,95e01a964f69789e,003c7e7e7e7e3c00
C:/Users/ASUS GAMING/Documents/GitHub/Sberatele_Podtacku/images/00291_back.webp,94831b4f4e3c6997,187e6ec7a6705e18
C:/Users/ASUS GAMING/Documents/GitHub/Sberatele_Podtacku/images/00291_front.webp,c5da038f6b913a69,083e56fefa3c3e00
C:/Users/ASUS GAMING/Documents/GitHub/Sberatele_Podtacku/images/00292_back.webp,d469013d4f366af2,187c7c3c7e3c1e18
C:/Users/ASUS GAMING/Documents/GitHub/Sberatele_Podtacku/images/00292_front.webp,919907675ab66a78,187e4affd9126618
C:/Users/ASUS GAMING/Documents/GitHub/Sberatele_Podtacku/images/00293_back.webp,d049013d5f725ef2,187a3cb1ff2c5a18
C:/Users/ASUS GAMING/Documents/GitHub/Sberatele_Podtacku/images/00293_front.webp,d0d907261eb67a6c,187a4affdd186618
C:/Users/ASUS GAMING/Documents/GitHub/Sberatele_Podtacku/images/00294_back.webp,c4690b0f4fb62ed2,10587e7e7e3e1c18
C:/Users/ASUS GAMING/Documents/GitHub/Sberatele_Podtacku/images/00294_front.webp,d12903970ece7ee4,184868bcfe3e7e18
C:/Users/ASUS GAMING/Documents/GitHub/Sberatele_Podtacku/images/00295_back.webp,95c9442c5b333f66,187e66bf817e4618
C:/Users/ASUS GAMING/Documents/GitHub/Sberatele_Podtacku/images/00295_front.webp,95f145194b761f32,187e06ff9d1a1e18
C:/Users/ASUS GAMING/Documents/GitHub/Sberatele_Podtacku/images/00296_back.webp,94c811335f665e73,187e7eb7813e4618
C:/Users/ASUS GAMING/Documents/GitHub/Sberatele_Podtacku/images/00296_front.webp,95d1455d4b661f32,187e0eff9d181e18
C:/Users/ASUS GAMING/Documents/GitHub/Sberatele_Podtacku/images/00297_back.webp,94c841374fcc6e73,187e66bf870e4e18
C:/Users/ASUS GAMING/Documents/GitHub/Sberatele_Podtacku/images/00297_front.webp,d0c5055b5a371fb2,187e76fcdd181a18
C:/Users/ASUS GAMING/Documents/GitHub/Sberatele_Podtacku/images/00298_back.webp,95c903374f8c3e66,187e66bf813e4e18
C:/Users/ASUS GAMING/Documents/GitHub/Sberatele_Podtacku/images/00298_front.webp,d0c5055d5b761f32,187e36fddd185a08
C:/Users/ASUS GAMING/Documents/GitHub/Sberatele_Podtacku/images/00299_back.webp,95c901374f9c1f36,187e3ebfa70c4a18
C:/Users/ASUS GAMING/Documents/GitHub/Sberatele_Podtacku/images/00299_front.webp,90d1055f5b761e3a,187e3effdd181a00
C:/Users/ASUS GAMING/Documents/GitHub/Sberatele_Podtacku/images/00300_back.webp,d1c903174fdc2e72,187e66ffe43e4208
C:/Users/ASUS GAMING/Documents/GitHub/Sberatele_Podtacku/images/00300_front.webp,d0c5051b4b761f3e,187e7effdd180600
C:/Users/ASUS GAMING/Documents/GitHub/Sberatele_Podtacku/images/00301_back.webp,84d61e395f3c6896,187e66fe7e003e18
C:/Users/ASUS GAMING/Documents/GitHub/Sberatele_Podtacku/images/00301_front.webp,946a1eb56b983999,00047c7e7e7e7e18
C:/Users/ASUS GAMING/Documents/GitHub/Sberatele_Podtacku/images/00302_back.webp,97e258186f9e2ba8,185c2e7e7e3e3c10
C:/Users/ASUS GAMING/Documents/GitHub/Sberatele_Podtacku/images/00302_front.webp,84e05b876e1e9bc9,107c7e5e7e3e3c00
C:/Users/ASUS GAMING/Documents/GitHub/Sberatele_Podtacku/images/00303_back.webp,85d66a3c7a6938c3,007e7e7e7e1e3a00
C:/Users/ASUS GAMING/Documents/GitHub/Sberatele_Podtacku/images/00303_front.webp,913750f444cdd5b5,6e862e38267e7e30
C:/Users/ASUS GAMING/Documents/GitHub/Sberatele_Podtacku/images/00304_back.webp,84661e9d7b9d18c9,10667667667e3e18
C:/Users/ASUS GAMING/Documents/GitHub/Sberatele_Podtacku/images/00304_front.webp,d62209bd6f349ec2,08583cfefe3c5a18
C:/Users/ASUS GAMING/Documents/GitHub/Sberatele_Podtacku/images/00305_back.webp,81c25e3d6b763998,083c7e667b7e3e00
C:/Users/ASUS GAMING/Documents/GitHub/Sberatele_Podtacku/images/00305_front.webp,d627051f5ed80a75,18667cbdbd3c5218
C:/Users/ASUS GAMING/Documents/GitHub/Sberatele_Podtacku/images/00306_back.webp,9d9c666369326695,1e3e3e18187efe02
C:/Users/ASUS GAMING/Documents/GitHub/Sberatele_Podtacku/images/00306_front.webp,c9c853663633d32d,787d7c5f197e0300
C:/Users/ASUS GAMING/Documents/GitHub/Sberatele_Podtacku/images/00307_back.webp,c5fe559540974197,007c7e7e3e3e3e00
C:/Users/ASUS GAMING/Documents/GitHub/Sberatele_Podtacku/images/00307_front.webp,a4bdd06b41a646dd,7e5ff3030000777e
C:/Users/ASUS GAMING/Documents/GitHub/Sberatele_Podtacku/images/00308_back.webp,84fd6197511f50b5,007e7c7e7e1e3e00
C:/Users/ASUS GAMING/Documents/GitHub/Sberatele_Podtacku/images/00308_front.webp,94de612974b5519e,007c7e7e7c3e3e00
C:/Users/ASUS GAMING/Documents/GitHub/Sberatele_Podtacku/images/00309_back.webp,95ea683d78c34197,001f7e7e1e7e3e00
C:/Users/ASUS GAMING/Documents/GitHub/Sberatele_Podtacku/images/00309_front.webp,c13334e8439c6cfd,000c3c78f8f83f7e
C:/Users/ASUS GAMING/Documents/GitHub/Sberatele_Podtacku/images/00310_back.webp,bce3c11cd03b43b5,7ef3a1c18381137e
C:/Users/ASUS GAMING/Documents/GitHub/Sberatele_Podtacku/images/00310_front.webp,c4dfd127559940e5,7cb0fb951001577e
C:/Users/ASUS GAMING/Documents/GitHub/Sberatele_Podtacku/images/00311_back.webp,fce3c33cd09143a5,7ef1a1c18381937e
C:/Users/ASUS GAMING/Documents/GitHub/Sberatele_Podtacku/images/00311_front.webp,e4dfd12655b140e5,74b0d3938343677c
C:/Users/ASUS GAMING/Documents/GitHub/Sberatele_Podtacku/images/00312_back.webp,ace3c73cd09143a7,7ef1a1c183811b7e
C:/Users/ASUS GAMING/Documents/GitHub/Sberatele_Podtacku/images/00312_front.webp,e1e6949351b855b5,7eb1c3818183577e
C:/Users/ASUS GAMING/Documents/GitHub/Sberatele_Podtacku/images/00313_back.webp,defa6093c185c527,7c80bcbcbcbc007e
C:/Users/ASUS GAMING/Documents/GitHub/Sberatele_Podtacku/images/00313_front.webp,df7a6097c187c425,7c81bcbcbc3c007e
C:/Users/ASUS GAMING/Documents/GitHub/Sberatele_Podtacku/images/00314_back.webp,917a573747e548c4,00007e7e7e7e7e18
C:/Users/ASUS GAMING/Documents/GitHub/Sberatele_Podtacku/images/00314_front.webp,817f573f54b844b0,00007e7e7e7e7f10
C:/Users/ASUS GAMING/Documents/GitHub/Sberatele_Podtacku/images/00315_back.webp,8466163f5b1b399c,0066767b7f7e2608
C:/Users/ASUS GAMING/Documents/GitHub/Sberatele_Podtacku/images/00315_front.webp,c0c21f3d7a3c3c71,187e66ffc3426618
C:/Users/ASUS GAMING/Documents/GitHub/Sberatele_Podtacku/images/00316_back.webp,85195bd26eb62999,181c1a7f7f3e3e00
C:/Users/ASUS GAMING/Documents/GitHub/Sberatele_Podtacku/images/00316_front.webp,9cc951336e8e6cc6,007e7a7f3f1e3c00
C:/Users/ASUS GAMING/Documents/GitHub/Sberatele_Podtacku/images/00317_back.webp,c0600b357fbe39d4,003c7e7e7e7e3c00
C:/Users/ASUS GAMING/Documents/GitHub/Sberatele_Podtacku/images/00317_front.webp,c082477f5b7159c6,187e7effbd004218
C:/Users/ASUS GAMING/Documents/GitHub/Sberatele_Podtacku/images/00318_back.webp,900f57b53b727838,187e52c3c35e7e18
C:/Users/ASUS GAMING/Documents/GitHub/Sberatele_Podtacku/images/00318_front.webp,908f07395ae76c5a,187e5af79942661c
C:/Users/ASUS GAMING/Documents/GitHub/Sberatele_Podtacku/images/00319_back.webp,85255ad36a2e2fc9,083e7e477b7e3c00
C:/Users/ASUS GAMING/Documents/GitHub/Sberatele_Podtacku/images/00319_front.webp,85251ad76a2e2fc9,083e7e475b7e3c08
C:/Users/ASUS GAMING/Documents/GitHub/Sberatele_Podtacku/images/00320_back.webp,959e42690fe33a96,187e7e371b626e04
C:/Users/ASUS GAMING/Documents/GitHub/Sberatele_Podtacku/images/00320_front.webp,942e49dc6fb53a30,183e7e26c63e7e08
C:/Users/ASUS GAMING/Documents/GitHub/Sberatele_Podtacku/images/00321_back.webp,80601fbf7ab478f0,003c7e7e7e7e3c00
C:/Users/ASUS GAMING/Documents/GitHub/Sberatele_Podtacku/images/00321_front.webp,d165428e2f9e2f34,306ee6e3c3f47e00
C:/Users/ASUS GAMING/Documents/GitHub/Sberatele_Podtacku/images/00322_back.webp,94601f3f7a357870,003c7e7e7e3e3c08
C:/Users/ASUS GAMING/Documents/GitHub/Sberatele_Podtacku/images/00322_front.webp,c06b00ef1f666ee4,307c7288f1f67e18
C:/Users/ASUS GAMING/Documents/GitHub/Sberatele_Podtacku/images/00323_back.webp,919b47656a9d38d2,087e7ecfc7463e00
C:/Users/ASUS GAMING/Documents/GitHub/Sberatele_Podtacku/images/00323_front.webp,958b13337a8c6cda,083e7ef3c3663e10
C:/Users/ASUS GAMING/Documents/GitHub/Sberatele_Podtacku/images/00324_back.webp,c4664e1e3b316cce,006666c3bf7e3e18
C:/Users/ASUS GAMING/Documents/GitHub/Sberatele_Podtacku/images/00324_front.webp,914b4eb53e523b98,00707cfe7f7e2e00
C:/Users/ASUS GAMING/Documents/GitHub/Sberatele_Podtacku/images/00325_back.webp,85660e0e5b99796d,006662fe3e3e7e18
C:/Users/ASUS GAMING/Documents/GitHub/Sberatele_Podtacku/images/00325_front.webp,909d1f62ca9d1d3c,187e7e7e7e7e0000
C:/Users/ASUS GAMING/Documents/GitHub/Sberatele_Podtacku/images/00326_back.webp,95c81acf7a306dca,003c7e7e7e7e3c00
C:/Users/ASUS GAMING/Documents/GitHub/Sberatele_Podtacku/images/00326_front.webp,95c95a8f3a306dca,083c7e7e7e3e3c00
C:/Users/ASUS GAMING/Documents/GitHub/Sberatele_Podtacku/images/00327_back.webp,c4680f9d7e1e3872,003c7e7e7e7e3c00
C:/Users/ASUS GAMING/Documents/GitHub/Sberatele_Podtacku/images/00327_front.webp,95815a1f3b5869f2,083e7e7e3e3e3c00
C:/Users/ASUS GAMING/Documents/GitHub/Sberatele_Podtacku/images/00328_back.webp,d1b63a11284e4f6f,04cffbfffe380000
C:/Users/ASUS GAMING/Documents/GitHub/Sberatele_Podtacku/images/00328_front.webp,f12dc6cf5b929032,7ee3c708007e7e64
C:/Users/ASUS GAMING/Documents/GitHub/Sberatele_Podtacku/images/00329_back.webp,85f07b6fc4f0600f,003e7fff7f760000
C:/Users/ASUS GAMING/Documents/GitHub/Sberatele_Podtacku/images/00329_front.webp,d5f17b0ec4f07007,808effff7f4e0000
C:/Users/ASUS GAMING/Documents/GitHub/Sberatele_Podtacku/images/00330_back.webp,d0e2522b559d1d9d,60647e7e7e7e3400
C:/Users/ASUS GAMING/Documents/GitHub/Sberatele_Podtacku/images/00330_front.webp,c07e5e9d61265699,107e6642667e7e70
C:/Users/ASUS GAMING/Documents/GitHub/Sberatele_Podtacku/images/00331_back.webp,c0f2522e559d1d9d,64647e7e7e7e3000
C:/Users/ASUS GAMING/Documents/GitHub/Sberatele_Podtacku/images/00331_front.webp,c5ba58cd65275499,607e6662627e7e30
C:/Users/ASUS GAMING/Documents/GitHub/Sberatele_Podtacku/images/00332_back.webp,c5f2559d509d41b5,60667e7e7e7e0600
C:/Users/ASUS GAMING/Documents/GitHub/Sberatele_Podtacku/images/00332_front.webp,95da6466599978a5,7c7e3e1c1c10ff02
C:/Users/ASUS GAMING/Documents/GitHub/Sberatele_Podtacku/images/00333_back.webp,b17945c36f2c50b3,00fec781e57f7e00
C:/Users/ASUS GAMING/Documents/GitHub/Sberatele_Podtacku/images/00333_front.webp,b97ad72145967990,00ff858383833f7e
C:/Users/ASUS GAMING/Documents/GitHub/Sberatele_Podtacku/images/00334_back.webp,942b43dd15c74f91,184f437e5e527e60
C:/Users/ASUS GAMING/Documents/GitHub/Sberatele_Podtacku/images/00334_front.webp,d0a20f1e79c7703d,007e7e6e467e7e00
C:/Users/ASUS GAMING/Documents/GitHub/Sberatele_Podtacku/images/00335_back.webp,80c3173e1e3f6965,007e767e66427e68
C:/Users/ASUS GAMING/Documents/GitHub/Sberatele_Podtacku/images/00335_front.webp,d0a60e1f7987783c,007e7e6e527e7e00
C:/Users/ASUS GAMING/Documents/GitHub/Sberatele_Podtacku/images/00336_back.webp,812d5ffd2ad078b0,003c7e3e3d7e7e00
C:/Users/ASUS GAMING/Documents/GitHub/Sberatele_Podtacku/images/00336_front.webp,95b552964e723b38,004a3effff3e4a00
C:/Users/ASUS GAMING/Documents/GitHub/Sberatele_Podtacku/images/00337_back.webp,853352cc6bb16d78,002e3e2fff7a5e00
C:/Users/ASUS GAMING/Documents/GitHub/Sberatele_Podtacku/images/00337_front.webp,958552de4a797968,182e5ebfbf3e0600
C:/Users/ASUS GAMING/Documents/GitHub/Sberatele_Podtacku/images/00338_back.webp,951d527f2ad26d60,003c7e3ebe7e7c00
C:/Users/ASUS GAMING/Documents/GitHub/Sberatele_Podtacku/images/00338_front.webp,95a45adb6ab0596a,083e7e7f3f3e2400
C:/Users/ASUS GAMING/Documents/GitHub/Sberatele_Podtacku/images/00339_back.webp,958f56743a71684d,083e3e7f9f7e4200
C:/Users/ASUS GAMING/Documents/GitHub/Sberatele_Podtacku/images/00339_front.webp,c41e56e11b5e68f1,18767a99db527618
C:/Users/ASUS GAMING/Documents/GitHub/Sberatele_Podtacku/images/00340_back.webp,9497407f4ff02d92,007e3e7f3f185e10
C:/Users/ASUS GAMING/Documents/GitHub/Sberatele_Podtacku/images/00340_front.webp,843d513b4eb4793a,003e7e343c7e7e18
C:/Users/ASUS GAMING/Documents/GitHub/Sberatele_Podtacku/images/00341_back.webp,912c5fbd7af028d0,003c3e7e7e7e3c08
C:/Users/ASUS GAMING/Documents/GitHub/Sberatele_Podtacku/images/00341_front.webp,94cc57256b3e7894,10787effff0e0600
C:/Users/ASUS GAMING/Documents/GitHub/Sberatele_Podtacku/images/00342_back.webp,948c4bbb2e647b31,083e4e7fef4e4e00
C:/Users/ASUS GAMING/Documents/GitHub/Sberatele_Podtacku/images/00342_front.webp,958d42f66a783dd0,083e5e9fff4e4600
C:/Users/ASUS GAMING/Documents/GitHub/Sberatele_Podtacku/images/00343_back.webp,958d547f4af06b60,187e3e87870e7e18
C:/Users/ASUS GAMING/Documents/GitHub/Sberatele_Podtacku/images/00343_front.webp,d19942360f723eda,187e5a9b9b5a6618
C:/Users/ASUS GAMING/Documents/GitHub/Sberatele_Podtacku/images/00344_back.webp,912e5abd2af03dd0,001c7e7e7e7e3c08
C:/Users/ASUS GAMING/Documents/GitHub/Sberatele_Podtacku/images/00344_front.webp,91275f9e4e6839c1,006262e7ff4e7e18
C:/Users/ASUS GAMING/Documents/GitHub/Sberatele_Podtacku/images/00345_back.webp,d12e1e491e946b6d,007e7e7e78787e00
C:/Users/ASUS GAMING/Documents/GitHub/Sberatele_Podtacku/images/00345_front.webp,956a429d3f604a9f,007ef8c21f7f7e00
C:/Users/ASUS GAMING/Documents/GitHub/Sberatele_Podtacku/images/00346_back.webp,941663674ee768b4,003c5e3e7e6a7e18
C:/Users/ASUS GAMING/Documents/GitHub/Sberatele_Podtacku/images/00346_front.webp,9416436347b67eb4,243e5e3e5a0c7e38
C:/Users/ASUS GAMING/Documents/GitHub/Sberatele_Podtacku/images/00347_back.webp,d5bd42590f924e78,18427eff997e4610
C:/Users/ASUS GAMING/Documents/GitHub/Sberatele_Podtacku/images/00347_front.webp,853213cd4f786eb2,186e64f93b327e18
C:/Users/ASUS GAMING/Documents/GitHub/Sberatele_Podtacku/images/00348_back.webp,81385efd6b9629c2,00007e7f7f7e7e00
C:/Users/ASUS GAMING/Documents/GitHub/Sberatele_Podtacku/images/00348_front.webp,84965b796ada2dc2,003e667f7f527c10
C:/Users/ASUS GAMING/Documents/GitHub/Sberatele_Podtacku/images/00349_back.webp,85395e356ac03dd6,00007e7f7f7e7e00
C:/Users/ASUS GAMING/Documents/GitHub/Sberatele_Podtacku/images/00349_front.webp,84365f396a9a69e2,003e667f7f5a3e00
C:/Users/ASUS GAMING/Documents/GitHub/Sberatele_Podtacku/images/00350_back.webp,95295efd3a703960,003c7e7e7e7e3c00
C:/Users/ASUS GAMING/Documents/GitHub/Sberatele_Podtacku/images/00350_front.webp,8469533f6ad03d3a,003c7e7f107e7e18
C:/Users/ASUS GAMING/Documents/GitHub/Sberatele_Podtacku/images/00351_back.webp,9137439c0afc3d33,08661ebdbd7e4618
C:/Users/ASUS GAMING/Documents/GitHub/Sberatele_Podtacku/images/00351_front.webp,951a5a6f6ad92cc4,003e7e6f667e7c00
C:/Users/ASUS GAMING/Documents/GitHub/Sberatele_Podtacku/images/00352_back.webp,91314f2c3ec66c3b,003e7e7e4e7e3c08
C:/Users/ASUS GAMING/Documents/GitHub/Sberatele_Podtacku/images/00352_front.webp,c09e1fe37a182fd0,187e7e40627e7e18
C:/Users/ASUS GAMING/Documents/GitHub/Sberatele_Podtacku/images/00353_back.webp,9535539f6a986d60,187642cbd35e7e18
C:/Users/ASUS GAMING/Documents/GitHub/Sberatele_Podtacku/images/00353_front.webp,8125579e7ad96961,187642cbc37e7e18
C:/Users/ASUS GAMING/Documents/GitHub/Sberatele_Podtacku/images/00354_back.webp,902e57f57a7039b0,00247e3f7f7e6e00
C:/Users/ASUS GAMING/Documents/GitHub/Sberatele_Podtacku/images/00354_front.webp,94365b9f3ac86a13,187e7e52107e7e18
C:/Users/ASUS GAMING/Documents/GitHub/Sberatele_Podtacku/images/00355_back.webp,952e5bb56ad429c2,001c3e7e7e7e3e08
C:/Users/ASUS GAMING/Documents/GitHub/Sberatele_Podtacku/images/00355_front.webp,950d5b7f1e604a93,185a7e7e1e3e4618
C:/Users/ASUS GAMING/Documents/GitHub/Sberatele_Podtacku/images/00356_back.webp,942e56f56a567982,00267e3f7f7e6600
C:/Users/ASUS GAMING/Documents/GitHub/Sberatele_Podtacku/images/00356_front.webp,940f1b7f5a9469c8,00227e7f7f7e6600
C:/Users/ASUS GAMING/Documents/GitHub/Sberatele_Podtacku/images/00357_back.webp,913b4bb51a7c6d90,002c5e7e7f7e7c00
C:/Users/ASUS GAMING/Documents/GitHub/Sberatele_Podtacku/images/00357_front.webp,842f52fc6bd22d68,003e7e7f117e7e00
C:/Users/ASUS GAMING/Documents/GitHub/Sberatele_Podtacku/images/00358_back.webp,910c57776a7278e8,003e7e3e4b7e6618
C:/Users/ASUS GAMING/Documents/GitHub/Sberatele_Podtacku/images/00358_front.webp,9483435d7a32cb9d,187e7e479f3e0e00
C:/Users/ASUS GAMING/Documents/GitHub/Sberatele_Podtacku/images/00359_back.webp,952d5e752af069d0,003c3e7e7e7e3c08
C:/Users/ASUS GAMING/Documents/GitHub/Sberatele_Podtacku/images/00359_front.webp,c5891a377b4a6d98,187e76e3c2667c18
C:/Users/ASUS GAMING/Documents/GitHub/Sberatele_Podtacku/images/00360_back.webp,852b5ffd7ac07880,003c7e7e7e7e3c00
C:/Users/ASUS GAMING/Documents/GitHub/Sberatele_Podtacku/images/00360_front.webp,c58e46363a3979c3,18767e99bf426618
C:/Users/ASUS GAMING/Documents/GitHub/Sberatele_Podtacku/images/00361_back.webp,958642dd6b7879d0,183e7e1f3e1e3e00
C:/Users/ASUS GAMING/Documents/GitHub/Sberatele_Podtacku/images/00361_front.webp,90274f7c7b706998,003e6e4f4f5e7e10
C:/Users/ASUS GAMING/Documents/GitHub/Sberatele_Podtacku/images/00362_back.webp,958646dc6b787991,183e1e1f7f1e3e00
C:/Users/ASUS GAMING/Documents/GitHub/Sberatele_Podtacku/images/00362_front.webp,91074f9c7a7079d8,083e6e4fcf5e3e00
C:/Users/ASUS GAMING/Documents/GitHub/Sberatele_Podtacku/images/00363_back.webp,909f1f746a587836,187e7efef7460400
C:/Users/ASUS GAMING/Documents/GitHub/Sberatele_Podtacku/images/00363_front.webp,c0ce1fb54f686998,187e7cf8ff6e4000
C:/Users/ASUS GAMING/Documents/GitHub/Sberatele_Podtacku/images/00364_back.webp,806a55f145b545bf,003c3e7e7e7e3e00
C:/Users/ASUS GAMING/Documents/GitHub/Sberatele_Podtacku/images/00364_front.webp,812a556d5497477d,00df272703277f66
C:/Users/ASUS GAMING/Documents/GitHub/Sberatele_Podtacku/images/00365_back.webp,c0b5155a51df155b,007f7e7c787c7c00
C:/Users/ASUS GAMING/Documents/GitHub/Sberatele_Podtacku/images/00365_front.webp,852a556d5497476d,007f272703277f66
C:/Users/ASUS GAMING/Documents/GitHub/Sberatele_Podtacku/images/00366_back.webp,d1bf05d745e05570,0e8fdbf8f8fcc000
C:/Users/ASUS GAMING/Documents/GitHub/Sberatele_Podtacku/images/00366_front.webp,95ad43b444d36579,7e3f0fff0e060e00
C:/Users/ASUS GAMING/Documents/GitHub/Sberatele_Podtacku/images/00367_back.webp,95b44ab4ebc06f62,007e1e7e7e7e1c10
C:/Users/ASUS GAMING/Documents/GitHub/Sberatele_Podtacku/images/00367_front.webp,95a4626c5ed16cda,007e7e7e3e5a3e00
C:/Users/ASUS GAMING/Documents/GitHub/Sberatele_Podtacku/images/00368_back.webp,952a5515551555bf,000e3e7e7e7e7e00
C:/Users/ASUS GAMING/Documents/GitHub/Sberatele_Podtacku/images/00368_front.webp,978b71b5401f4576,007f3f7f763e0600
C:/Users/ASUS GAMING/Documents/GitHub/Sberatele_Podtacku/images/00369_back.webp,c5af563d12554a74,3e7f7b5e16226a00
C:/Users/ASUS GAMING/Documents/GitHub/Sberatele_Podtacku/images/00369_front.webp,c535368f411e657a,02efe67879783f00
C:/Users/ASUS GAMING/Documents/GitHub/Sberatele_Podtacku/images/00370_back.webp,c5af523d12556a74,3e7f735e16626a00
C:/Users/ASUS GAMING/Documents/GitHub/Sberatele_Podtacku/images/00370_front.webp,859861f751cd529d,067f3f3e3e322602
C:/Users/ASUS GAMING/Documents/GitHub/Sberatele_Podtacku/images/00371_back.webp,b5a2553d45935175,06e7476743437f60
C:/Users/ASUS GAMING/Documents/GitHub/Sberatele_Podtacku/images/00371_front.webp,85a2718f49bd247b,3eefc37f303f0800
C:/Users/ASUS GAMING/Documents/GitHub/Sberatele_Podtacku/images/00372_back.webp,803f553555b55595,001e3e3e7e7e7e00
C:/Users/ASUS GAMING/Documents/GitHub/Sberatele_Podtacku/images/00372_front.webp,c533400f52ef7475,003e663e3c3a7c7c
C:/Users/ASUS GAMING/Documents/GitHub/Sberatele_Podtacku/images/00373_back.webp,95ab44c5517f51cc,02ff87877efe1200
C:/Users/ASUS GAMING/Documents/GitHub/Sberatele_Podtacku/images/00373_front.webp,958b71b6c41959b5,02c79bffff988200
C:/Users/ASUS GAMING/Documents/GitHub/Sberatele_Podtacku/images/00374_back.webp,b1ab56b551b7442c,028f07ffff570600
C:/Users/ASUS GAMING/Documents/GitHub/Sberatele_Podtacku/images/00374_front.webp,91bf6e945187649c,00cf2f7f7e5f4200
C:/Users/ASUS GAMING/Documents/GitHub/Sberatele_Podtacku/images/00375_back.webp,d03554d74ad64ada,00427f1f7f7e7c00
C:/Users/ASUS GAMING/Documents/GitHub/Sberatele_Podtacku/images/00375_front.webp,d1c2870f3737052f,3efefee2023e3800
C:/Users/ASUS GAMING/Documents/GitHub/Sberatele_Podtacku/images/00376_back.webp,d4b650575ad24ada,00673f7f077e7c00
C:/Users/ASUS GAMING/Documents/GitHub/Sberatele_Podtacku/images/00376_front.webp,c1c20f0f3737252f,3efcfee2023e3a00
C:/Users/ASUS GAMING/Documents/GitHub/Sberatele_Podtacku/images/00377_back.webp,d0b652d7665a4e4a,006f5f7f437e7800
C:/Users/ASUS GAMING/Documents/GitHub/Sberatele_Podtacku/images/00377_front.webp,c1c2070f37370f2f,3efefee2003e1e00
C:/Users/ASUS GAMING/Documents/GitHub/Sberatele_Podtacku/images/00378_back.webp,807a557545a555f5,001e3e3e7e7e7e00
C:/Users/ASUS GAMING/Documents/GitHub/Sberatele_Podtacku/images/00378_front.webp,95af41d87427d171,181d19ffdfff0000
C:/Users/ASUS GAMING/Documents/GitHub/Sberatele_Podtacku/images/00379_back.webp,b56ad01e46e74569,585f43438296de6e
C:/Users/ASUS GAMING/Documents/GitHub/Sberatele_Podtacku/images/00379_front.webp,8036559f55b54597,007f67663e3e7e00
C:/Users/ASUS GAMING/Documents/GitHub/Sberatele_Podtacku/images/00380_back.webp,846d339d913736d2,067070727e1e2e7e
C:/Users/ASUS GAMING/Documents/GitHub/Sberatele_Podtacku/images/00380_front.webp,91e3c1d84e373acc,7e6646061e467e72
C:/Users/ASUS GAMING/Documents/GitHub/Sberatele_Podtacku/images/00381_back.webp,94ed6b924e394639,003e7e7e7e7e0e00
C:/Users/ASUS GAMING/Documents/GitHub/Sberatele_Podtacku/images/00381_front.webp,952cca536ed06e36,387e664226667e1e
C:/Users/ASUS GAMING/Documents/GitHub/Sberatele_Podtacku/images/00382_back.webp,94e13e864a3f423f,007e7e7e7e7e0600
C:/Users/ASUS GAMING/Documents/GitHub/Sberatele_Podtacku/images/00382_front.webp,94ad4f673a181397,007e7e12267e7e1c
C:/Users/ASUS GAMING/Documents/GitHub/Sberatele_Podtacku/images/00383_back.webp,952d52185acf4e37,0066727e427e7e3c
C:/Users/ASUS GAMING/Documents/GitHub/Sberatele_Podtacku/images/00383_front.webp,94a593c3ce3c4733,3e6e061e7e700e1e
C:/Users/ASUS GAMING/Documents/GitHub/Sberatele_Podtacku/images/00384_back.webp,802a7f907ec57ac5,001e3e7e3e7e7e00
C:/Users/ASUS GAMING/Documents/GitHub/Sberatele_Podtacku/images/00384_front.webp,a48a1d747afd442d,007ffff901773300
C:/Users/ASUS GAMING/Documents/GitHub/Sberatele_Podtacku/images/00385_back.webp,953e45c5515b454f,3c07003e7e7e7e60
C:/Users/ASUS GAMING/Documents/GitHub/Sberatele_Podtacku/images/00385_front.webp,b42643b31ccf719c,00e7c383c6467e7e
C:/Users/ASUS GAMING/Documents/GitHub/Sberatele_Podtacku/images/00386_back.webp,953e45d5514b454f,1607007e7e7e7e06
C:/Users/ASUS GAMING/Documents/GitHub/Sberatele_Podtacku/images/00386_front.webp,e52759c5451b714d,006343e363667e7e
C:/Users/ASUS GAMING/Documents/GitHub/Sberatele_Podtacku/images/00387_back.webp,94b54ab4cbd06f62,007e1e7e7e7e1c10
C:/Users/ASUS GAMING/Documents/GitHub/Sberatele_Podtacku/images/00387_front.webp,91ac5af06e942fa3,3c7c6e7e7e3c2400
C:/Users/ASUS GAMING/Documents/GitHub/Sberatele_Podtacku/images/00388_back.webp,952d5ef47a6a68c0,003c7e037f7e3e18
C:/Users/ASUS GAMING/Documents/GitHub/Sberatele_Podtacku/images/00388_front.webp,919d4e763f703c84,103c7e6f67647c18
C:/Users/ASUS GAMING/Documents/GitHub/Sberatele_Podtacku/images/00389_back.webp,95336ec4abcad524,0000ffffffff0000
C:/Users/ASUS GAMING/Documents/GitHub/Sberatele_Podtacku/images/00389_front.webp,844a7bb7bc688077,0000ffffffff0000
C:/Users/ASUS GAMING/Documents/GitHub/Sberatele_Podtacku/images/00390_back.webp,943d48dd0bf23d62,086646ffe7666618
C:/Users/ASUS GAMING/Documents/GitHub/Sberatele_Podtacku/images/00390_front.webp,912d5fdd0a726d21,006666ffe7666618
C:/Users/ASUS GAMING/Documents/GitHub/Sberatele_Podtacku/images/00391_back.webp,858e5a7d6b3839e0,003e7e7f7f5e0600
C:/Users/ASUS GAMING/Documents/GitHub/Sberatele_Podtacku/images/00391_front.webp,91855e7e1a786de0,08267e7f7f7e0600
C:/Users/ASUS GAMING/Documents/GitHub/Sberatele_Podtacku/images/00392_back.webp,910f447d0bf26f70,185a02ffff8e4238
C:/Users/ASUS GAMING/Documents/GitHub/Sberatele_Podtacku/images/00392_front.webp,90915e1e6f626dc9,187e66e7ff042c18
C:/Users/ASUS GAMING/Documents/GitHub/Sberatele_Podtacku/images/00393_back.webp,94275bd96fc00f70,181a3c7e7e3e5a18
C:/Users/ASUS GAMING/Documents/GitHub/Sberatele_Podtacku/images/00393_front.webp,90275bd92fca1e70,181a3e7e7e3c5a18
C:/Users/ASUS GAMING/Documents/GitHub/Sberatele_Podtacku/images/00394_back.webp,952d5ab56ad039d2,003c7e7e7e7e3c00
C:/Users/ASUS GAMING/Documents/GitHub/Sberatele_Podtacku/images/00394_front.webp,848e53b16a6e6ccb,183e3e1f7f7e0600
C:/Users/ASUS GAMING/Documents/GitHub/Sberatele_Podtacku/images/00395_back.webp,913a45c7447f1597,001f0f0e7e7a7e0e
C:/Users/ASUS GAMING/Documents/GitHub/Sberatele_Podtacku/images/00395_front.webp,95aa702d449774dd,021f3f7f3e0e3e00
C:/Users/ASUS GAMING/Documents/GitHub/Sberatele_Podtacku/images/00396_back.webp,9486333b4de94f38,00777f7e7e664600
C:/Users/ASUS GAMING/Documents/GitHub/Sberatele_Podtacku/images/00396_front.webp,9daac4b5c2bd4495,7e9999818199997e
C:/Users/ASUS GAMING/Documents/GitHub/Sberatele_Podtacku/images/00397_back.webp,953b15db546c41e5,000f63527e7e7e0e
C:/Users/ASUS GAMING/Documents/GitHub/Sberatele_Podtacku/images/00397_front.webp,91e26c173e3d426d,00fffe0e7e6e0e00
C:/Users/ASUS GAMING/Documents/GitHub/Sberatele_Podtacku/images/00398_back.webp,853b16cb547e41cd,000f63037b7f7f06
C:/Users/ASUS GAMING/Documents/GitHub/Sberatele_Podtacku/images/00398_front.webp,c4e3684f1f1d3d60,00e7ff7e7e3e1000
C:/Users/ASUS GAMING/Documents/GitHub/Sberatele_Podtacku/images/00399_back.webp,852a7f8074857fd1,0008007effff7f22
C:/Users/ASUS GAMING/Documents/GitHub/Sberatele_Podtacku/images/00399_front.webp,95a254d964d75175,007f3f3f3a3c3e00
C:/Users/ASUS GAMING/Documents/GitHub/Sberatele_Podtacku/images/00400_back.webp,c1b6457b146d166d,007e7e7e7e7c3800
C:/Users/ASUS GAMING/Documents/GitHub/Sberatele_Podtacku/images/00400_front.webp,bfab4026c1795167,7e838999bd81817e
C:/Users/ASUS GAMING/Documents/GitHub/Sberatele_Podtacku/images/00401_back.webp,957a555345d545d1,00017e7e7e7e7e02
C:/Users/ASUS GAMING/Documents/GitHub/Sberatele_Podtacku/images/00401_front.webp,bd28c4a5d52f5499,7e818981bf81997e
C:/Users/ASUS GAMING/Documents/GitHub/Sberatele_Podtacku/images/00402_back.webp,d9db2465db2460d9,f8fcfcfcfc700000
C:/Users/ASUS GAMING/Documents/GitHub/Sberatele_Podtacku/images/00402_front.webp,bc2ac1b5c53f4495,7e818981bf81997e
C:/Users/ASUS GAMING/Documents/GitHub/Sberatele_Podtacku/images/00403_back.webp,902f505555de55da,00003f7f7f7e7c04
C:/Users/ASUS GAMING/Documents/GitHub/Sberatele_Podtacku/images/00403_front.webp,bc2ac5b5c53e409d,7e818189bf81997e
C:/Users/ASUS GAMING/Documents/GitHub/Sberatele_Podtacku/images/00404_back.webp,91ba656f0d9c5073,006e7e7e3e3e3e00
C:/Users/ASUS GAMING/Documents/GitHub/Sberatele_Podtacku/images/00404_front.webp,9067711c47733c3d,006fc2fede5e5e00
C:/Users/ASUS GAMING/Documents/GitHub/Sberatele_Podtacku/images/00405_back.webp,952c5abd6af029f0,003c7e7e7e7e3c00
C:/Users/ASUS GAMING/Documents/GitHub/Sberatele_Podtacku/images/00405_front.webp,94195bfe6ac06999,003c7e7e7e7e3c00
C:/Users/ASUS GAMING/Documents/GitHub/Sberatele_Podtacku/images/00406_back.webp,952c7ab7695c27c0,003c7e7e7e7e3c00
C:/Users/ASUS GAMING/Documents/GitHub/Sberatele_Podtacku/images/00406_front.webp,95275a762b646999,003c7e7e7e7e3c00
C:/Users/ASUS GAMING/Documents/GitHub/Sberatele_Podtacku/images/00407_back.webp,952c5ab76ad86dc0,003c7e7e7e7e3c00
C:/Users/ASUS GAMING/Documents/GitHub/Sberatele_Podtacku/images/00407_front.webp,95275a362af069d9,003c7e7e7e7e3c00
C:/Users/ASUS GAMING/Documents/GitHub/Sberatele_Podtacku/images/00408_back.webp,d5a10a554f9a3e69,185a1efefe1e5810
C:/Users/ASUS GAMING/Documents/GitHub/Sberatele_Podtacku/images/00408_front.webp,958d40770bda6dd8,185e1a3fbf0e5e10
C:/Users/ASUS GAMING/Documents/GitHub/Sberatele_Podtacku/images/00409_back.webp,94c1531f5a2b3dd8,187e7e7f3c141c18
C:/Users/ASUS GAMING/Documents/GitHub/Sberatele_Podtacku/images/00409_front.webp,84b35e4b6a9c639c,083c7e7e7e7c1818
C:/Users/ASUS GAMING/Documents/GitHub/Sberatele_Podtacku/images/00410_back.webp,952d5eb56af029e0,003c7e7e7e7e3c00
C:/Users/ASUS GAMING/Documents/GitHub/Sberatele_Podtacku/images/00410_front.webp,94275b6c2eb17949,187e66e7c3427e18
C:/Users/ASUS GAMING/Documents/GitHub/Sberatele_Podtacku/images/00411_back.webp,95245a7f2ef039a4,003c7e3f3f1e6e08
C:/Users/ASUS GAMING/Documents/GitHub/Sberatele_Podtacku/images/00411_front.webp,81c3573d1af06b6c,187e72ff811e5a18
C:/Users/ASUS GAMING/Documents/GitHub/Sberatele_Podtacku/images/00412_back.webp,913b539d4a706dd8,000e2e3f3f7e6e18
C:/Users/ASUS GAMING/Documents/GitHub/Sberatele_Podtacku/images/00412_front.webp,c4374ac16f9e3c62,187e463e607e7e18
C:/Users/ASUS GAMING/Documents/GitHub/Sberatele_Podtacku/images/00413_back.webp,95d84a734a316dd9,003c7e7e7e7e3c00
C:/Users/ASUS GAMING/Documents/GitHub/Sberatele_Podtacku/images/00413_front.webp,90cb4e3169be39c3,003c7e7e6e5e3c18
C:/Users/ASUS GAMING/Documents/GitHub/Sberatele_Podtacku/images/00414_back.webp,91a7616366d94e95,003e3f3c3c7c7e18
C:/Users/ASUS GAMING/Documents/GitHub/Sberatele_Podtacku/images/00414_front.webp,956a75e1529d4837,004f3e3e7e7e2e02
C:/Users/ASUS GAMING/Documents/GitHub/Sberatele_Podtacku/images/00415_back.webp,b5925163446f559d,64ffff070703031a
C:/Users/ASUS GAMING/Documents/GitHub/Sberatele_Podtacku/images/00415_front.webp,df0b642d84f641e5,0099fcfcbede8070
C:/Users/ASUS GAMING/Documents/GitHub/Sberatele_Podtacku/images/00416_back.webp,b58a545d518dc567,1ebfff7f231a0000
C:/Users/ASUS GAMING/Documents/GitHub/Sberatele_Podtacku/images/00416_front.webp,dd2a6075c47e4167,009cbcbcbe9e807e
C:/Users/ASUS GAMING/Documents/GitHub/Sberatele_Podtacku/images/00417_back.webp,d2d26139358f512f,7efefebe081c3000
C:/Users/ASUS GAMING/Documents/GitHub/Sberatele_Podtacku/images/00417_front.webp,ddab603d85f440e5,4098fcbebe9c807c
C:/Users/ASUS GAMING/Documents/GitHub/Sberatele_Podtacku/images/00418_back.webp,cdbb1471516c453e,429b91f8cb3a9378
C:/Users/ASUS GAMING/Documents/GitHub/Sberatele_Podtacku/images/00418_front.webp,8b8a6435d5f650e5,60197d7d3f5d8130
C:/Users/ASUS GAMING/Documents/GitHub/Sberatele_Podtacku/images/00419_back.webp,d5a9211a3adf61d4,007e7e3e3c7e3e00
C:/Users/ASUS GAMING/Documents/GitHub/Sberatele_Podtacku/images/00419_front.webp,968e692966377196,003f3e7e3e3e3e00
C:/Users/ASUS GAMING/Documents/GitHub/Sberatele_Podtacku/images/00420_back.webp,85bb52b0799e6594,00ff67e343677e00
C:/Users/ASUS GAMING/Documents/GitHub/Sberatele_Podtacku/images/00420_front.webp,95bb70b7441d4527,008f9b3fbfbec200
C:/Users/ASUS GAMING/Documents/GitHub/Sberatele_Podtacku/images/00421_back.webp,916a559515b5453f,00787c7f7e7e1e00
C:/Users/ASUS GAMING/Documents/GitHub/Sberatele_Podtacku/images/00421_front.webp,95a7c1485d9f05e9,3ee73f0e00007e7e
C:/Users/ASUS GAMING/Documents/GitHub/Sberatele_Podtacku/images/00422_back.webp,953f46e64b481f31,18460abdff7a7218
C:/Users/ASUS GAMING/Documents/GitHub/Sberatele_Podtacku/images/00422_front.webp,d10916974b3e4ff0,187e58b9ff1a4618
C:/Users/ASUS GAMING/Documents/GitHub/Sberatele_Podtacku/images/00423_back.webp,95695aad2af53984,003c7e7e7e7e3c00
C:/Users/ASUS GAMING/Documents/GitHub/Sberatele_Podtacku/images/00423_front.webp,94ca538d2b3e3cd4,187c7e1f7b5e0e00
C:/Users/ASUS GAMING/Documents/GitHub/Sberatele_Podtacku/images/00424_back.webp,91a5421e3ed06ff8,003e7eff9f0c7c00
C:/Users/ASUS GAMING/Documents/GitHub/Sberatele_Podtacku/images/00424_front.webp,912057ff1ec838cb,187e4e8387ce7e18
C:/Users/ASUS GAMING/Documents/GitHub/Sberatele_Podtacku/images/00425_back.webp,95245acf6bce4b90,00027e7f7f7e3e00
C:/Users/ASUS GAMING/Documents/GitHub/Sberatele_Podtacku/images/00425_front.webp,958d506d5fe61ac2,185a3effff024218
C:/Users/ASUS GAMING/Documents/GitHub/Sberatele_Podtacku/images/00426_back.webp,952e5eb96a9069d2,003c7e7e7e7e3c00
C:/Users/ASUS GAMING/Documents/GitHub/Sberatele_Podtacku/images/00426_front.webp,949c53636f343c1e,187e1e973d267618
C:/Users/ASUS GAMING/Documents/GitHub/Sberatele_Podtacku/images/00427_back.webp,95965a9f6a782938,083e7e5fff7e0000
C:/Users/ASUS GAMING/Documents/GitHub/Sberatele_Podtacku/images/00427_front.webp,95935a5c6e582f70,187e6effff0a0800
C:/Users/ASUS GAMING/Documents/GitHub/Sberatele_Podtacku/images/00428_back.webp,949651794edc396c,082e3e3fbf3e1e00
C:/Users/ASUS GAMING/Documents/GitHub/Sberatele_Podtacku/images/00428_front.webp,962647d939926e3c,003e7ebf1f3e3c00
C:/Users/ASUS GAMING/Documents/GitHub/Sberatele_Podtacku/images/00429_back.webp,85355fc668396175,003c6edbf77e3c00
C:/Users/ASUS GAMING/Documents/GitHub/Sberatele_Podtacku/images/00429_front.webp,90364bd1396c749f,003c7ec3ff7e3c00
C:/Users/ASUS GAMING/Documents/GitHub/Sberatele_Podtacku/images/00430_back.webp,912c4fd95a726b8c,001c7e7e7e7e3e00
C:/Users/ASUS GAMING/Documents/GitHub/Sberatele_Podtacku/images/00430_front.webp,940f52dd4af27b18,003c7e1b5f7e7e00
C:/Users/ASUS GAMING/Documents/GitHub/Sberatele_Podtacku/images/00431_back.webp,8587535e4a786d69,1c3e3e7f3f3e0008
C:/Users/ASUS GAMING/Documents/GitHub/Sberatele_Podtacku/images/00431_front.webp,950d52fd4b726b42,083e7e1b1b7e7e00
C:/Users/ASUS GAMING/Documents/GitHub/Sberatele_Podtacku/images/00432_back.webp,959e4b6d7ac03a91,183e7e7f1e207e08
C:/Users/ASUS GAMING/Documents/GitHub/Sberatele_Podtacku/images/00432_front.webp,959d46f60ad86d70,003e5e3f9f7e4e00
C:/Users/ASUS GAMING/Documents/GitHub/Sberatele_Podtacku/images/00433_back.webp,90295f976a4c7972,083e42437f7e7e18
C:/Users/ASUS GAMING/Documents/GitHub/Sberatele_Podtacku/images/00433_front.webp,91955e5f6b782990,18366e6fff6e0018
C:/Users/ASUS GAMING/Documents/GitHub/Sberatele_Podtacku/images/00434_back.webp,843e5bc36b623c3c,003c1e7e7f7e3e00
C:/Users/ASUS GAMING/Documents/GitHub/Sberatele_Podtacku/images/00434_front.webp,806f1f947a58296f,003e7a7c7e7e3e00
C:/Users/ASUS GAMING/Documents/GitHub/Sberatele_Podtacku/images/00435_back.webp,806a55e555e555d5,001e3e3e7e7e7e00
C:/Users/ASUS GAMING/Documents/GitHub/Sberatele_Podtacku/images/00435_front.webp,956f453045c750df,00077f7e7e4e7e00
C:/Users/ASUS GAMING/Documents/GitHub/Sberatele_Podtacku/images/00436_back.webp,846a55b545b555e5,001e3e3e7e7e7e00
C:/Users/ASUS GAMING/Documents/GitHub/Sberatele_Podtacku/images/00436_front.webp,bc2ad5d745385591,7e818181818fdf7e
C:/Users/ASUS GAMING/Documents/GitHub/Sberatele_Podtacku/images/00437_back.webp,959e4163413555df,069f1f1f3f1f0e00
C:/Users/ASUS GAMING/Documents/GitHub/Sberatele_Podtacku/images/00437_front.webp,95aa50d3452755d7,029f1f1f7f3e0e00
C:/Users/ASUS GAMING/Documents/GitHub/Sberatele_Podtacku/images/00438_back.webp,c5c934b2695e4d4d,007f7c787a7e9e00
C:/Users/ASUS GAMING/Documents/GitHub/Sberatele_Podtacku/images/00438_front.webp,c4a76d3b324a17cc,007e7e7c7e7c7800
C:/Users/ASUS GAMING/Documents/GitHub/Sberatele_Podtacku/images/00439_back.webp,b49f740f70c958cc,02a7ff4e0626f742
C:/Users/ASUS GAMING/Documents/GitHub/Sberatele_Podtacku/images/00439_front.webp,95da52d44165563f,00fe7e5a467e7e00
C:/Users/ASUS GAMING/Documents/GitHub/Sberatele_Podtacku/images/00440_back.webp,95835da4706d71cd,1c3e3c7e7e3e1c00
C:/Users/ASUS GAMING/Documents/GitHub/Sberatele_Podtacku/images/00440_front.webp,85873e7d3d3a40c5,003e7f7f7b7e0800
C:/Users/ASUS GAMING/Documents/GitHub/Sberatele_Podtacku/images/00441_back.webp,953c5b956a1a39d2,003e7e436f7e3e08
C:/Users/ASUS GAMING/Documents/GitHub/Sberatele_Podtacku/images/00441_front.webp,848f1bfe6a316c98,183e76a1f5726e18
C:/Users/ASUS GAMING/Documents/GitHub/Sberatele_Podtacku/images/00442_back.webp,94995f662ad96c62,181e1e2f3f767e00
C:/Users/ASUS GAMING/Documents/GitHub/Sberatele_Podtacku/images/00442_front.webp,95994e663ad86f60,081e3e6f6f367e00
C:/Users/ASUS GAMING/Documents/GitHub/Sberatele_Podtacku/images/00443_back.webp,94664e993b996c66,0036766f677e3e08
C:/Users/ASUS GAMING/Documents/GitHub/Sberatele_Podtacku/images/00443_front.webp,91334edc4a7139dc,00266e677f7e6618
C:/Users/ASUS GAMING/Documents/GitHub/Sberatele_Podtacku/images/00444_back.webp,d04f451b1d5e5b0d,00f07c5c0c4cff7e
C:/Users/ASUS GAMING/Documents/GitHub/Sberatele_Podtacku/images/00444_front.webp,dfc76032708b498f,20b8befebeec80c0
C:/Users/ASUS GAMING/Documents/GitHub/Sberatele_Podtacku/images/00445_back.webp,943d5b5aae9cd1c0,00007effff7e3c00
C:/Users/ASUS GAMING/Documents/GitHub/Sberatele_Podtacku/images/00445_front.webp,c53d00cf5f9c4e61,185a20bee2bc7e3c
C:/Users/ASUS GAMING/Documents/GitHub/Sberatele_Podtacku/images/00446_back.webp,915f140a55df54d6,000c7e7e7e7e7e00
C:/Users/ASUS GAMING/Documents/GitHub/Sberatele_Podtacku/images/00446_front.webp,90e5444a179757dd,7edfff0f0d005c00
C:/Users/ASUS GAMING/Documents/GitHub/Sberatele_Podtacku/images/00447_back.webp,806a457741d755d7,000c7e7e7e7e7e00
C:/Users/ASUS GAMING/Documents/GitHub/Sberatele_Podtacku/images/00447_front.webp,90a6444b17d347df,7edfff0f0f005800
C:/Users/ASUS GAMING/Documents/GitHub/Sberatele_Podtacku/images/00448_back.webp,d4324af52fcc7d08,00247efefe7e3c00
C:/Users/ASUS GAMING/Documents/GitHub/Sberatele_Podtacku/images/00448_front.webp,c4261bf96ac63d23,002476fff77e3c00
C:/Users/ASUS GAMING/Documents/GitHub/Sberatele_Podtacku/images/00449_back.webp,92145b1f5a1f581f,00427f7e7c7e3c24
C:/Users/ASUS GAMING/Documents/GitHub/Sberatele_Podtacku/images/00449_front.webp,d01b1f1d68646d3d,003c5e7e7e7e3e00
C:/Users/ASUS GAMING/Documents/GitHub/Sberatele_Podtacku/images/00450_back.webp,d4a14bd25bc26d1b,287e427e7e7e3c00
C:/Users/ASUS GAMING/Documents/GitHub/Sberatele_Podtacku/images/00450_front.webp,c4e61b931bc3691b,2c7666665e7e7c00
C:/Users/ASUS GAMING/Documents/GitHub/Sberatele_Podtacku/images/00451_back.webp,91904ec74bd3394f,3c5e5e4e4a7e3e00
C:/Users/ASUS GAMING/Documents/GitHub/Sberatele_Podtacku/images/00451_front.webp,84e61b927a97691b,2c7666667e7e3c00
C:/Users/ASUS GAMING/Documents/GitHub/Sberatele_Podtacku/images/00452_back.webp,c0f41bd15a9269db,2c6676667e7e3c00
C:/Users/ASUS GAMING/Documents/GitHub/Sberatele_Podtacku/images/00452_front.webp,c4e30bd37a83691b,2c7666667e7e3c00
C:/Users/ASUS GAMING/Documents/GitHub/Sberatele_Podtacku/images/00453_back.webp,d0d11bb16a53399b,2c7e7e507e763c00
C:/Users/ASUS GAMING/Documents/GitHub/Sberatele_Podtacku/images/00453_front.webp,c0d21bd35ec3391b,3c7e66667a667c00
C:/Users/ASUS GAMING/Documents/GitHub/Sberatele_Podtacku/images/00454_back.webp,c1e11fc72bd03c17,207e667c6e7e7c00
C:/Users/ASUS GAMING/Documents/GitHub/Sberatele_Podtacku/images/00454_front.webp,c4a70bd32ec3691b,2c7666667e7e3c00
C:/Users/ASUS GAMING/Documents/GitHub/Sberatele_Podtacku/images/00455_back.webp,d03c0f2c3f686f70,00183c7e7e7e3c3c
C:/Users/ASUS GAMING/Documents/GitHub/Sberatele_Podtacku/images/00455_front.webp,d43d086c3f786770,00187c7e6e767c3c
C:/Users/ASUS GAMING/Documents/GitHub/Sberatele_Podtacku/images/00456_back.webp,85274ed83b9d30f2,003c7e7e7e7e3c00
C:/Users/ASUS GAMING/Documents/GitHub/Sberatele_Podtacku/images/00456_front.webp,c5634ed83b9d30b2,003c7e7e7e7e3c00
C:/Users/ASUS GAMING/Documents/GitHub/Sberatele_Podtacku/images/00457_back.webp,807c7f037f8720f8,00007e7f7f7f3e00
C:/Users/ASUS GAMING/Documents/GitHub/Sberatele_Podtacku/images/00457_front.webp,d5a72a582ad27d26,003efefc1ed8fc00
C:/Users/ASUS GAMING/Documents/GitHub/Sberatele_Podtacku/images/00458_back.webp,943b7b646e92a159,00187effff7e1800
C:/Users/ASUS GAMING/Documents/GitHub/Sberatele_Podtacku/images/00458_front.webp,d19c2a637b65b08e,001c7effff7e2000
C:/Users/ASUS GAMING/Documents/GitHub/Sberatele_Podtacku/images/00459_back.webp,a0dd5d267133558e,007e7e6666676760
C:/Users/ASUS GAMING/Documents/GitHub/Sberatele_Podtacku/images/00459_front.webp,91956d6c769219ad,007e7e7e56567e00
C:/Users/ASUS GAMING/Documents/GitHub/Sberatele_Podtacku/images/00460_back.webp,d536519b1e66648d,187e62763e667e08
C:/Users/ASUS GAMING/Documents/GitHub/Sberatele_Podtacku/images/00460_front.webp,8536519f1e66619b,1c7e62763e627e08
C:/Users/ASUS GAMING/Documents/GitHub/Sberatele_Podtacku/images/00461_back.webp,c43751bd419b51da,00347c7e7e7e7e00
C:/Users/ASUS GAMING/Documents/GitHub/Sberatele_Podtacku/images/00461_front.webp,9465c48f11f35756,5a9a12ce1c1b771e
C:/Users/ASUS GAMING/Documents/GitHub/Sberatele_Podtacku/images/00462_back.webp,945f556c55934c87,007e5e7f5f407e04
C:/Users/ASUS GAMING/Documents/GitHub/Sberatele_Podtacku/images/00462_front.webp,a01f1ece5531659e,045f434343637f76
C:/Users/ASUS GAMING/Documents/GitHub/Sberatele_Podtacku/images/00463_back.webp,c5a7493f314a529d,007e7c7e7e7c7800
C:/Users/ASUS GAMING/Documents/GitHub/Sberatele_Podtacku/images/00463_front.webp,c5cd34b6695a454d,007e7c7c7e7e1e00
C:/Users/ASUS GAMING/Documents/GitHub/Sberatele_Podtacku/images/00464_back.webp,c51f123b513e15ce,007e76425a667f6a
C:/Users/ASUS GAMING/Documents/GitHub/Sberatele_Podtacku/images/00464_front.webp,8077152f5596456f,00187e7e7e7e7e00
C:/Users/ASUS GAMING/Documents/GitHub/Sberatele_Podtacku/images/00465_back.webp,803f557b44ae51ae,00007f7f774c7f60
C:/Users/ASUS GAMING/Documents/GitHub/Sberatele_Podtacku/images/00465_front.webp,d167548d4539157e,007e6e667e7e5e00
C:/Users/ASUS GAMING/Documents/GitHub/Sberatele_Podtacku/images/00466_back.webp,803f113455be15bf,001c3e7e7e7e7e00
C:/Users/ASUS GAMING/Documents/GitHub/Sberatele_Podtacku/images/00466_front.webp,d44f34b0594e53e9,04347c3c7e3e347c
C:/Users/ASUS GAMING/Documents/GitHub/Sberatele_Podtacku/images/00467_back.webp,941e4ce7117b519d,1618187e7efef808
C:/Users/ASUS GAMING/Documents/GitHub/Sberatele_Podtacku/images/00467_front.webp,d4d930b41537358f,4efcfcfa7e060600
C:/Users/ASUS GAMING/Documents/GitHub/Sberatele_Podtacku/images/00468_back.webp,853c5ae03a9f2f34,003c7e7e7e7e3c00
C:/Users/ASUS GAMING/Documents/GitHub/Sberatele_Podtacku/images/00468_front.webp,c51a529c0ef13c7b,180c7ebbbb7a7210
C:/Users/ASUS GAMING/Documents/GitHub/Sberatele_Podtacku/images/00469_back.webp,9a1965c69b699e98,00003c3c3c3c0001
C:/Users/ASUS GAMING/Documents/GitHub/Sberatele_Podtacku/images/00469_front.webp,9525703dc597643d,06063e7e7e0e7e30
C:/Users/ASUS GAMING/Documents/GitHub/Sberatele_Podtacku/images/00470_back.webp,c03fd5bd158d14a6,3e7462000077ff7e
C:/Users/ASUS GAMING/Documents/GitHub/Sberatele_Podtacku/images/00470_front.webp,92b731c60e786f19,066e6e3c3c7c7c0c
C:/Users/ASUS GAMING/Documents/GitHub/Sberatele_Podtacku/images/00471_back.webp,91bd94d6552d1535,3e7f0f0040667e7a
C:/Users/ASUS GAMING/Documents/GitHub/Sberatele_Podtacku/images/00471_front.webp,94b79179640f1537,2e7f0f00007e7e7c
C:/Users/ASUS GAMING/Documents/GitHub/Sberatele_Podtacku/images/00472_back.webp,8463d3fc5c97c107,5601231ad1db3f7a
C:/Users/ASUS GAMING/Documents/GitHub/Sberatele_Podtacku/images/00472_front.webp,c50f94d1d32d3c96,3e9b10007ec3e37e
C:/Users/ASUS GAMING/Documents/GitHub/Sberatele_Podtacku/images/00473_back.webp,c93636dbc8c92437,000018fcfcfcfcfc
C:/Users/ASUS GAMING/Documents/GitHub/Sberatele_Podtacku/images/00473_front.webp,d409153f49971e6d,007c7c7e74ecf640
C:/Users/ASUS GAMING/Documents/GitHub/Sberatele_Podtacku/images/00474_back.webp,943f516b4467559c,000e7e56464e7e7e
C:/Users/ASUS GAMING/Documents/GitHub/Sberatele_Podtacku/images/00474_front.webp,d4ca153f41951fa5,3c7e7c7c7428e640
C:/Users/ASUS GAMING/Documents/GitHub/Sberatele_Podtacku/images/00475_back.webp,95b67a3d44c89539,007e7e7e7e7e1800
C:/Users/ASUS GAMING/Documents/GitHub/Sberatele_Podtacku/images/00475_front.webp,9597694b656c3631,183e7e7e7e3e1800
C:/Users/ASUS GAMING/Documents/GitHub/Sberatele_Podtacku/images/00476_back.webp,9f3fc03e843e8136,1881bdb197be807e
C:/Users/ASUS GAMING/Documents/GitHub/Sberatele_Podtacku/images/00476_front.webp,8a0d9537c53d919b,3e191919bdbd007e
C:/Users/ASUS GAMING/Documents/GitHub/Sberatele_Podtacku/images/00477_back.webp,d4cd113749971e69,1c7e7c7e7c066640
C:/Users/ASUS GAMING/Documents/GitHub/Sberatele_Podtacku/images/00477_front.webp,9077c59a51e7143d,3e66060e1c067f7e
C:/Users/ASUS GAMING/Documents/GitHub/Sberatele_Podtacku/images/00478_back.webp,d48d513649971e6d,0e7e7e7e72066640
C:/Users/ASUS GAMING/Documents/GitHub/Sberatele_Podtacku/images/00478_front.webp,8077599d5533153e,007e6666767e7c14
C:/Users/ASUS GAMING/Documents/GitHub/Sberatele_Podtacku/images/00479_back.webp,953a957ed067414b,141c1bfe3c087c7e
C:/Users/ASUS GAMING/Documents/GitHub/Sberatele_Podtacku/images/00479_front.webp,8037db39648f51b9,007e7e42427e7f70
C:/Users/ASUS GAMING/Documents/GitHub/Sberatele_Podtacku/images/00480_back.webp,954d61b544da5ccb,103e3c3e3e7e2f20
C:/Users/ASUS GAMING/Documents/GitHub/Sberatele_Podtacku/images/00480_front.webp,d49f0435117f139d,1e183c7e7e18f858
C:/Users/ASUS GAMING/Documents/GitHub/Sberatele_Podtacku/images/00481_back.webp,841d503750be55bf,001c3e7e7e7e7e00
C:/Users/ASUS GAMING/Documents/GitHub/Sberatele_Podtacku/images/00481_front.webp,95d554a6543c559b,6e7e0e030f7f4f00
C:/Users/ASUS GAMING/Documents/GitHub/Sberatele_Podtacku/images/00482_back.webp,9569053d159751d7,02407e7e05477f3e
C:/Users/ASUS GAMING/Documents/GitHub/Sberatele_Podtacku/images/00482_front.webp,9542653966b562b7,007c3e7e7e5e3e00
C:/Users/ASUS GAMING/Documents/GitHub/Sberatele_Podtacku/images/00483_back.webp,c036556b15ed41b7,003c7e7e7e787830
C:/Users/ASUS GAMING/Documents/GitHub/Sberatele_Podtacku/images/00483_front.webp,857554db53e04d87,060b3f27273f1f06
C:/Users/ASUS GAMING/Documents/GitHub/Sberatele_Podtacku/images/00484_back.webp,ab17d43dd43c9426,7fbd8181858181ff
C:/Users/ASUS GAMING/Documents/GitHub/Sberatele_Podtacku/images/00484_front.webp,e23f94f291c885ce,0ea0b0e0ecf1f17e
C:/Users/ASUS GAMING/Documents/GitHub/Sberatele_Podtacku/images/00485_back.webp,d50f50b159b547e1,42b7360e7e36f640
C:/Users/ASUS GAMING/Documents/GitHub/Sberatele_Podtacku/images/00485_front.webp,d5dc7172252912b7,00fe3e3e3e3e3e00
C:/Users/ASUS GAMING/Documents/GitHub/Sberatele_Podtacku/images/00486_back.webp,b15dcc33738c44b6,003a1a6666667f7e
C:/Users/ASUS GAMING/Documents/GitHub/Sberatele_Podtacku/images/00486_front.webp,c437559919ea6437,006666767f747c70
C:/Users/ASUS GAMING/Documents/GitHub/Sberatele_Podtacku/images/00487_back.webp,951f08f17e396ac2,003c3c7efe7e3c10
C:/Users/ASUS GAMING/Documents/GitHub/Sberatele_Podtacku/images/00487_front.webp,c5d91a6e6b933864,103c7efb630a7e18
C:/Users/ASUS GAMING/Documents/GitHub/Sberatele_Podtacku/images/00488_back.webp,84c7539b6b3e2cc2,187a763f3f1e1e00
C:/Users/ASUS GAMING/Documents/GitHub/Sberatele_Podtacku/images/00488_front.webp,c594126d6e933967,187e4afbe3486e18
C:/Users/ASUS GAMING/Documents/GitHub/Sberatele_Podtacku/images/00489_back.webp,8581579f6a786d34,187e73f9bfbd0000
C:/Users/ASUS GAMING/Documents/GitHub/Sberatele_Podtacku/images/00489_front.webp,c5d4126d6e933966,187e4efbe3086e18
C:/Users/ASUS GAMING/Documents/GitHub/Sberatele_Podtacku/images/00490_back.webp,958f58343a3a6bc9,103c3e7e7e7e1c08
C:/Users/ASUS GAMING/Documents/GitHub/Sberatele_Podtacku/images/00490_front.webp,c44f5f917a303963,00383e7e7e7e7e00
C:/Users/ASUS GAMING/Documents/GitHub/Sberatele_Podtacku/images/00491_back.webp,95305e8c6a9f68d3,00047e7f7f7e3e00
C:/Users/ASUS GAMING/Documents/GitHub/Sberatele_Podtacku/images/00491_front.webp,c08c0d742fdb3b33,107c7dfde7e46400
C:/Users/ASUS GAMING/Documents/GitHub/Sberatele_Podtacku/images/00492_back.webp,919b4ae46e386b99,183c3e7e7e7e1c00
C:/Users/ASUS GAMING/Documents/GitHub/Sberatele_Podtacku/images/00492_front.webp,944e0fb17a353b52,00343c7efe7e7e00
C:/Users/ASUS GAMING/Documents/GitHub/Sberatele_Podtacku/images/00493_back.webp,946649697b926e66,003c367e667e7e18
C:/Users/ASUS GAMING/Documents/GitHub/Sberatele_Podtacku/images/00493_front.webp,9472583d6b936e26,003c3e7e667e3e18
C:/Users/ASUS GAMING/Documents/GitHub/Sberatele_Podtacku/images/00494_back.webp,8463576f5abc2c19,002c7e5f3b763e18
C:/Users/ASUS GAMING/Documents/GitHub/Sberatele_Podtacku/images/00494_front.webp,900e577f4ab43f60,185600ffff087e38
C:/Users/ASUS GAMING/Documents/GitHub/Sberatele_Podtacku/images/00495_back.webp,813b573c5ab07a8b,003a7c7e3e7e7e00
C:/Users/ASUS GAMING/Documents/GitHub/Sberatele_Podtacku/images/00495_front.webp,c01e14394bcf1bbd,00767279c94f7a3c
C:/Users/ASUS GAMING/Documents/GitHub/Sberatele_Podtacku/images/00496_back.webp,81295f3c3e927a4b,007a5c7e3e7e7e00
C:/Users/ASUS GAMING/Documents/GitHub/Sberatele_Podtacku/images/00496_front.webp,c037555a1f2c1eda,006e46777d7a7838
C:/Users/ASUS GAMING/Documents/GitHub/Sberatele_Podtacku/images/00497_back.webp,81715f2e1ab27a8b,003a7c7e3e7e7e00
C:/Users/ASUS GAMING/Documents/GitHub/Sberatele_Podtacku/images/00497_front.webp,c11b45725bcd1e96,180e3efbc7437238
C:/Users/ASUS GAMING/Documents/GitHub/Sberatele_Podtacku/images/00498_back.webp,91690f361ed07acb,007a5c7e3e7e7e00
C:/Users/ASUS GAMING/Documents/GitHub/Sberatele_Podtacku/images/00498_front.webp,c53e11334ec91fcc,00461a79f6677e3c
C:/Users/ASUS GAMING/Documents/GitHub/Sberatele_Podtacku/images/00499_back.webp,81394f3c3ab07a8f,003a7c7e3e7e7e00
C:/Users/ASUS GAMING/Documents/GitHub/Sberatele_Podtacku/images/00499_front.webp,c41f14325b6d5e95,18667271ec67723c
C:/Users/ASUS GAMING/Documents/GitHub/Sberatele_Podtacku/images/00500_back.webp,94e2783f63392c36,007c7e7e7e3e1e00
C:/Users/ASUS GAMING/Documents/GitHub/Sberatele_Podtacku/images/00500_front.webp,914916b647bc1de3,187e5ae3e70e5e10
C:/Users/ASUS GAMING/Documents/GitHub/Sberatele_Podtacku/images/00501_back.webp,8f32106dd1dbc69c,3c01b5b9b9b1097e
C:/Users/ASUS GAMING/Documents/GitHub/Sberatele_Podtacku/images/00501_front.webp,853a41c916371fde,1c5a0087d77b7a3c
C:/Users/ASUS GAMING/Documents/GitHub/Sberatele_Podtacku/images/00502_back.webp,81695f2c3e927a4b,007a5c7e3e7e7e00
C:/Users/ASUS GAMING/Documents/GitHub/Sberatele_Podtacku/images/00502_front.webp,9024471d5bde1dab,007e775f4f3e3c00
C:/Users/ASUS GAMING/Documents/GitHub/Sberatele_Podtacku/images/00503_back.webp,9570401f13ef4ebc,007e7e3f1e3e3a04
C:/Users/ASUS GAMING/Documents/GitHub/Sberatele_Podtacku/images/00503_front.webp,ce36106dd1dbc61c,3e00b5b9b9b1097e
C:/Users/ASUS GAMING/Documents/GitHub/Sberatele_Podtacku/images/00504_back.webp,8515552751a755af,001e3e3e7e7e7e00
C:/Users/ASUS GAMING/Documents/GitHub/Sberatele_Podtacku/images/00504_front.webp,8075159f193d65a7,007e42427e7e7f64
C:/Users/ASUS GAMING/Documents/GitHub/Sberatele_Podtacku/images/00505_back.webp,95246ec36ad278b5,003e467e7e7e7e00
C:/Users/ASUS GAMING/Documents/GitHub/Sberatele_Podtacku/images/00505_front.webp,868f7d3c6631309e,003c3e7e7e7e7c00
C:/Users/ASUS GAMING/Documents/GitHub/Sberatele_Podtacku/images/00506_back.webp,91b749463f781a78,003c7e7e7e3e3818
C:/Users/ASUS GAMING/Documents/GitHub/Sberatele_Podtacku/images/00506_front.webp,d1934f3c1bd06e98,183e7e7e5e107838
C:/Users/ASUS GAMING/Documents/GitHub/Sberatele_Podtacku/images/00507_back.webp,d467093e3ef81a61,003c7e7e7e3e3818
C:/Users/ASUS GAMING/Documents/GitHub/Sberatele_Podtacku/images/00507_front.webp,8027591e6f780fe9,003c7e7e7e3e5818
C:/Users/ASUS GAMING/Documents/GitHub/Sberatele_Podtacku/images/00508_back.webp,9126413f4bf82fd8,186642cbff427e38
C:/Users/ASUS GAMING/Documents/GitHub/Sberatele_Podtacku/images/00508_front.webp,d536484f0ff80ec9,10247e7e7e3e5c18
C:/Users/ASUS GAMING/Documents/GitHub/Sberatele_Podtacku/images/00509_back.webp,9136557e1af86ad0,1c6643899f837e3c
C:/Users/ASUS GAMING/Documents/GitHub/Sberatele_Podtacku/images/00509_front.webp,912a5f717a913867,003e7e3e247e7e18
C:/Users/ASUS GAMING/Documents/GitHub/Sberatele_Podtacku/images/00510_back.webp,9136443f4bf82fd0,186e420fff427e38
C:/Users/ASUS GAMING/Documents/GitHub/Sberatele_Podtacku/images/00510_front.webp,d52640df0f703f98,18664aa4bdda7e38
C:/Users/ASUS GAMING/Documents/GitHub/Sberatele_Podtacku/images/00511_back.webp,807555b6459e558f,024200167f3f7f7e
C:/Users/ASUS GAMING/Documents/GitHub/Sberatele_Podtacku/images/00511_front.webp,848f759935373097,0e3f3f3e3e1c3c00
C:/Users/ASUS GAMING/Documents/GitHub/Sberatele_Podtacku/images/00512_back.webp,957a5e944a6f3c90,001c1e7e7f7e3e08
C:/Users/ASUS GAMING/Documents/GitHub/Sberatele_Podtacku/images/00512_front.webp,946c4fc32bb06d69,1016765e7c7e5e18
C:/Users/ASUS GAMING/Documents/GitHub/Sberatele_Podtacku/images/00513_back.webp,9141753ec2e1f48f,00007e7f7f7e1c38
C:/Users/ASUS GAMING/Documents/GitHub/Sberatele_Podtacku/images/00513_front.webp,9505553ec2e1749f,00047e7f7f7e1c30
C:/Users/ASUS GAMING/Documents/GitHub/Sberatele_Podtacku/images/00514_back.webp,95156c36c3c33c9d,000e7e7e7e7e3e00
C:/Users/ASUS GAMING/Documents/GitHub/Sberatele_Podtacku/images/00514_front.webp,95df713811a6518f,003e3e7e7e1e7e00
C:/Users/ASUS GAMING/Documents/GitHub/Sberatele_Podtacku/images/00515_back.webp,9495575a0b6e5a35,187e4fffdf240018
C:/Users/ASUS GAMING/Documents/GitHub/Sberatele_Podtacku/images/00515_front.webp,846d5de67a71188e,00267e67677e3e18
C:/Users/ASUS GAMING/Documents/GitHub/Sberatele_Podtacku/images/00516_back.webp,953a5ab56ad02dd2,00007e7e7e7e7e18
C:/Users/ASUS GAMING/Documents/GitHub/Sberatele_Podtacku/images/00516_front.webp,8424577b5af26e1c,00387e7e5e7e3e08
C:/Users/ASUS GAMING/Documents/GitHub/Sberatele_Podtacku/images/00517_back.webp,95385fb56ac069d2,00087e7e7e7e3e18
C:/Users/ASUS GAMING/Documents/GitHub/Sberatele_Podtacku/images/00517_front.webp,803e5fb52ad27d30,00385e7f7f7e3c00
C:/Users/ASUS GAMING/Documents/GitHub/Sberatele_Podtacku/images/00518_back.webp,c1664ec83b936e6c,1832666fc97a7e18
C:/Users/ASUS GAMING/Documents/GitHub/Sberatele_Podtacku/images/00518_front.webp,c74b18b44ee11f72,38383c3e3e3e7e10
C:/Users/ASUS GAMING/Documents/GitHub/Sberatele_Podtacku/images/00519_back.webp,951d5e726ac9296c,003e5a7f7e7e3c00
C:/Users/ASUS GAMING/Documents/GitHub/Sberatele_Podtacku/images/00519_front.webp,856c32f16b4bcc3c,001c3e7f7e7e3e00
C:/Users/ASUS GAMING/Documents/GitHub/Sberatele_Podtacku/images/00520_back.webp,948655dc5a796966,187e183dbf1c5e18
C:/Users/ASUS GAMING/Documents/GitHub/Sberatele_Podtacku/images/00520_front.webp,942f43b50ae23f8d,187e18c19f467e3c
C:/Users/ASUS GAMING/Documents/GitHub/Sberatele_Podtacku/images/00521_back.webp,95c35a3c6f702c39,003e7e7f7f3e0c00
C:/Users/ASUS GAMING/Documents/GitHub/Sberatele_Podtacku/images/00521_front.webp,95c35a3e6f302c69,003c7e7f7f7e0c00
C:/Users/ASUS GAMING/Documents/GitHub/Sberatele_Podtacku/images/00522_back.webp,923d557f0af04ec4,1c423da5a5bd663c
C:/Users/ASUS GAMING/Documents/GitHub/Sberatele_Podtacku/images/00522_front.webp,903b57fc0ae03db1,186e0eb18f767e18
C:/Users/ASUS GAMING/Documents/GitHub/Sberatele_Podtacku/images/00523_back.webp,951540b3559e553f,003e1e7e4e7e7e40
C:/Users/ASUS GAMING/Documents/GitHub/Sberatele_Podtacku/images/00523_front.webp,d11d65e01fb0073f,2c7c0c3efcf0e870
C:/Users/ASUS GAMING/Documents/GitHub/Sberatele_Podtacku/images/00524_back.webp,8055553355be51bb,000e3e7e7e7e7e00
C:/Users/ASUS GAMING/Documents/GitHub/Sberatele_Podtacku/images/00524_front.webp,811553b56baf740b,001c7e7e7f7e3c00
C:/Users/ASUS GAMING/Documents/GitHub/Sberatele_Podtacku/images/00525_back.webp,8015553e553b55b7,003e7e7e7e764a40
C:/Users/ASUS GAMING/Documents/GitHub/Sberatele_Podtacku/images/00525_front.webp,91f5c5c1549f1595,7e661e00477f7f00
C:/Users/ASUS GAMING/Documents/GitHub/Sberatele_Podtacku/images/00526_back.webp,913f459d95b45496,3e01664e7f43427e
C:/Users/ASUS GAMING/Documents/GitHub/Sberatele_Podtacku/images/00526_front.webp,d4d5811f541d156f,46ffff1a001a9866
C:/Users/ASUS GAMING/Documents/GitHub/Sberatele_Podtacku/images/00527_back.webp,825f59b7151a37b0,00383c3ce7677d3c
C:/Users/ASUS GAMING/Documents/GitHub/Sberatele_Podtacku/images/00527_front.webp,95372a8970ce9537,02007e7f7f7f1e00
C:/Users/ASUS GAMING/Documents/GitHub/Sberatele_Podtacku/images/00528_back.webp,853b5fe57ac06892,001c3e7e7e7e3c18
C:/Users/ASUS GAMING/Documents/GitHub/Sberatele_Podtacku/images/00528_front.webp,91634e6c2b913ce7,187e66e7c3427e18
C:/Users/ASUS GAMING/Documents/GitHub/Sberatele_Podtacku/images/00529_back.webp,953a5fb57a8028c7,001c3e7e7e7e3c18
C:/Users/ASUS GAMING/Documents/GitHub/Sberatele_Podtacku/images/00529_front.webp,950c51d36e6cdb98,183c3e3f3f7e0e00
C:/Users/ASUS GAMING/Documents/GitHub/Sberatele_Podtacku/images/00530_back.webp,d12c1af32f16ea2c,0008587efffe7e08
C:/Users/ASUS GAMING/Documents/GitHub/Sberatele_Podtacku/images/00530_front.webp,91955f4a6e3c782a,187e7fff7f440000
C:/Users/ASUS GAMING/Documents/GitHub/Sberatele_Podtacku/images/00531_back.webp,9a5dc4b2c426d19f,7e8181bdbd81817e
C:/Users/ASUS GAMING/Documents/GitHub/Sberatele_Podtacku/images/00531_front.webp,ba359198953e953c,7e8199999999817e
C:/Users/ASUS GAMING/Documents/GitHub/Sberatele_Podtacku/images/00532_back.webp,817f073b54bc54b4,00005e5e5f5f7f70
C:/Users/ASUS GAMING/Documents/GitHub/Sberatele_Podtacku/images/00532_front.webp,817f073b543c15b6,00005e5a5e5f5f7e
C:/Users/ASUS GAMING/Documents/GitHub/Sberatele_Podtacku/images/00533_back.webp,843b5bb46a636d92,003c3e197f7e3e18
C:/Users/ASUS GAMING/Documents/GitHub/Sberatele_Podtacku/images/00533_front.webp,91365eec2ac34b39,001c3c675f7e7e18
C:/Users/ASUS GAMING/Documents/GitHub/Sberatele_Podtacku/images/00534_back.webp,95345eb43acb68c3,003c7e7e7e7e3c00
C:/Users/ASUS GAMING/Documents/GitHub/Sberatele_Podtacku/images/00534_front.webp,94925b732f912d9c,087c3e7f17267c18
C:/Users/ASUS GAMING/Documents/GitHub/Sberatele_Podtacku/images/00535_back.webp,956a5aa46ae569c6,001c3e3e7e7e3e18
C:/Users/ASUS GAMING/Documents/GitHub/Sberatele_Podtacku/images/00535_front.webp,956f51698ee45b03,384281ffff81463c
C:/Users/ASUS GAMING/Documents/GitHub/Sberatele_Podtacku/images/00536_back.webp,807e556b15ea45cb,000c3e3e7e7e7e06
C:/Users/ASUS GAMING/Documents/GitHub/Sberatele_Podtacku/images/00536_front.webp,80d77c3cd528c5e3,003c7e7e7e3c007e
C:/Users/ASUS GAMING/Documents/GitHub/Sberatele_Podtacku/images/00537_back.webp,c1e31c3c4af199c7,00007e7e7f7e3e18
C:/Users/ASUS GAMING/Documents/GitHub/Sberatele_Podtacku/images/00537_front.webp,856d50b24ab58f6b,18423abfbf3f4218
C:/Users/ASUS GAMING/Documents/GitHub/Sberatele_Podtacku/images/00538_back.webp,913356cb1b316cce,006666c39f7e7e18
C:/Users/ASUS GAMING/Documents/GitHub/Sberatele_Podtacku/images/00538_front.webp,91815ede6b293a9c,187e1e7f3f3c1c00
C:/Users/ASUS GAMING/Documents/GitHub/Sberatele_Podtacku/images/00539_back.webp,957a5ee02ae56896,001c3e7e7e7e3c18
C:/Users/ASUS GAMING/Documents/GitHub/Sberatele_Podtacku/images/00539_front.webp,913345de4ed91b70,1c46cf89819d7e3c
C:/Users/ASUS GAMING/Documents/GitHub/Sberatele_Podtacku/images/00540_back.webp,815e95334cab741f,001c7e7800677f7f
C:/Users/ASUS GAMING/Documents/GitHub/Sberatele_Podtacku/images/00540_front.webp,d1bf24d2c9e9911c,6e061ff93cec6032
C:/Users/ASUS GAMING/Documents/GitHub/Sberatele_Podtacku/images/00541_back.webp,815e85335cab741f,001c7e7800677f7f
C:/Users/ASUS GAMING/Documents/GitHub/Sberatele_Podtacku/images/00541_front.webp,dc5765b385cc5087,7080d8bbffced110
C:/Users/ASUS GAMING/Documents/GitHub/Sberatele_Podtacku/images/00542_back.webp,95b04ac73a3b6dc8,185e6adfff3e2000
C:/Users/ASUS GAMING/Documents/GitHub/Sberatele_Podtacku/images/00542_front.webp,946f43346eca38a7,187e7e81817e7e18
C:/Users/ASUS GAMING/Documents/GitHub/Sberatele_Podtacku/images/00543_back.webp,815f85335c2b741f,00387e7800677f7f
C:/Users/ASUS GAMING/Documents/GitHub/Sberatele_Podtacku/images/00543_front.webp,80a30de4573b556f,027f074777df1700
C:/Users/ASUS GAMING/Documents/GitHub/Sberatele_Podtacku/images/00544_back.webp,94235fe47ad27883,001c3e7e7e7e3c18
C:/Users/ASUS GAMING/Documents/GitHub/Sberatele_Podtacku/images/00544_front.webp,91d14f3e5a316d46,003e7e7e7e7e2600
C:/Users/ASUS GAMING/Documents/GitHub/Sberatele_Podtacku/images/00545_back.webp,956e7b8e4a314e31,000e3e3e7e7e7e04
C:/Users/ASUS GAMING/Documents/GitHub/Sberatele_Podtacku/images/00545_front.webp,912c6b3372c96e2e,001e1c7e3e3e7c6c
C:/Users/ASUS GAMING/Documents/GitHub/Sberatele_Podtacku/images/00546_back.webp,91867b42167bc63b,007e7e7e7e7e000c
C:/Users/ASUS GAMING/Documents/GitHub/Sberatele_Podtacku/images/00546_front.webp,853c1b494fc33bc3,100266667e5a7e7e
C:/Users/ASUS GAMING/Documents/GitHub/Sberatele_Podtacku/images/00547_back.webp,916d46f48f174ee0,100818ffff9e4a3c
C:/Users/ASUS GAMING/Documents/GitHub/Sberatele_Podtacku/images/00547_front.webp,911d46f4cb174fe0,080a1c7fff1e4a3c
C:/Users/ASUS GAMING/Documents/GitHub/Sberatele_Podtacku/images/00548_back.webp,91255e3e6ae16996,001c7e7e1f7e3e08
C:/Users/ASUS GAMING/Documents/GitHub/Sberatele_Podtacku/images/00548_front.webp,94325f797a846c33,0024667e7f7e3e18
C:/Users/ASUS GAMING/Documents/GitHub/Sberatele_Podtacku/images/00549_back.webp,9463493e6bc53c69,003c3e7f171e7e18
C:/Users/ASUS GAMING/Documents/GitHub/Sberatele_Podtacku/images/00549_front.webp,95375ec86ac56833,002c667f7f7e3e00
C:/Users/ASUS GAMING/Documents/GitHub/Sberatele_Podtacku/images/00550_back.webp,b1321a4f47cf445d,0667464262767e7e
C:/Users/ASUS GAMING/Documents/GitHub/Sberatele_Podtacku/images/00550_front.webp,843d5897713d7531,007e426667767e78
C:/Users/ASUS GAMING/Documents/GitHub/Sberatele_Podtacku/images/00551_back.webp,986967966b989a65,00383c3c7f7e7e18
C:/Users/ASUS GAMING/Documents/GitHub/Sberatele_Podtacku/images/00551_front.webp,c86c37936b889e71,003c3c3d7d7e7e10
C:/Users/ASUS GAMING/Documents/GitHub/Sberatele_Podtacku/images/00552_back.webp,959e4e288f966e68,101e3c7e7f067e18
C:/Users/ASUS GAMING/Documents/GitHub/Sberatele_Podtacku/images/00552_front.webp,843c57c26a3d3dc3,187e7e01257e7e18
C:/Users/ASUS GAMING/Documents/GitHub/Sberatele_Podtacku/images/00553_back.webp,95a47a46795e6178,003e7e7e7e3e1c08
C:/Users/ASUS GAMING/Documents/GitHub/Sberatele_Podtacku/images/00553_front.webp,9da66a18626ecd8b,003e7e7e7e7e1c00
C:/Users/ASUS GAMING/Documents/GitHub/Sberatele_Podtacku/images/00554_back.webp,803f45df113845ef,002642666e7e7e7e
C:/Users/ASUS GAMING/Documents/GitHub/Sberatele_Podtacku/images/00554_front.webp,b075cf93519c4437,0e66424243677f7e
C:/Users/ASUS GAMING/Documents/GitHub/Sberatele_Podtacku/images/00555_back.webp,aa37d428d586d5ac,7f8181bd8181997f
C:/Users/ASUS GAMING/Documents/GitHub/Sberatele_Podtacku/images/00555_front.webp,aa3fc53991968599,7e8199818999997f
C:/Users/ASUS GAMING/Documents/GitHub/Sberatele_Podtacku/images/00556_back.webp,949f9570012f37f1,0efe7f3c4c04107e
C:/Users/ASUS GAMING/Documents/GitHub/Sberatele_Podtacku/images/00556_front.webp,817f7d703322649b,003c3c3c3c7e7e3c
C:/Users/ASUS GAMING/Documents/GitHub/Sberatele_Podtacku/images/00557_back.webp,919d17b31d2d44e6,0e0f4f0f4f4f6704
C:/Users/ASUS GAMING/Documents/GitHub/Sberatele_Podtacku/images/00557_front.webp,d19b4c6b1de44764,087c7e7e78787218
C:/Users/ASUS GAMING/Documents/GitHub/Sberatele_Podtacku/images/00558_back.webp,811f5e683d6547e1,003f66466e4e7f46
C:/Users/ASUS GAMING/Documents/GitHub/Sberatele_Podtacku/images/00558_front.webp,92974c2d4d614f6e,060f6f6f4f0f4704
C:/Users/ASUS GAMING/Documents/GitHub/Sberatele_Podtacku/images/00559_back.webp,811c6c873d373f31,007c667e6e7e6660
C:/Users/ASUS GAMING/Documents/GitHub/Sberatele_Podtacku/images/00559_front.webp,c71a3fc448fa11c7,04266e76767efe00
C:/Users/ASUS GAMING/Documents/GitHub/Sberatele_Podtacku/images/00560_back.webp,d0f08747d1435eb5,66c7c2f8c618671e
C:/Users/ASUS GAMING/Documents/GitHub/Sberatele_Podtacku/images/00560_front.webp,c59d61d6199e443d,16f6d2fc90f6e060
C:/Users/ASUS GAMING/Documents/GitHub/Sberatele_Podtacku/images/00561_back.webp,f0f08703d5434fb5,6ec3c2f8c618671e
C:/Users/ASUS GAMING/Documents/GitHub/Sberatele_Podtacku/images/00561_front.webp,d5bb51560997425d,0c83ff1f70f4d260
C:/Users/ASUS GAMING/Documents/GitHub/Sberatele_Podtacku/images/00562_back.webp,81c35e3e6b99194b,003e7e7f783e1c18
C:/Users/ASUS GAMING/Documents/GitHub/Sberatele_Podtacku/images/00562_front.webp,81b61e593a36e3c3,003e7e6f7d7c3c00
C:/Users/ASUS GAMING/Documents/GitHub/Sberatele_Podtacku/images/00563_back.webp,94635eb16a95699a,000c367e7f7e3e18
C:/Users/ASUS GAMING/Documents/GitHub/Sberatele_Podtacku/images/00563_front.webp,953854e74bcc6d32,184e1ebdb57a5618
C:/Users/ASUS GAMING/Documents/GitHub/Sberatele_Podtacku/images/00564_back.webp,95684ad16b8665d7,003c7e7e7e7e3c00
C:/Users/ASUS GAMING/Documents/GitHub/Sberatele_Podtacku/images/00564_front.webp,94734e9c2b2674d3,003c7e7e7e7e3c00
C:/Users/ASUS GAMING/Documents/GitHub/Sberatele_Podtacku/images/00565_back.webp,91c15e5e4a072df9,185e7f7f7f1e0000
C:/Users/ASUS GAMING/Documents/GitHub/Sberatele_Podtacku/images/00565_front.webp,9190556f4ae52f96,187e7eff3d201218
C:/Users/ASUS GAMING/Documents/GitHub/Sberatele_Podtacku/images/00566_back.webp,81375e6c1bc56d19,00047e7f7f7a7c08
C:/Users/ASUS GAMING/Documents/GitHub/Sberatele_Podtacku/images/00566_front.webp,9491516a5ae17e97,187e7eff3d201218
C:/Users/ASUS GAMING/Documents/GitHub/Sberatele_Podtacku/images/00567_back.webp,942a56bc6b336837,00366f6faf7e2e00
C:/Users/ASUS GAMING/Documents/GitHub/Sberatele_Podtacku/images/00567_front.webp,85695a071f995f62,18427aff203e7e1c
C:/Users/ASUS GAMING/Documents/GitHub/Sberatele_Podtacku/images/00568_back.webp,88d87c8f259351be,7e995d2f331b0d02
C:/Users/ASUS GAMING/Documents/GitHub/Sberatele_Podtacku/images/00568_front.webp,87947cc972a55539,3e7e7e3e3c3c0900
C:/Users/ASUS GAMING/Documents/GitHub/Sberatele_Podtacku/images/00569_back.webp,95395ae60a9d29f2,000c1e1f7f7e7e18
C:/Users/ASUS GAMING/Documents/GitHub/Sberatele_Podtacku/images/00569_front.webp,c4394f913e6c3d43,001c147fff7e7830
C:/Users/ASUS GAMING/Documents/GitHub/Sberatele_Podtacku/images/00570_back.webp,af3fd522c509d126,7e81819dbd85817e
C:/Users/ASUS GAMING/Documents/GitHub/Sberatele_Podtacku/images/00570_front.webp,bf2fc46e812ad4c2,1e018d8f8f819d7e
C:/Users/ASUS GAMING/Documents/GitHub/Sberatele_Podtacku/images/00571_back.webp,85e2505157e7674b,2c4e7fff1c3e1800
C:/Users/ASUS GAMING/Documents/GitHub/Sberatele_Podtacku/images/00571_front.webp,a52e5075d0edc07e,020333ff833b037f
C:/Users/ASUS GAMING/Documents/GitHub/Sberatele_Podtacku/images/00572_back.webp,91f0d0d54d4d2737,7eff3f08103e3e00
C:/Users/ASUS GAMING/Documents/GitHub/Sberatele_Podtacku/images/00572_front.webp,849e98737171752d,3c3e3f223e627a18
C:/Users/ASUS GAMING/Documents/GitHub/Sberatele_Podtacku/images/00573_back.webp,85385ec23ea769ca,003c7e7e7e7e3c00
C:/Users/ASUS GAMING/Documents/GitHub/Sberatele_Podtacku/images/00573_front.webp,94325bec4eb1391b,003c5e7e7e7e3c10
C:/Users/ASUS GAMING/Documents/GitHub/Sberatele_Podtacku/images/00574_back.webp,9517d46f411e54e5,067e7e00a300ff7e
C:/Users/ASUS GAMING/Documents/GitHub/Sberatele_Podtacku/images/00574_front.webp,d713796c4c9c50d3,00263e3e7e7e7f00
C:/Users/ASUS GAMING/Documents/GitHub/Sberatele_Podtacku/images/00575_back.webp,84f759991966174e,387e6647477f4700
C:/Users/ASUS GAMING/Documents/GitHub/Sberatele_Podtacku/images/00575_front.webp,846e468f7b393934,107657017f7f7e00
C:/Users/ASUS GAMING/Documents/GitHub/Sberatele_Podtacku/images/00576_back.webp,807f553655371536,001e3e3e7e7e7e00
C:/Users/ASUS GAMING/Documents/GitHub/Sberatele_Podtacku/images/00576_front.webp,84373bc0d43ec43f,000e3fff7f7e0600
C:/Users/ASUS GAMING/Documents/GitHub/Sberatele_Podtacku/images/00577_back.webp,85955fc817374e1a,3cff7e667e780000
C:/Users/ASUS GAMING/Documents/GitHub/Sberatele_Podtacku/images/00577_front.webp,806a5e6d45c75e65,007e6643437f7f18
C:/Users/ASUS GAMING/Documents/GitHub/Sberatele_Podtacku/images/00578_back.webp,9eb745c9c10fc471,3ebfbf1ddd1c0000
C:/Users/ASUS GAMING/Documents/GitHub/Sberatele_Podtacku/images/00578_front.webp,874b50da0dcb1e9d,00223f3d3f377e06
C:/Users/ASUS GAMING/Documents/GitHub/Sberatele_Podtacku/images/00579_back.webp,d5d7607e606bc063,70fefebebc1c0800
C:/Users/ASUS GAMING/Documents/GitHub/Sberatele_Podtacku/images/00579_front.webp,964f353245d9362d,003e7f7c37661e06
C:/Users/ASUS GAMING/Documents/GitHub/Sberatele_Podtacku/images/00580_back.webp,95684a876bc76d8c,181c5e7e7e4e3c18
C:/Users/ASUS GAMING/Documents/GitHub/Sberatele_Podtacku/images/00580_front.webp,85c75a383acf6d48,183c7e7e1e1e3c18
C:/Users/ASUS GAMING/Documents/GitHub/Sberatele_Podtacku/images/00581_back.webp,91684aa36bc76d9c,181c5e4e7e7e3c18
C:/Users/ASUS GAMING/Documents/GitHub/Sberatele_Podtacku/images/00581_front.webp,95c25a0d6b396d6c,183c7e7e7e7e1800
C:/Users/ASUS GAMING/Documents/GitHub/Sberatele_Podtacku/images/00582_back.webp,95684aa36bc36d9c,181c5e1e7e7e3c18
C:/Users/ASUS GAMING/Documents/GitHub/Sberatele_Podtacku/images/00582_front.webp,956a4ac96a972d6c,183c7e66667e3c18
C:/Users/ASUS GAMING/Documents/GitHub/Sberatele_Podtacku/images/00583_back.webp,953a5e616ba73918,003c1e7e7e3e3e18
C:/Users/ASUS GAMING/Documents/GitHub/Sberatele_Podtacku/images/00583_front.webp,95694a976a722d9a,001c3e7e7e3e3e18
C:/Users/ASUS GAMING/Documents/GitHub/Sberatele_Podtacku/images/00584_back.webp,95694a976a332de2,001c3e7e7e3e3e18
C:/Users/ASUS GAMING/Documents/GitHub/Sberatele_Podtacku/images/00584_front.webp,95365a616be3691c,003c1e7e7e7a3e18
C:/Users/ASUS GAMING/Documents/GitHub/Sberatele_Podtacku/images/00585_back.webp,95cc4a693b92396b,083c3e7e7e7e3c00
C:/Users/ASUS GAMING/Documents/GitHub/Sberatele_Podtacku/images/00585_front.webp,94934e6d691269e7,183e3e1e3e5e3c18
C:/Users/ASUS GAMING/Documents/GitHub/Sberatele_Podtacku/images/00586_back.webp,95315ac96ac6696d,003c7e7e7e7e3c00
C:/Users/ASUS GAMING/Documents/GitHub/Sberatele_Podtacku/images/00586_front.webp,84e45f1b3b30699d,187676671e3c3e18
C:/Users/ASUS GAMING/Documents/GitHub/Sberatele_Podtacku/images/00587_back.webp,819f5ee06f236a32,181e0effff784808
C:/Users/ASUS GAMING/Documents/GitHub/Sberatele_Podtacku/images/00587_front.webp,84e45f5b3a3239c9,187676675e3e1c18
C:/Users/ASUS GAMING/Documents/GitHub/Sberatele_Podtacku/images/00588_back.webp,951b42c12f3d6d2e,187e06077f7e4e18
C:/Users/ASUS GAMING/Documents/GitHub/Sberatele_Podtacku/images/00588_front.webp,94664b183ec7696d,003e46ff5f5e3e00
C:/Users/ASUS GAMING/Documents/GitHub/Sberatele_Podtacku/images/00589_back.webp,85905acf7a7a6938,187e3e7f7f3e0000
C:/Users/ASUS GAMING/Documents/GitHub/Sberatele_Podtacku/images/00589_front.webp,959956646a924fd9,181a3c3f7f1c3e18
C:/Users/ASUS GAMING/Documents/GitHub/Sberatele_Podtacku/images/00590_back.webp,94845e5a4a8f6de5,186e7eff7f021c00
C:/Users/ASUS GAMING/Documents/GitHub/Sberatele_Podtacku/images/00590_front.webp,95845b5b4a8e6ed4,187e7fffff000200
C:/Users/ASUS GAMING/Documents/GitHub/Sberatele_Podtacku/images/00591_back.webp,95b15b9e4a493c69,083e0e7f7f1e3e00
C:/Users/ASUS GAMING/Documents/GitHub/Sberatele_Podtacku/images/00591_front.webp,947b5a1c4ae26b95,103636777f367e00
C:/Users/ASUS GAMING/Documents/GitHub/Sberatele_Podtacku/images/00592_back.webp,85995e666a676919,003e4e7f7f762608
C:/Users/ASUS GAMING/Documents/GitHub/Sberatele_Podtacku/images/00592_front.webp,91cc50876f7a6c39,187e7eb1837e4e08
C:/Users/ASUS GAMING/Documents/GitHub/Sberatele_Podtacku/images/00593_back.webp,959c5a654a66694f,001e7e7f7f7e2400
C:/Users/ASUS GAMING/Documents/GitHub/Sberatele_Podtacku/images/00593_front.webp,95684e994a1e6bc7,001e3e3f7f0e1e38
C:/Users/ASUS GAMING/Documents/GitHub/Sberatele_Podtacku/images/00594_back.webp,95d85a616a2f6987,183c3e3e3e3e3c18
C:/Users/ASUS GAMING/Documents/GitHub/Sberatele_Podtacku/images/00594_front.webp,85d41e0e6a6f2de4,3c7e7ef3ff080400
C:/Users/ASUS GAMING/Documents/GitHub/Sberatele_Podtacku/images/00595_back.webp,95365a4d4ac76d19,182666677f663e18
C:/Users/ASUS GAMING/Documents/GitHub/Sberatele_Podtacku/images/00595_front.webp,911e46e37a706d2d,187e42cfcb4a7e18
C:/Users/ASUS GAMING/Documents/GitHub/Sberatele_Podtacku/images/00596_back.webp,853753c84a1f6d95,18664e83777e3e18
C:/Users/ASUS GAMING/Documents/GitHub/Sberatele_Podtacku/images/00596_front.webp,91715f4a4a9569c7,181e42cfc77e3e18
C:/Users/ASUS GAMING/Documents/GitHub/Sberatele_Podtacku/images/00597_back.webp,859f5a606a966979,003c7e7f63723e18
C:/Users/ASUS GAMING/Documents/GitHub/Sberatele_Podtacku/images/00597_front.webp,91995ecc6b632ec4,181e0e637f7e1e18
C:/Users/ASUS GAMING/Documents/GitHub/Sberatele_Podtacku/images/00598_back.webp,85985e673ab0693b,003e3e3f77763e00
C:/Users/ASUS GAMING/Documents/GitHub/Sberatele_Podtacku/images/00598_front.webp,91d35ccc6ab3192d,003e6e6f3f3e3e00
C:/Users/ASUS GAMING/Documents/GitHub/Sberatele_Podtacku/images/00599_back.webp,95754e0a7696151f,00163e560e3f7f36
C:/Users/ASUS GAMING/Documents/GitHub/Sberatele_Podtacku/images/00599_front.webp,9515569656ea4d0f,061e12560e7e7f36
C:/Users/ASUS GAMING/Documents/GitHub/Sberatele_Podtacku/images/00600_back.webp,9515333b376e508e,001a7e7e7e7c7e00
C:/Users/ASUS GAMING/Documents/GitHub/Sberatele_Podtacku/images/00600_front.webp,b5154d87303a476f,069b874666279f66
C:/Users/ASUS GAMING/Documents/GitHub/Sberatele_Podtacku/images/00601_back.webp,9515103f553e153f,021e3e3e7e7e3e00
C:/Users/ASUS GAMING/Documents/GitHub/Sberatele_Podtacku/images/00601_front.webp,93dd4c691596466e,0e2e6e7e2e6e0e06
C:/Users/ASUS GAMING/Documents/GitHub/Sberatele_Podtacku/images/00602_back.webp,9515151f151f553b,061e3e3e3e3e3e02
C:/Users/ASUS GAMING/Documents/GitHub/Sberatele_Podtacku/images/00602_front.webp,b59715cc3483353e,1e7f434343c37f02
C:/Users/ASUS GAMING/Documents/GitHub/Sberatele_Podtacku/images/00603_back.webp,956358d76a3c6952,001e0e0f7f7e7e18
C:/Users/ASUS GAMING/Documents/GitHub/Sberatele_Podtacku/images/00603_front.webp,954e5ab16ac46d78,003c7e7f4f3e3e00
C:/Users/ASUS GAMING/Documents/GitHub/Sberatele_Podtacku/images/00604_back.webp,95625a376af269b0,003e3e3f1f1e3e18
C:/Users/ASUS GAMING/Documents/GitHub/Sberatele_Podtacku/images/00604_front.webp,956c5a376a7a6930,003e1e3f2f3e3e18
C:/Users/ASUS GAMING/Documents/GitHub/Sberatele_Podtacku/images/00605_back.webp,95c34f9c6a3da990,183e7e1f3f3e0608
C:/Users/ASUS GAMING/Documents/GitHub/Sberatele_Podtacku/images/00605_front.webp,85ac5ed36a686dc2,183e725b7f463e08
C:/Users/ASUS GAMING/Documents/GitHub/Sberatele_Podtacku/images/00606_back.webp,94d05b0f7a346ac7,007e3e3f3f3e1e00
C:/Users/ASUS GAMING/Documents/GitHub/Sberatele_Podtacku/images/00606_front.webp,958d521f2a786df0,183e7e1f1f0e7e00
C:/Users/ASUS GAMING/Documents/GitHub/Sberatele_Podtacku/images/00607_back.webp,95625e8b6a8d6d8c,00247e7f7f7e3c00
C:/Users/ASUS GAMING/Documents/GitHub/Sberatele_Podtacku/images/00607_front.webp,85cd52324a9f2d5b,18363a7f7f0e2618
C:/Users/ASUS GAMING/Documents/GitHub/Sberatele_Podtacku/images/00608_back.webp,95165eb63ab43ab0,083e3e3e3e3e3e08
C:/Users/ASUS GAMING/Documents/GitHub/Sberatele_Podtacku/images/00608_front.webp,94e54ae46bc24fd2,381e3e3e1e3e5c18
C:/Users/ASUS GAMING/Documents/GitHub/Sberatele_Podtacku/images/00609_back.webp,956a456955755565,003f3f1e1e3e3e06
C:/Users/ASUS GAMING/Documents/GitHub/Sberatele_Podtacku/images/00609_front.webp,8082753f5a5d4df4,18673b3f2f0f8740
C:/Users/ASUS GAMING/Documents/GitHub/Sberatele_Podtacku/images/00610_back.webp,95ea559554955695,000f3f3f1f1f7e00
C:/Users/ASUS GAMING/Documents/GitHub/Sberatele_Podtacku/images/00610_front.webp,95ba414d5175473d,408f878f9b32571e
C:/Users/ASUS GAMING/Documents/GitHub/Sberatele_Podtacku/images/00611_back.webp,93ef75394c865249,00e77f3f1f0f0f00
C:/Users/ASUS GAMING/Documents/GitHub/Sberatele_Podtacku/images/00611_front.webp,87be74ec5d914606,06072f1f3f7f2700
C:/Users/ASUS GAMING/Documents/GitHub/Sberatele_Podtacku/images/00612_back.webp,95ea559555955195,003f3f3f1f1e3e00
C:/Users/ASUS GAMING/Documents/GitHub/Sberatele_Podtacku/images/00612_front.webp,95ca61314e6773c5,003f3f3e7f1f4600
C:/Users/ASUS GAMING/Documents/GitHub/Sberatele_Podtacku/images/00613_back.webp,95f7450a599951b3,06776f1f0f0f0f02
C:/Users/ASUS GAMING/Documents/GitHub/Sberatele_Podtacku/images/00613_front.webp,97ff68c2c425c11b,400d0f7f7f7f010c
C:/Users/ASUS GAMING/Documents/GitHub/Sberatele_Podtacku/images/00614_back.webp,998f643523989f66,003e3e3fbf3e4e00
C:/Users/ASUS GAMING/Documents/GitHub/Sberatele_Podtacku/images/00614_front.webp,950f5835cace2f70,001e3e7f7f0e7e00
C:/Users/ASUS GAMING/Documents/GitHub/Sberatele_Podtacku/images/00615_back.webp,80315ff57ac078d3,00267e3f3f7e3e00
C:/Users/ASUS GAMING/Documents/GitHub/Sberatele_Podtacku/images/00615_front.webp,951e52bd6af069c8,00267e3f3f7e3e00
C:/Users/ASUS GAMING/Documents/GitHub/Sberatele_Podtacku/images/00616_back.webp,91195b356af668c6,003c7e7e7e3e3e00
C:/Users/ASUS GAMING/Documents/GitHub/Sberatele_Podtacku/images/00616_front.webp,9439537e6a986d62,001e3e1f5f3e3e18
C:/Users/ASUS GAMING/Documents/GitHub/Sberatele_Podtacku/images/00617_back.webp,84675b981bc16d67,0034626f5f7e7e18
C:/Users/ASUS GAMING/Documents/GitHub/Sberatele_Podtacku/images/00617_front.webp,846d51d79e7858c6,184219bfbf9d423c
C:/Users/ASUS GAMING/Documents/GitHub/Sberatele_Podtacku/images/00618_back.webp,916c5e331ac7698d,00246e7f5f667e18
C:/Users/ASUS GAMING/Documents/GitHub/Sberatele_Podtacku/images/00618_front.webp,942d51d79e7858d2,184219bfbf9d423c
C:/Users/ASUS GAMING/Documents/GitHub/Sberatele_Podtacku/images/00619_back.webp,942e4e9e6b946969,103c3e7e7e3e3e00
C:/Users/ASUS GAMING/Documents/GitHub/Sberatele_Podtacku/images/00619_front.webp,903e57fd3ad26818,00363c1f7f7e7e00
C:/Users/ASUS GAMING/Documents/GitHub/Sberatele_Podtacku/images/00620_back.webp,95aa243d50d745eb,000f7f7e0f1f1f02
C:/Users/ASUS GAMING/Documents/GitHub/Sberatele_Podtacku/images/00620_front.webp,9d52658f193b646c,0016101f3f3f3f3e
C:/Users/ASUS GAMING/Documents/GitHub/Sberatele_Podtacku/images/00621_back.webp,9d6a659d193b446c,0036101f1f3f3f3e
C:/Users/ASUS GAMING/Documents/GitHub/Sberatele_Podtacku/images/00621_front.webp,a5815a7e51d25557,01077f7f07a79f00
C:/Users/ASUS GAMING/Documents/GitHub/Sberatele_Podtacku/images/00622_back.webp,b58a547741cb4477,000f7f3f7f0f0f00
C:/Users/ASUS GAMING/Documents/GitHub/Sberatele_Podtacku/images/00622_front.webp,9d7a658d193b446c,0022143e3f3f3f3e
C:/Users/ASUS GAMING/Documents/GitHub/Sberatele_Podtacku/images/00623_back.webp,956e0837153d55d9,0019fefe7e7e1c00
C:/Users/ASUS GAMING/Documents/GitHub/Sberatele_Podtacku/images/00623_front.webp,9184215b697776e6,007f7f4eee8e0f00
C:/Users/ASUS GAMING/Documents/GitHub/Sberatele_Podtacku/images/00624_back.webp,956e00f5417b55d9,001d1f3e7e7f1f00
C:/Users/ASUS GAMING/Documents/GitHub/Sberatele_Podtacku/images/00624_front.webp,81a406d7719d5fd8,00767f6bfe3c3c00
C:/Users/ASUS GAMING/Documents/GitHub/Sberatele_Podtacku/images/00625_back.webp,9d6a10b5117b53d9,0019b9bdffff1800
C:/Users/ASUS GAMING/Documents/GitHub/Sberatele_Podtacku/images/00625_front.webp,d1626395309967ed,406070fefefe3e00
C:/Users/ASUS GAMING/Documents/GitHub/Sberatele_Podtacku/images/00626_back.webp,952e5875417b5359,001f1f7f7efe1800
C:/Users/ASUS GAMING/Documents/GitHub/Sberatele_Podtacku/images/00626_front.webp,90b24eeb65c55a0f,040e4e7fefdc3e00
C:/Users/ASUS GAMING/Documents/GitHub/Sberatele_Podtacku/images/00627_back.webp,958e48785bd3516d,00367eff87ee6600
C:/Users/ASUS GAMING/Documents/GitHub/Sberatele_Podtacku/images/00627_front.webp,946244d91337373f,0070030f1f7f3f3e
C:/Users/ASUS GAMING/Documents/GitHub/Sberatele_Podtacku/images/00628_back.webp,9dae00f5417b51d9,001f9fbcfefe1800
C:/Users/ASUS GAMING/Documents/GitHub/Sberatele_Podtacku/images/00628_front.webp,957a2d8e05d35371,0000cc7fbf7f3f02
C:/Users/ASUS GAMING/Documents/GitHub/Sberatele_Podtacku/images/00629_back.webp,95a53cd1519b32f4,06177f7f7f760000
C:/Users/ASUS GAMING/Documents/GitHub/Sberatele_Podtacku/images/00629_front.webp,9582487d371f2dcc,46ff7f0e7f021600
C:/Users/ASUS GAMING/Documents/GitHub/Sberatele_Podtacku/images/00630_back.webp,95ad4057455b7267,021f0f3f3f3e3e00
C:/Users/ASUS GAMING/Documents/GitHub/Sberatele_Podtacku/images/00630_front.webp,95ad605a67774266,021f7f1f1e3e5e00
C:/Users/ASUS GAMING/Documents/GitHub/Sberatele_Podtacku/images/00631_back.webp,d563401c13f7476e,00c3f1afbf9f9c00
C:/Users/ASUS GAMING/Documents/GitHub/Sberatele_Podtacku/images/00631_front.webp,c5083d77369479e1,00387c7e60feff02
C:/Users/ASUS GAMING/Documents/GitHub/Sberatele_Podtacku/images/00632_back.webp,974a40b569e713d3,0038bcbceefe7e00
C:/Users/ASUS GAMING/Documents/GitHub/Sberatele_Podtacku/images/00632_front.webp,954a212f34d664df,00587efc9f7a7e00
C:/Users/ASUS GAMING/Documents/GitHub/Sberatele_Podtacku/images/00633_back.webp,d54a40b169f732d3,00383cbceefefe00
C:/Users/ASUS GAMING/Documents/GitHub/Sberatele_Podtacku/images/00633_front.webp,973960fb4a06364f,000a073fffff3e00
C:/Users/ASUS GAMING/Documents/GitHub/Sberatele_Podtacku/images/00634_back.webp,d50f48b5692732d3,003cbcace6fe7e40
C:/Users/ASUS GAMING/Documents/GitHub/Sberatele_Podtacku/images/00634_front.webp,d52f40d42fd23578,002b662682fefe7c
C:/Users/ASUS GAMING/Documents/GitHub/Sberatele_Podtacku/images/00635_back.webp,81235f7c7ac07971,00246e7e7e7e7e08
C:/Users/ASUS GAMING/Documents/GitHub/Sberatele_Podtacku/images/00635_front.webp,90365f696e946996,083e6677e7427e18
C:/Users/ASUS GAMING/Documents/GitHub/Sberatele_Podtacku/images/00636_back.webp,800a55755edc5ece,00427e7f7f667e00
C:/Users/ASUS GAMING/Documents/GitHub/Sberatele_Podtacku/images/00636_front.webp,808055d55b7f3ed4,3c7fffc3ff020000
C:/Users/ASUS GAMING/Documents/GitHub/Sberatele_Podtacku/images/00637_back.webp,91601e963f9d6969,003c4a7f7f7e3e00
C:/Users/ASUS GAMING/Documents/GitHub/Sberatele_Podtacku/images/00637_front.webp,819354ed7a696b98,003e3c6d7f7a7e00
C:/Users/ASUS GAMING/Documents/GitHub/Sberatele_Podtacku/images/00638_back.webp,85ca1aac6a32b3e7,183c3e3efb7f1400
C:/Users/ASUS GAMING/Documents/GitHub/Sberatele_Podtacku/images/00638_front.webp,91495dbc7ac76426,00087e7fff7f2600
C:/Users/ASUS GAMING/Documents/GitHub/Sberatele_Podtacku/images/00639_back.webp,902d555f5ef85864,18661fada5bd621c
C:/Users/ASUS GAMING/Documents/GitHub/Sberatele_Podtacku/images/00639_front.webp,803f5f786ab468d2,003c6e667e7e3e18
C:/Users/ASUS GAMING/Documents/GitHub/Sberatele_Podtacku/images/00640_back.webp,95195ab729e167c8,003c7e7e7e7e3c00
C:/Users/ASUS GAMING/Documents/GitHub/Sberatele_Podtacku/images/00640_front.webp,912e7a932bcc6633,001c7e7f6e7e7c00
C:/Users/ASUS GAMING/Documents/GitHub/Sberatele_Podtacku/images/00641_back.webp,802f5ffd6ad07860,003c7e67437e7e18
C:/Users/ASUS GAMING/Documents/GitHub/Sberatele_Podtacku/images/00641_front.webp,841f5b7c6e9039ca,003c7e7e7f467e00
C:/Users/ASUS GAMING/Documents/GitHub/Sberatele_Podtacku/images/00642_back.webp,c13711cd66f26a4e,000ec0f0fefcfc78
C:/Users/ASUS GAMING/Documents/GitHub/Sberatele_Podtacku/images/00642_front.webp,d7bf21644e587892,00b2bebcfcfeb200
C:/Users/ASUS GAMING/Documents/GitHub/Sberatele_Podtacku/images/00643_back.webp,812a5555555555df,000e3e7e7e7e7e00
C:/Users/ASUS GAMING/Documents/GitHub/Sberatele_Podtacku/images/00643_front.webp,d52a456d535b5c64,00477e2c767e7e06
C:/Users/ASUS GAMING/Documents/GitHub/Sberatele_Podtacku/images/00644_back.webp,852a1555555557d7,000e3e7e7e7e7e00
C:/Users/ASUS GAMING/Documents/GitHub/Sberatele_Podtacku/images/00644_front.webp,d02a456d53db5c66,00477e6c747e7e06
C:/Users/ASUS GAMING/Documents/GitHub/Sberatele_Podtacku/images/00645_back.webp,812a15dd15d557d5,000a7e7e7e7e7e00
C:/Users/ASUS GAMING/Documents/GitHub/Sberatele_Podtacku/images/00645_front.webp,d52a016d51735cee,00473e2c767efe06
C:/Users/ASUS GAMING/Documents/GitHub/Sberatele_Podtacku/images/00646_back.webp,d58a003f40f56fe5,007e7e7ef686e600
C:/Users/ASUS GAMING/Documents/GitHub/Sberatele_Podtacku/images/00646_front.webp,943a516b446755dd,000f7e56564e7e1e
C:/Users/ASUS GAMING/Documents/GitHub/Sberatele_Podtacku/images/00647_back.webp,d50a103f40f52ff5,007e7c7e768eee00
C:/Users/ASUS GAMING/Documents/GitHub/Sberatele_Podtacku/images/00647_front.webp,dc2a507951d7456b,0011915ffa98fc7e
C:/Users/ASUS GAMING/Documents/GitHub/Sberatele_Podtacku/images/00648_back.webp,d58a303912c76dd7,0099bdffbc80bc46
C:/Users/ASUS GAMING/Documents/GitHub/Sberatele_Podtacku/images/00648_front.webp,80726cdf578917c9,00407e3e7e7f7f00
C:/Users/ASUS GAMING/Documents/GitHub/Sberatele_Podtacku/images/00649_back.webp,95af5172643dc14b,003b7f9ff6de0c00
C:/Users/ASUS GAMING/Documents/GitHub/Sberatele_Podtacku/images/00649_front.webp,df2a007d41d5c56e,0018bcfebebc983c
C:/Users/ASUS GAMING/Documents/GitHub/Sberatele_Podtacku/images/00650_back.webp,802a555d55d555d7,000c7e7e7e7e7e00
C:/Users/ASUS GAMING/Documents/GitHub/Sberatele_Podtacku/images/00650_front.webp,d58230f74a5d6578,003e7b7e7ef60e00
C:/Users/ASUS GAMING/Documents/GitHub/Sberatele_Podtacku/images/00651_back.webp,c46a11db4c6d15db,007f7e70707e7e02
C:/Users/ASUS GAMING/Documents/GitHub/Sberatele_Podtacku/images/00651_front.webp,950a18b54ad7357b,00017f7ebebebe00
C:/Users/ASUS GAMING/Documents/GitHub/Sberatele_Podtacku/images/00652_back.webp,802a7fd56a957b05,00067e7e7e7e7e00
C:/Users/ASUS GAMING/Documents/GitHub/Sberatele_Podtacku/images/00652_front.webp,95ca603d5a972f70,00083ffffebf0e00
C:/Users/ASUS GAMING/Documents/GitHub/Sberatele_Podtacku/images/00653_back.webp,903f5bf42ad039d2,000c3e7e7e7e7c18
C:/Users/ASUS GAMING/Documents/GitHub/Sberatele_Podtacku/images/00653_front.webp,803d5f633a9668bc,187e7e15c1707e1c
C:/Users/ASUS GAMING/Documents/GitHub/Sberatele_Podtacku/images/00654_back.webp,90cb4e3069bc79e3,083c7e7e665e3c18
C:/Users/ASUS GAMING/Documents/GitHub/Sberatele_Podtacku/images/00654_front.webp,954c6ab34a3c2dd9,083c3e7e7e7e3c00
C:/Users/ASUS GAMING/Documents/GitHub/Sberatele_Podtacku/images/00655_back.webp,c02b4ff53e943cc2,00307e7e7e7e7e00
C:/Users/ASUS GAMING/Documents/GitHub/Sberatele_Podtacku/images/00655_front.webp,80385b772ec2798f,003c7e7f767e3c00
C:/Users/ASUS GAMING/Documents/GitHub/Sberatele_Podtacku/images/00656_back.webp,813b3cb547ca7165,003e7e7e7f7e0600
C:/Users/ASUS GAMING/Documents/GitHub/Sberatele_Podtacku/images/00656_front.webp,87b9186f4ae66668,000f767e7e767610
C:/Users/ASUS GAMING/Documents/GitHub/Sberatele_Podtacku/images/00657_back.webp,a03e15695d3655e3,006f673f4b67e700
C:/Users/ASUS GAMING/Documents/GitHub/Sberatele_Podtacku/images/00657_front.webp,a03e1569593667e3,007f673f59e36700
C:/Users/ASUS GAMING/Documents/GitHub/Sberatele_Podtacku/images/00658_back.webp,807f157115655577,000e3e7e7e7e7e00
C:/Users/ASUS GAMING/Documents/GitHub/Sberatele_Podtacku/images/00658_front.webp,a2e3911f844f1bf1,7ec7adb5a500027e
C:/Users/ASUS GAMING/Documents/GitHub/Sberatele_Podtacku/images/00659_back.webp,85dd3887753664a5,003e3e7e7e3e3e00
C:/Users/ASUS GAMING/Documents/GitHub/Sberatele_Podtacku/images/00659_front.webp,928725594d9b3e33,1e3f277d7c1d0d00
C:/Users/ASUS GAMING/Documents/GitHub/Sberatele_Podtacku/images/00660_back.webp,809d3c9735367595,003e3e7e7e3e3e00
C:/Users/ASUS GAMING/Documents/GitHub/Sberatele_Podtacku/images/00660_front.webp,858a729d5b726467,0c3f37bf3f1b1200
C:/Users/ASUS GAMING/Documents/GitHub/Sberatele_Podtacku/images/00661_back.webp,943d5f6a6aa16985,003c7e7e7e7e3c00
C:/Users/ASUS GAMING/Documents/GitHub/Sberatele_Podtacku/images/00661_front.webp,9636768969d66638,003e3e3f7f3e3c00
C:/Users/ASUS GAMING/Documents/GitHub/Sberatele_Podtacku/images/00662_back.webp,91635e8c7b222ccf,003c7e67677e3c18
C:/Users/ASUS GAMING/Documents/GitHub/Sberatele_Podtacku/images/00662_front.webp,942358dc2b663dcb,003c7e67677e3c18
C:/Users/ASUS GAMING/Documents/GitHub/Sberatele_Podtacku/images/00663_back.webp,85d05a4f3a392f39,007c7e7f7f3e1800
C:/Users/ASUS GAMING/Documents/GitHub/Sberatele_Podtacku/images/00663_front.webp,957e7a818a3c4b72,001e1e7f7f3e1e10
C:/Users/ASUS GAMING/Documents/GitHub/Sberatele_Podtacku/images/00664_back.webp,85335fc47a8c6999,00267e1f7f7e3e00
C:/Users/ASUS GAMING/Documents/GitHub/Sberatele_Podtacku/images/00664_front.webp,94664f987a493e36,183e7651477e7e08
C:/Users/ASUS GAMING/Documents/GitHub/Sberatele_Podtacku/images/00665_back.webp,84615f3a6a853c7b,00347e77697e3e18
C:/Users/ASUS GAMING/Documents/GitHub/Sberatele_Podtacku/images/00665_front.webp,942c59c36f916e1e,18463ee5257e7e18
C:/Users/ASUS GAMING/Documents/GitHub/Sberatele_Podtacku/images/00666_back.webp,95985ae16a3669ce,001c3e3f7f7e3e00
C:/Users/ASUS GAMING/Documents/GitHub/Sberatele_Podtacku/images/00666_front.webp,847e59816af16d1b,184e3667257e7e18
C:/Users/ASUS GAMING/Documents/GitHub/Sberatele_Podtacku/images/00667_back.webp,906c4b326e3d39ce,187e6ec3c3467e18
C:/Users/ASUS GAMING/Documents/GitHub/Sberatele_Podtacku/images/00667_front.webp,94664b986a4b3f36,087e7611c77e7e08
C:/Users/ASUS GAMING/Documents/GitHub/Sberatele_Podtacku/images/00668_back.webp,d86f05ad54d261d3,1818fcfc7c787c0c
C:/Users/ASUS GAMING/Documents/GitHub/Sberatele_Podtacku/images/00668_front.webp,9dc9153fc0db5036,1a1f5cff1f0e0f00
C:/Users/ASUS GAMING/Documents/GitHub/Sberatele_Podtacku/images/00669_back.webp,856d5ea32a7469a6,001c3a3f3f7e3e18
C:/Users/ASUS GAMING/Documents/GitHub/Sberatele_Podtacku/images/00669_front.webp,d09e43614e9b39c7,18667effe342421c
C:/Users/ASUS GAMING/Documents/GitHub/Sberatele_Podtacku/images/00670_back.webp,94685fcb6a657885,003c667e7e7e3e08
C:/Users/ASUS GAMING/Documents/GitHub/Sberatele_Podtacku/images/00670_front.webp,96e5496e62991bb4,003c7e7e7f3e1c08
C:/Users/ASUS GAMING/Documents/GitHub/Sberatele_Podtacku/images/00671_back.webp,916c5a666ae66927,000e6e7f7f0e3e0c
C:/Users/ASUS GAMING/Documents/GitHub/Sberatele_Podtacku/images/00671_front.webp,95395ad028676dc7,003c7e5e7e7e3c10
C:/Users/ASUS GAMING/Documents/GitHub/Sberatele_Podtacku/images/00672_back.webp,956f52804bc7cb9c,18063ebf3f3f0e08
C:/Users/ASUS GAMING/Documents/GitHub/Sberatele_Podtacku/images/00672_front.webp,84315f4b4ebd3863,184646ffbd5e6218
C:/Users/ASUS GAMING/Documents/GitHub/Sberatele_Podtacku/images/00673_back.webp,9d2c72d36a9cca61,001e1e3f3f3e3e18
C:/Users/ASUS GAMING/Documents/GitHub/Sberatele_Podtacku/images/00673_front.webp,947e51e00ee51a6f,18421c3fff3e5a18
C:/Users/ASUS GAMING/Documents/GitHub/Sberatele_Podtacku/images/00674_back.webp,913146467a996d77,003c3e7e7f3e3c08
C:/Users/ASUS GAMING/Documents/GitHub/Sberatele_Podtacku/images/00674_front.webp,95645e0a6ab03b9f,003c3e7f3e3e3e08
C:/Users/ASUS GAMING/Documents/GitHub/Sberatele_Podtacku/images/00675_back.webp,807f557255b055d6,000e3e3e7e7e7f00
C:/Users/ASUS GAMING/Documents/GitHub/Sberatele_Podtacku/images/00675_front.webp,80be3dd1159175ad,4287c37e7e7e6600
C:/Users/ASUS GAMING/Documents/GitHub/Sberatele_Podtacku/images/00676_back.webp,a2995d66153d0d3e,067e1f6767670226
C:/Users/ASUS GAMING/Documents/GitHub/Sberatele_Podtacku/images/00676_front.webp,903b6d6e32921dad,000f1e1e7e7e7f02
C:/Users/ASUS GAMING/Documents/GitHub/Sberatele_Podtacku/images/00677_back.webp,819a65c6dd91c73c,0f070f1f3b670707
C:/Users/ASUS GAMING/Documents/GitHub/Sberatele_Podtacku/images/00677_front.webp,819f743cd7c3603c,4f8f037f3f030706
C:/Users/ASUS GAMING/Documents/GitHub/Sberatele_Podtacku/images/00678_back.webp,95b36bc15a921e53,2c2c2e7e7e3e6e00
C:/Users/ASUS GAMING/Documents/GitHub/Sberatele_Podtacku/images/00678_front.webp,94e65b935a96291b,247666766e7e3e00
C:/Users/ASUS GAMING/Documents/GitHub/Sberatele_Podtacku/images/00679_back.webp,91914bd35a163cde,3c7e5a4a5e5e3e00
C:/Users/ASUS GAMING/Documents/GitHub/Sberatele_Podtacku/images/00679_front.webp,95b25b995ad2691a,0c7666665e7e7e00
C:/Users/ASUS GAMING/Documents/GitHub/Sberatele_Podtacku/images/00680_back.webp,85b67ee459934e06,10363e3e7a7e3618
C:/Users/ASUS GAMING/Documents/GitHub/Sberatele_Podtacku/images/00680_front.webp,952d6a876a926ac7,021e3e3e7e7e3e00
C:/Users/ASUS GAMING/Documents/GitHub/Sberatele_Podtacku/images/00681_back.webp,94b05aa54bd36bc3,0c467e7e467e7e00
C:/Users/ASUS GAMING/Documents/GitHub/Sberatele_Podtacku/images/00681_front.webp,84e65b935ad2691b,2c7666664e7e7e00
C:/Users/ASUS GAMING/Documents/GitHub/Sberatele_Podtacku/images/00682_back.webp,95b35a917ad22d13,3c7e7e42427e7e00
C:/Users/ASUS GAMING/Documents/GitHub/Sberatele_Podtacku/images/00682_front.webp,94a75a935ad2691b,2c7666664e7e7e00
C:/Users/ASUS GAMING/Documents/GitHub/Sberatele_Podtacku/images/00683_back.webp,94b64be15a960f4b,3c5e3e06427e7e18
C:/Users/ASUS GAMING/Documents/GitHub/Sberatele_Podtacku/images/00683_front.webp,94a65b935ad2691b,2c7666664e7e7e00
C:/Users/ASUS GAMING/Documents/GitHub/Sberatele_Podtacku/images/00684_back.webp,95b11a927a93695b,3c5e5a5a667e3e00
C:/Users/ASUS GAMING/Documents/GitHub/Sberatele_Podtacku/images/00684_front.webp,95a25b997a92691b,2c7666665e7e3e00
C:/Users/ASUS GAMING/Documents/GitHub/Sberatele_Podtacku/images/00685_back.webp,95b31a917ad26d13,2c7e666666767e00
C:/Users/ASUS GAMING/Documents/GitHub/Sberatele_Podtacku/images/00685_front.webp,94a75a935ad2691b,2c7666664e7e7e00
C:/Users/ASUS GAMING/Documents/GitHub/Sberatele_Podtacku/images/00686_back.webp,95b35aa37ad2095a,00667e5e7e7e3e00
C:/Users/ASUS GAMING/Documents/GitHub/Sberatele_Podtacku/images/00686_front.webp,85e65b931ad2691b,2c7666664e7e7e00
C:/Users/ASUS GAMING/Documents/GitHub/Sberatele_Podtacku/images/00687_back.webp,95b74a914bd23b52,3c66666666667e18
C:/Users/ASUS GAMING/Documents/GitHub/Sberatele_Podtacku/images/00687_front.webp,94a65b935ad2691b,2c7666664e7e7e00
C:/Users/ASUS GAMING/Documents/GitHub/Sberatele_Podtacku/images/00688_back.webp,91e51a927bc6685b,3c7e7a424a7e7e00
C:/Users/ASUS GAMING/Documents/GitHub/Sberatele_Podtacku/images/00688_front.webp,95a25b997a92691b,2c7666666e7e3e00
C:/Users/ASUS GAMING/Documents/GitHub/Sberatele_Podtacku/images/00689_back.webp,a0e20fbd11376e3a,067d61674fcf061c
C:/Users/ASUS GAMING/Documents/GitHub/Sberatele_Podtacku/images/00689_front.webp,948769794437d437,003f7f7f3f5f0000
C:/Users/ASUS GAMING/Documents/GitHub/Sberatele_Podtacku/images/00690_back.webp,9adbc56741136c3a,263f1f0f8581077e
C:/Users/ASUS GAMING/Documents/GitHub/Sberatele_Podtacku/images/00690_front.webp,80a735e15c1fe19b,04177f377f6f0600
C:/Users/ASUS GAMING/Documents/GitHub/Sberatele_Podtacku/images/00691_back.webp,94666b9cc7c13ce4,0c1c1c7e7e1e7e18
C:/Users/ASUS GAMING/Documents/GitHub/Sberatele_Podtacku/images/00691_front.webp,945273a5ce8479f1,1c041c7e7e3e7e18
C:/Users/ASUS GAMING/Documents/GitHub/Sberatele_Podtacku/images/00692_back.webp,803f7f806f589c5a,0000ffffffff0000
C:/Users/ASUS GAMING/Documents/GitHub/Sberatele_Podtacku/images/00692_front.webp,b4b2494d4a33b7b4,0002bfbfffff0200
C:/Users/ASUS GAMING/Documents/GitHub/Sberatele_Podtacku/images/00693_back.webp,95aae45f51ec5151,06ffe7000802ff7e
C:/Users/ASUS GAMING/Documents/GitHub/Sberatele_Podtacku/images/00693_front.webp,80bf9453439d156f,7e7f7f000002ff70
C:/Users/ASUS GAMING/Documents/GitHub/Sberatele_Podtacku/images/00694_back.webp,95aae55f52e51151,00ffff060806fe66
C:/Users/ASUS GAMING/Documents/GitHub/Sberatele_Podtacku/images/00694_front.webp,85bad44f43951567,3e7f7f060000ff70
C:/Users/ASUS GAMING/Documents/GitHub/Sberatele_Podtacku/images/00695_back.webp,95aaa51f53ad1519,027f7f020802ff7e
C:/Users/ASUS GAMING/Documents/GitHub/Sberatele_Podtacku/images/00695_front.webp,80bad44f479d1567,007f7f0e002eff70
C:/Users/ASUS GAMING/Documents/GitHub/Sberatele_Podtacku/images/00696_back.webp,891954f74e721bcc,1c5a1999bd2e7e18
C:/Users/ASUS GAMING/Documents/GitHub/Sberatele_Podtacku/images/00696_front.webp,909c455f4ae63f19,185a1efd9d187e18
C:/Users/ASUS GAMING/Documents/GitHub/Sberatele_Podtacku/images/00697_back.webp,9c9c44653bd29b9c,185a3c9dbd2e5a38
C:/Users/ASUS GAMING/Documents/GitHub/Sberatele_Podtacku/images/00697_front.webp,999c451b4af63f18,185a1efd9d187e18
C:/Users/ASUS GAMING/Documents/GitHub/Sberatele_Podtacku/images/00698_back.webp,999944664fe60f1e,185e1c999dae5e38
C:/Users/ASUS GAMING/Documents/GitHub/Sberatele_Podtacku/images/00698_front.webp,909c555f4af23f18,1c1a1efd9d187e18
C:/Users/ASUS GAMING/Documents/GitHub/Sberatele_Podtacku/images/00699_back.webp,917f451067616a9f,00ff1d631f4d7f00
C:/Users/ASUS GAMING/Documents/GitHub/Sberatele_Podtacku/images/00699_front.webp,812a146b6b943fd7,007e7f5a387e7e00
C:/Users/ASUS GAMING/Documents/GitHub/Sberatele_Podtacku/images/00700_back.webp,851c5d7f4a326b70,001a7e3f7f3e1a18
C:/Users/ASUS GAMING/Documents/GitHub/Sberatele_Podtacku/images/00700_front.webp,941d417e6a623fb2,08181efe9f1e7e18
C:/Users/ASUS GAMING/Documents/GitHub/Sberatele_Podtacku/images/00701_back.webp,958c583e4bf22f32,18187e7f7f3e1808
C:/Users/ASUS GAMING/Documents/GitHub/Sberatele_Podtacku/images/00701_front.webp,941d41e64e722fb6,08180efebe3e7e18
C:/Users/ASUS GAMING/Documents/GitHub/Sberatele_Podtacku/images/00702_back.webp,848c5b332bdb6f48,081e3e7b5b3e1e18
C:/Users/ASUS GAMING/Documents/GitHub/Sberatele_Podtacku/images/00702_front.webp,844c5b331be56d96,103c767f67667e00
C:/Users/ASUS GAMING/Documents/GitHub/Sberatele_Podtacku/images/00703_back.webp,c4951b3a4fe53cc2,003c7e7e3e1e7c18
C:/Users/ASUS GAMING/Documents/GitHub/Sberatele_Podtacku/images/00703_front.webp,95325a794b722de1,083c3e3e3e7e3c18
C:/Users/ASUS GAMING/Documents/GitHub/Sberatele_Podtacku/images/00704_back.webp,909e466f1bb16e34,185e5effef404218
C:/Users/ASUS GAMING/Documents/GitHub/Sberatele_Podtacku/images/00704_front.webp,948f5b740b722da3,003e7e7fe75a4608
C:/Users/ASUS GAMING/Documents/GitHub/Sberatele_Podtacku/images/00705_back.webp,80cb5f3c3a676a61,007e74f7d7567a00
C:/Users/ASUS GAMING/Documents/GitHub/Sberatele_Podtacku/images/00705_front.webp,948f5a744b7239c3,003e7e7f674a6618
C:/Users/ASUS GAMING/Documents/GitHub/Sberatele_Podtacku/images/00706_back.webp,81395f147ada68cb,003c7e7e7e7e3c00
C:/Users/ASUS GAMING/Documents/GitHub/Sberatele_Podtacku/images/00706_front.webp,953658992b666f70,185e267f7e3e1e00
C:/Users/ASUS GAMING/Documents/GitHub/Sberatele_Podtacku/images/00707_back.webp,916c5ea92b6f6c84,002c7e666f7e3e18
C:/Users/ASUS GAMING/Documents/GitHub/Sberatele_Podtacku/images/00707_front.webp,941b53764ed868f2,186e1e9b9b1a7e18
C:/Users/ASUS GAMING/Documents/GitHub/Sberatele_Podtacku/images/00708_back.webp,95ca4a667079551f,007e1e5e5e7e7e00
C:/Users/ASUS GAMING/Documents/GitHub/Sberatele_Podtacku/images/00708_front.webp,958b447619ed543d,043f3f0f0f676606
C:/Users/ASUS GAMING/Documents/GitHub/Sberatele_Podtacku/images/00709_back.webp,b5a2505b454f517e,62e7dfff0100807e
C:/Users/ASUS GAMING/Documents/GitHub/Sberatele_Podtacku/images/00709_front.webp,cc6e51335095517f,00f110d2f0fcfb7a
C:/Users/ASUS GAMING/Documents/GitHub/Sberatele_Podtacku/images/00710_back.webp,c5e24ff1114f701d,60f070fefefe3000
C:/Users/ASUS GAMING/Documents/GitHub/Sberatele_Podtacku/images/00710_front.webp,95a253596e94716b,007ee79701ff7e00
C:/Users/ASUS GAMING/Documents/GitHub/Sberatele_Podtacku/images/00711_back.webp,813d5efb686825c3,001c3e7f7f7e3c00
C:/Users/ASUS GAMING/Documents/GitHub/Sberatele_Podtacku/images/00711_front.webp,95375ad928c86575,003c7e7f4f7e3c00
C:/Users/ASUS GAMING/Documents/GitHub/Sberatele_Podtacku/images/00712_back.webp,956b786931e565c4,00183c3e3e7e7e3c
C:/Users/ASUS GAMING/Documents/GitHub/Sberatele_Podtacku/images/00712_front.webp,954a6a69ed256666,00182c7e7e4e5e7e
C:/Users/ASUS GAMING/Documents/GitHub/Sberatele_Podtacku/images/00713_back.webp,95315e336a5a6cd8,003e7e1f7f7e1c00
C:/Users/ASUS GAMING/Documents/GitHub/Sberatele_Podtacku/images/00713_front.webp,950d52ff0a787d30,182e1ebfbf3e4600
C:/Users/ASUS GAMING/Documents/GitHub/Sberatele_Podtacku/images/00714_back.webp,952a45f151f710f5,001e3e3e7e7e7e00
C:/Users/ASUS GAMING/Documents/GitHub/Sberatele_Podtacku/images/00714_front.webp,858a6f9975c73158,003c7e7e7e7e3c00
C:/Users/ASUS GAMING/Documents/GitHub/Sberatele_Podtacku/images/00715_back.webp,913a46731dad464f,00473d0b0afc7f76
C:/Users/ASUS GAMING/Documents/GitHub/Sberatele_Podtacku/images/00715_front.webp,81b606c9739f1ea5,025f0fc763f97b00
C:/Users/ASUS GAMING/Documents/GitHub/Sberatele_Podtacku/images/00716_back.webp,800a75c17fc53bd5,000e3e7e7e7e7e00
C:/Users/ASUS GAMING/Documents/GitHub/Sberatele_Podtacku/images/00716_front.webp,913bcdc632964c2f,4e4986ce267e7e06
C:/Users/ASUS GAMING/Documents/GitHub/Sberatele_Podtacku/images/00717_back.webp,852a3564517d7575,001e3e7e7e7e3e00
C:/Users/ASUS GAMING/Documents/GitHub/Sberatele_Podtacku/images/00717_front.webp,807268cd7c693737,007f263e3e3e7f00
C:/Users/ASUS GAMING/Documents/GitHub/Sberatele_Podtacku/images/00718_back.webp,806a755f75c361d2,001e3e7e3e7e7e00
C:/Users/ASUS GAMING/Documents/GitHub/Sberatele_Podtacku/images/00718_front.webp,81eb32941eb66fc4,004f6b7f7f4a6700
C:/Users/ASUS GAMING/Documents/GitHub/Sberatele_Podtacku/images/00719_back.webp,81ea7e157f147f00,007f7e7e7e1e0e00
C:/Users/ASUS GAMING/Documents/GitHub/Sberatele_Podtacku/images/00719_front.webp,8fb330ce43395e91,5f838fa1b9b19b02
C:/Users/ASUS GAMING/Documents/GitHub/Sberatele_Podtacku/images/00720_back.webp,81ea7a917e057e15,007e7e7e7e3e0e00
C:/Users/ASUS GAMING/Documents/GitHub/Sberatele_Podtacku/images/00720_front.webp,f0e035cd83374d8d,eac3e1fcfcd80302
C:/Users/ASUS GAMING/Documents/GitHub/Sberatele_Podtacku/images/00721_back.webp,85ea2e117b157e15,007e7e7e7e1e1e00
C:/Users/ASUS GAMING/Documents/GitHub/Sberatele_Podtacku/images/00721_front.webp,8c6b516c56db2785,00000d1f3f17ff7e
C:/Users/ASUS GAMING/Documents/GitHub/Sberatele_Podtacku/images/00722_back.webp,85ef503556057f15,007e7e7e3e3e1e00
C:/Users/ASUS GAMING/Documents/GitHub/Sberatele_Podtacku/images/00722_front.webp,92c3253ed565165d,7efdfcfc7c140000
C:/Users/ASUS GAMING/Documents/GitHub/Sberatele_Podtacku/images/00723_back.webp,90c657934a7f3c38,087e46dfcf5e0e08
C:/Users/ASUS GAMING/Documents/GitHub/Sberatele_Podtacku/images/00723_front.webp,95c35a246b9b696c,087e7effc3421e08
C:/Users/ASUS GAMING/Documents/GitHub/Sberatele_Podtacku/images/00724_back.webp,80ff7f107fa06f00,007e7e7e3e3e1e00
C:/Users/ASUS GAMING/Documents/GitHub/Sberatele_Podtacku/images/00724_front.webp,95aad00f4bb17837,7effc743001e7e00
C:/Users/ASUS GAMING/Documents/GitHub/Sberatele_Podtacku/images/00725_back.webp,95c35e1f6a1e681a,083e7e7e7e3e1c00
C:/Users/ASUS GAMING/Documents/GitHub/Sberatele_Podtacku/images/00725_front.webp,95c25b1f4a266b99,187e46774f663e08
C:/Users/ASUS GAMING/Documents/GitHub/Sberatele_Podtacku/images/00726_back.webp,94c15b352a3d6d9a,003c7e7f7f463e00
C:/Users/ASUS GAMING/Documents/GitHub/Sberatele_Podtacku/images/00726_front.webp,95615a373a3d6c92,087e7e03477e3e18
C:/Users/ASUS GAMING/Documents/GitHub/Sberatele_Podtacku/images/00727_back.webp,94e45a1e2e187df4,103c7e3f7e3e1c08
C:/Users/ASUS GAMING/Documents/GitHub/Sberatele_Podtacku/images/00727_front.webp,91495e336b9d28ab,083c7e3c3f7e3c10
C:/Users/ASUS GAMING/Documents/GitHub/Sberatele_Podtacku/images/00728_back.webp,91c25f3f6a1e6838,003e7e7f5f1e1e00
C:/Users/ASUS GAMING/Documents/GitHub/Sberatele_Podtacku/images/00728_front.webp,85c05f177a4e693a,003c7e7f7e3e3c00
C:/Users/ASUS GAMING/Documents/GitHub/Sberatele_Podtacku/images/00729_back.webp,85f3571055956697,007e7f3e3e3e1e00
C:/Users/ASUS GAMING/Documents/GitHub/Sberatele_Podtacku/images/00729_front.webp,95cc7023476d669d,205e3f3e3e1f1e04
C:/Users/ASUS GAMING/Documents/GitHub/Sberatele_Podtacku/images/00730_back.webp,9587523f6a786970,083e7e9f8f8f0e08
C:/Users/ASUS GAMING/Documents/GitHub/Sberatele_Podtacku/images/00730_front.webp,9587429e2b7c2d78,187e0eff7f021e08
C:/Users/ASUS GAMING/Documents/GitHub/Sberatele_Podtacku/images/00731_back.webp,95c35a2d6a3d691c,003c3e7f7f3e1e00
C:/Users/ASUS GAMING/Documents/GitHub/Sberatele_Podtacku/images/00731_front.webp,8cc873676a326d8e,003e3e3f3f3e3e00
C:/Users/ASUS GAMING/Documents/GitHub/Sberatele_Podtacku/images/00732_back.webp,95c35a256a3c6b5c,003e3e3f3f3e1e08
C:/Users/ASUS GAMING/Documents/GitHub/Sberatele_Podtacku/images/00732_front.webp,84695fb86bc7294a,00067c7b7f7f3e00
C:/Users/ASUS GAMING/Documents/GitHub/Sberatele_Podtacku/images/00733_back.webp,95615e8e6ad6694a,003c7e7e7e3e3e00
C:/Users/ASUS GAMING/Documents/GitHub/Sberatele_Podtacku/images/00733_front.webp,956852374ada789e,18665f9b83477e18
C:/Users/ASUS GAMING/Documents/GitHub/Sberatele_Podtacku/images/00734_back.webp,956f5ee44a442937,1018083fff7e7e18
C:/Users/ASUS GAMING/Documents/GitHub/Sberatele_Podtacku/images/00734_front.webp,94674b1c2ed76968,003c7e7f7f5e1c00
C:/Users/ASUS GAMING/Documents/GitHub/Sberatele_Podtacku/images/00735_back.webp,95695af26b24695a,001c1a3f3f7e7e18
C:/Users/ASUS GAMING/Documents/GitHub/Sberatele_Podtacku/images/00735_front.webp,94675b1c2ad76938,003c7e7f7f5e1c00
C:/Users/ASUS GAMING/Documents/GitHub/Sberatele_Podtacku/images/00736_back.webp,954e5abd6a306d31,002e7e7f3f7e0e00
C:/Users/ASUS GAMING/Documents/GitHub/Sberatele_Podtacku/images/00736_front.webp,94664b1c3ec7693c,003c6e7f7f5e3c00
C:/Users/ASUS GAMING/Documents/GitHub/Sberatele_Podtacku/images/00737_back.webp,913946c76e663939,185e4e031f7e7e18
C:/Users/ASUS GAMING/Documents/GitHub/Sberatele_Podtacku/images/00737_front.webp,956b5ab16a96685a,001e3e3f7f5e3e00
C:/Users/ASUS GAMING/Documents/GitHub/Sberatele_Podtacku/images/00738_back.webp,956c40974f335f64,185a1abf9f1e4e18
C:/Users/ASUS GAMING/Documents/GitHub/Sberatele_Podtacku/images/00738_front.webp,9572549fcab44a1b,18021f7f3f3f0e18
C:/Users/ASUS GAMING/Documents/GitHub/Sberatele_Podtacku/images/00739_back.webp,855551ba55ba55aa,003e3e3f3f1f1f00
C:/Users/ASUS GAMING/Documents/GitHub/Sberatele_Podtacku/images/00739_front.webp,98f5d5384d96508f,0e7e7f1919195f02
C:/Users/ASUS GAMING/Documents/GitHub/Sberatele_Podtacku/images/00740_back.webp,c194060e3f633b6f,3c7e6eece7666000
C:/Users/ASUS GAMING/Documents/GitHub/Sberatele_Podtacku/images/00740_front.webp,90ce43376bb23d19,187e5edf9f060e08
C:/Users/ASUS GAMING/Documents/GitHub/Sberatele_Podtacku/images/00741_back.webp,bd3d858c44e3d1b4,0881838199ffff66
C:/Users/ASUS GAMING/Documents/GitHub/Sberatele_Podtacku/images/00741_front.webp,85b678e135cc569c,003e3e7f7f787800
C:/Users/ASUS GAMING/Documents/GitHub/Sberatele_Podtacku/images/00742_back.webp,a59dd06a43b715b2,7e7f070301836776
C:/Users/ASUS GAMING/Documents/GitHub/Sberatele_Podtacku/images/00742_front.webp,81d6546847bd473d,3c7e7e7f3d010b00
C:/Users/ASUS GAMING/Documents/GitHub/Sberatele_Podtacku/images/00743_back.webp,b5c0813755e974d6,7e7fd78206070f06
C:/Users/ASUS GAMING/Documents/GitHub/Sberatele_Podtacku/images/00743_front.webp,a47c41d3d3e25cf0,7e1313137f0f6702
C:/Users/ASUS GAMING/Documents/GitHub/Sberatele_Podtacku/images/00744_back.webp,95d64bc92e35694c,003c7e7f5f1e1e08
C:/Users/ASUS GAMING/Documents/GitHub/Sberatele_Podtacku/images/00744_front.webp,956458d96b96383d,00323e7f3f7e3e00
C:/Users/ASUS GAMING/Documents/GitHub/Sberatele_Podtacku/images/00745_back.webp,9561548e6b74cb33,003e7e1f3f3e3e00
C:/Users/ASUS GAMING/Documents/GitHub/Sberatele_Podtacku/images/00745_front.webp,976c58d96b923835,00323f7f3f7e1e00
C:/Users/ASUS GAMING/Documents/GitHub/Sberatele_Podtacku/images/00746_back.webp,95615c8e6b346e69,003c3e7f3f3e3e00
C:/Users/ASUS GAMING/Documents/GitHub/Sberatele_Podtacku/images/00746_front.webp,956d58596b963835,003a3e7f3f7e1e00
C:/Users/ASUS GAMING/Documents/GitHub/Sberatele_Podtacku/images/00747_back.webp,9461539e6b644adb,003e7e3f3f3e1e00
C:/Users/ASUS GAMING/Documents/GitHub/Sberatele_Podtacku/images/00747_front.webp,956558996b963837,00323e7f7f7e1e00
C:/Users/ASUS GAMING/Documents/GitHub/Sberatele_Podtacku/images/00748_back.webp,946156ce6b344f33,003e3e1f3f3e3e08
C:/Users/ASUS GAMING/Documents/GitHub/Sberatele_Podtacku/images/00748_front.webp,976c58d96b923835,003a367f3f7e3e00
C:/Users/ASUS GAMING/Documents/GitHub/Sberatele_Podtacku/images/00749_back.webp,94c84a9f0a726d9f,187e7e471f7e2600
C:/Users/ASUS GAMING/Documents/GitHub/Sberatele_Podtacku/images/00749_front.webp,91cc53876b726c39,187e7eb9037e6608
C:/Users/ASUS GAMING/Documents/GitHub/Sberatele_Podtacku/images/00750_back.webp,95c35a346a87e9b2,003c7e3f5f7e1e00
C:/Users/ASUS GAMING/Documents/GitHub/Sberatele_Podtacku/images/00750_front.webp,954b5e256a966933,001c3e3f7f7e1e08
C:/Users/ASUS GAMING/Documents/GitHub/Sberatele_Podtacku/images/00751_back.webp,95d95a366a642997,003e3f7f7f072604
C:/Users/ASUS GAMING/Documents/GitHub/Sberatele_Podtacku/images/00751_front.webp,95c45a5b3a0f6dc4,187e7effff000a00
C:/Users/ASUS GAMING/Documents/GitHub/Sberatele_Podtacku/images/00752_back.webp,916a5bb56a87686c,003c7e7e7e7e3c00
C:/Users/ASUS GAMING/Documents/GitHub/Sberatele_Podtacku/images/00752_front.webp,94784bc73a3a78f0,183e4e47677e3e08
C:/Users/ASUS GAMING/Documents/GitHub/Sberatele_Podtacku/images/00753_back.webp,95d25a2b6a3c6c1b,187e7fffe7430000
C:/Users/ASUS GAMING/Documents/GitHub/Sberatele_Podtacku/images/00753_front.webp,876758981a986f67,1866263f3f2e7e08
C:/Users/ASUS GAMING/Documents/GitHub/Sberatele_Podtacku/images/00754_back.webp,95c55a262ad629de,003c7e7f3f3e3c00
C:/Users/ASUS GAMING/Documents/GitHub/Sberatele_Podtacku/images/00754_front.webp,94e6521b4b39793c,08363ebf3f3e0618
C:/Users/ASUS GAMING/Documents/GitHub/Sberatele_Podtacku/images/00755_back.webp,90db0f665e9168ce,187e7ede5e423e00
C:/Users/ASUS GAMING/Documents/GitHub/Sberatele_Podtacku/images/00755_front.webp,9063076e7ab168cf,003e7e5e5e5e3e08
C:/Users/ASUS GAMING/Documents/GitHub/Sberatele_Podtacku/images/00756_back.webp,95425ea16a1f696d,003c7e7f7f3e1c00
C:/Users/ASUS GAMING/Documents/GitHub/Sberatele_Podtacku/images/00756_front.webp,91f157c74a3c18d9,186e5a85bd5a7e18
C:/Users/ASUS GAMING/Documents/GitHub/Sberatele_Podtacku/images/00757_back.webp,d06a4f253f943c96,00307efe7f7e3c00
C:/Users/ASUS GAMING/Documents/GitHub/Sberatele_Podtacku/images/00757_front.webp,90615f8e4af1d91b,18045e7f3f3e2e18
C:/Users/ASUS GAMING/Documents/GitHub/Sberatele_Podtacku/images/00758_back.webp,856a5e956a5d293c,002c7e7e7e7e3e00
C:/Users/ASUS GAMING/Documents/GitHub/Sberatele_Podtacku/images/00758_front.webp,94d25f817a6b483e,003e3e4f7f7e1c08
C:/Users/ASUS GAMING/Documents/GitHub/Sberatele_Podtacku/images/00759_back.webp,95553581552f552f,003e3e1e7f7f0f00
C:/Users/ASUS GAMING/Documents/GitHub/Sberatele_Podtacku/images/00759_front.webp,95d5d59a442b558e,5e7e4e00037f7f02
C:/Users/ASUS GAMING/Documents/GitHub/Sberatele_Podtacku/images/00760_back.webp,81ca55c1557f457a,003f3f1f3e3f0e02
C:/Users/ASUS GAMING/Documents/GitHub/Sberatele_Podtacku/images/00760_front.webp,95d5d59a442b558e,5e7e4e00037f7f02
C:/Users/ASUS GAMING/Documents/GitHub/Sberatele_Podtacku/images/00761_back.webp,85ea05435547557f,007f3f3f3e1e1e00
C:/Users/ASUS GAMING/Documents/GitHub/Sberatele_Podtacku/images/00761_front.webp,81636c1e37b559d8,00707f7f3f1f1e00
C:/Users/ASUS GAMING/Documents/GitHub/Sberatele_Podtacku/images/00762_back.webp,c4e247654c8d6fd1,70f4f4f757027e00
C:/Users/ASUS GAMING/Documents/GitHub/Sberatele_Podtacku/images/00762_front.webp,a5e2d1dc56695863,7e675b15051b431e
C:/Users/ASUS GAMING/Documents/GitHub/Sberatele_Podtacku/images/00763_back.webp,804055fa557b557b,000e0e1f3f3f7f06
C:/Users/ASUS GAMING/Documents/GitHub/Sberatele_Podtacku/images/00763_front.webp,b557451c453f508f,066666277f039f62
C:/Users/ASUS GAMING/Documents/GitHub/Sberatele_Podtacku/images/00764_back.webp,804f515f55d4476e,007f3f43037f5f02
C:/Users/ASUS GAMING/Documents/GitHub/Sberatele_Podtacku/images/00764_front.webp,8a5059c9f5b7c163,08181dffff3f0902
C:/Users/ASUS GAMING/Documents/GitHub/Sberatele_Podtacku/images/00765_back.webp,9555436a4af7487a,007e6e7e5e7e6600
C:/Users/ASUS GAMING/Documents/GitHub/Sberatele_Podtacku/images/00765_front.webp,80de7d831ce71f60,007e7e6f67676300
C:/Users/ASUS GAMING/Documents/GitHub/Sberatele_Podtacku/images/00766_back.webp,95ce56004ad56afe,003e7f7f3f1e0e00
C:/Users/ASUS GAMING/Documents/GitHub/Sberatele_Podtacku/images/00766_front.webp,80c25f9d5a666a3b,007e67676f763e00
C:/Users/ASUS GAMING/Documents/GitHub/Sberatele_Podtacku/images/00767_back.webp,9543558b70786a7e,003e1e0f3f3f1e0e
C:/Users/ASUS GAMING/Documents/GitHub/Sberatele_Podtacku/images/00767_front.webp,847641a3599d4ebd,0066665663767e7c
C:/Users/ASUS GAMING/Documents/GitHub/Sberatele_Podtacku/images/00768_back.webp,94695b922ec73927,187e42c3c37e7e18
C:/Users/ASUS GAMING/Documents/GitHub/Sberatele_Podtacku/images/00768_front.webp,c4c1114ecb3d6fe8,1876ffffff200000
C:/Users/ASUS GAMING/Documents/GitHub/Sberatele_Podtacku/images/00769_back.webp,d4294b966fc63923,187e42c3c37e7e18
C:/Users/ASUS GAMING/Documents/GitHub/Sberatele_Podtacku/images/00769_front.webp,847b5f995e717804,183c2e3f3f3e3e00
C:/Users/ASUS GAMING/Documents/GitHub/Sberatele_Podtacku/images/00770_back.webp,94694b922fc73935,187e42c3c37e7e18
C:/Users/ASUS GAMING/Documents/GitHub/Sberatele_Podtacku/images/00770_front.webp,9539426c4ae72ce7,181e1e2e9e1a7e3c
C:/Users/ASUS GAMING/Documents/GitHub/Sberatele_Podtacku/images/00771_back.webp,94695b926ec73925,187e42c3c37e7e18
C:/Users/ASUS GAMING/Documents/GitHub/Sberatele_Podtacku/images/00771_front.webp,90c9439f4f307c73,187c5cdf3f1e0e08
C:/Users/ASUS GAMING/Documents/GitHub/Sberatele_Podtacku/images/00772_back.webp,952e5af02e357962,183c0207ff7e7e18
C:/Users/ASUS GAMING/Documents/GitHub/Sberatele_Podtacku/images/00772_front.webp,846e5f394a8769e4,00143e7f7f3e3e08
C:/Users/ASUS GAMING/Documents/GitHub/Sberatele_Podtacku/images/00773_back.webp,95354aaa6acf2a55,00007e7fffff1600
C:/Users/ASUS GAMING/Documents/GitHub/Sberatele_Podtacku/images/00773_front.webp,874f6cb0313d4ec6,00203b3f7f7f3f00
C:/Users/ASUS GAMING/Documents/GitHub/Sberatele_Podtacku/images/00774_back.webp,95633e684be26ae1,203c3c3e3e3e3e1c
C:/Users/ASUS GAMING/Documents/GitHub/Sberatele_Podtacku/images/00774_front.webp,96db3c9861616367,0c3e3e2e3e3e0636
C:/Users/ASUS GAMING/Documents/GitHub/Sberatele_Podtacku/images/00775_back.webp,958d5a6a6a276d31,183e7e3f1f7e2400
C:/Users/ASUS GAMING/Documents/GitHub/Sberatele_Podtacku/images/00775_front.webp,95485b876a743937,183e5e477f7e2600
C:/Users/ASUS GAMING/Documents/GitHub/Sberatele_Podtacku/images/00776_back.webp,956a6e35e4b05393,00003c3e7e7e7e3e
C:/Users/ASUS GAMING/Documents/GitHub/Sberatele_Podtacku/images/00776_front.webp,956a1e69b9316593,00183e4f7e627e3e
C:/Users/ASUS GAMING/Documents/GitHub/Sberatele_Podtacku/images/00777_back.webp,95a54a56695a2dab,107e7e5e6e3e3c00
C:/Users/ASUS GAMING/Documents/GitHub/Sberatele_Podtacku/images/00777_front.webp,94b54e4e6dcb342c,107e7e7e7e0c3c10
C:/Users/ASUS GAMING/Documents/GitHub/Sberatele_Podtacku/images/00778_back.webp,835c7ca363d6c698,00003c7e7f7f3f0a
C:/Users/ASUS GAMING/Documents/GitHub/Sberatele_Podtacku/images/00778_front.webp,958c5ae43d766cd0,003c7e7e7e7e3c00
C:/Users/ASUS GAMING/Documents/GitHub/Sberatele_Podtacku/images/00779_back.webp,95e05a866adf6938,003e4e7f1f7e3e00
C:/Users/ASUS GAMING/Documents/GitHub/Sberatele_Podtacku/images/00779_front.webp,95665e984a966979,187e42677f427e18
C:/Users/ASUS GAMING/Documents/GitHub/Sberatele_Podtacku/images/00780_back.webp,953b5a844e7c6e4a,182e1c6f7f7e0a18
C:/Users/ASUS GAMING/Documents/GitHub/Sberatele_Podtacku/images/00780_front.webp,957b5ba44a3a484f,080e3e677f7e0e18
C:/Users/ASUS GAMING/Documents/GitHub/Sberatele_Podtacku/images/00781_back.webp,956e5a946a97289e,003c3e7f3f3e3e00
C:/Users/ASUS GAMING/Documents/GitHub/Sberatele_Podtacku/images/00781_front.webp,95c65a996a343973,083e6e5f5f1e1e08
C:/Users/ASUS GAMING/Documents/GitHub/Sberatele_Podtacku/images/00782_back.webp,93ce5c315ac64b99,185a3cefef2c4a18
C:/Users/ASUS GAMING/Documents/GitHub/Sberatele_Podtacku/images/00782_front.webp,976e58394ac61b99,184a3cf7ef2e4a18
C:/Users/ASUS GAMING/Documents/GitHub/Sberatele_Podtacku/images/00783_back.webp,95665e976a6c29d0,082e1e3b7f3e3e08
C:/Users/ASUS GAMING/Documents/GitHub/Sberatele_Podtacku/images/00783_front.webp,95625e9f6a3468ca,187e6647077e3e18
C:/Users/ASUS GAMING/Documents/GitHub/Sberatele_Podtacku/images/00784_back.webp,95e356967a9e2829,00667e7f1b7e3e00
C:/Users/ASUS GAMING/Documents/GitHub/Sberatele_Podtacku/images/00784_front.webp,95615aa64b1e2fcc,187e66cbc3267e18
C:/Users/ASUS GAMING/Documents/GitHub/Sberatele_Podtacku/images/00785_back.webp,95c05b930e2f7a1d,187e14171f7e3e18
C:/Users/ASUS GAMING/Documents/GitHub/Sberatele_Podtacku/images/00785_front.webp,955b5e2c7b902dc2,00007effff1f5e00
C:/Users/ASUS GAMING/Documents/GitHub/Sberatele_Podtacku/images/00786_back.webp,847850cd5b937f62,185235bdb13b7e18
C:/Users/ASUS GAMING/Documents/GitHub/Sberatele_Podtacku/images/00786_front.webp,9563568e5acd2935,186e4e0f1f1e5e1c
C:/Users/ASUS GAMING/Documents/GitHub/Sberatele_Podtacku/images/00787_back.webp,956650c54e1b7b96,18560dbdbf1a5e18
C:/Users/ASUS GAMING/Documents/GitHub/Sberatele_Podtacku/images/00787_front.webp,9562568f4ad96da4,187e4a0f1f1e7e18
C:/Users/ASUS GAMING/Documents/GitHub/Sberatele_Podtacku/images/00788_back.webp,856c5e973a326ccc,003e72477f763e18
C:/Users/ASUS GAMING/Documents/GitHub/Sberatele_Podtacku/images/00788_front.webp,9566529b4ad86d6c,1866523f0f1e7e1c
C:/Users/ASUS GAMING/Documents/GitHub/Sberatele_Podtacku/images/00789_back.webp,956656994a8d6937,187e46dbc3467e18
C:/Users/ASUS GAMING/Documents/GitHub/Sberatele_Podtacku/images/00789_front.webp,91674e3d3ae54b30,183e7e07073e7e18
C:/Users/ASUS GAMING/Documents/GitHub/Sberatele_Podtacku/images/00790_back.webp,947943864bcf6c27,184e42dfcf567e08
C:/Users/ASUS GAMING/Documents/GitHub/Sberatele_Podtacku/images/00790_front.webp,90db4e666b354cb2,183c5e5f4f7e0618
C:/Users/ASUS GAMING/Documents/GitHub/Sberatele_Podtacku/images/00791_back.webp,95e15a1c6a9f2936,003e767f5f1e1e08
C:/Users/ASUS GAMING/Documents/GitHub/Sberatele_Podtacku/images/00791_front.webp,95695b256a3569c6,003c7e435f7e3e18
C:/Users/ASUS GAMING/Documents/GitHub/Sberatele_Podtacku/images/00792_back.webp,947041dc44f767e6,0e0f071f1f1f1f06
C:/Users/ASUS GAMING/Documents/GitHub/Sberatele_Podtacku/images/00792_front.webp,81c86e537be86473,003e7e7e3e3e3e00
C:/Users/ASUS GAMING/Documents/GitHub/Sberatele_Podtacku/images/00793_back.webp,806815d755f4557b,0001034f3f7f7f2e
C:/Users/ASUS GAMING/Documents/GitHub/Sberatele_Podtacku/images/00793_front.webp,84e0557f45d0553f,1a3f7f7f03081f02
C:/Users/ASUS GAMING/Documents/GitHub/Sberatele_Podtacku/images/00794_back.webp,858515dd54f4513f,26273f77317f0700
C:/Users/ASUS GAMING/Documents/GitHub/Sberatele_Podtacku/images/00794_front.webp,959515d8547c543f,06223f0fbfff0700
C:/Users/ASUS GAMING/Documents/GitHub/Sberatele_Podtacku/images/00795_back.webp,965b45654e324b9b,185a3e273f3f4618
C:/Users/ASUS GAMING/Documents/GitHub/Sberatele_Podtacku/images/00795_front.webp,956758fa6aa52a70,001a3e7f7f7e1e00
C:/Users/ASUS GAMING/Documents/GitHub/Sberatele_Podtacku/images/00796_back.webp,95857b5a6a350f62,003e7e7e7e3e1e00
C:/Users/ASUS GAMING/Documents/GitHub/Sberatele_Podtacku/images/00796_front.webp,95c75a5a6a350f62,003e3e7f7e3e1e00
C:/Users/ASUS GAMING/Documents/GitHub/Sberatele_Podtacku/images/00797_back.webp,944e5f8c2a976969,001c7e3f5f7e3e00
C:/Users/ASUS GAMING/Documents/GitHub/Sberatele_Podtacku/images/00797_front.webp,91c95c676e923a93,18183e7f3f1e3e08
C:/Users/ASUS GAMING/Documents/GitHub/Sberatele_Podtacku/images/00798_back.webp,94c34a3c3be3693c,003c7e7e7e3e3e00
C:/Users/ASUS GAMING/Documents/GitHub/Sberatele_Podtacku/images/00798_front.webp,95914a4f6ee46e38,187e5eff1f3e0200
C:/Users/ASUS GAMING/Documents/GitHub/Sberatele_Podtacku/images/00799_back.webp,956a5a056aaf6987,003c3e7f3f3e3e00
C:/Users/ASUS GAMING/Documents/GitHub/Sberatele_Podtacku/images/00799_front.webp,857956f60e6938cc,003e5a3f3f7e2618
C:/Users/ASUS GAMING/Documents/GitHub/Sberatele_Podtacku/images/00800_back.webp,95b14e53744b744b,083e7e7e3e3c3c10
C:/Users/ASUS GAMING/Documents/GitHub/Sberatele_Podtacku/images/00800_front.webp,915f5aa97da54134,00183c3e7e7f7f08
C:/Users/ASUS GAMING/Documents/GitHub/Sberatele_Podtacku/images/00801_back.webp,952654f66f094b8d,00561f3f3f6e5e04
C:/Users/ASUS GAMING/Documents/GitHub/Sberatele_Podtacku/images/00801_front.webp,851e146d5bf34e1c,00363e7c3f7e6e08
C:/Users/ASUS GAMING/Documents/GitHub/Sberatele_Podtacku/images/00802_back.webp,94ce14a10bb76f6c,047e7e7e7e664600
C:/Users/ASUS GAMING/Documents/GitHub/Sberatele_Podtacku/images/00802_front.webp,859e346d59f3461c,003e7e7e3f7e2600
C:/Users/ASUS GAMING/Documents/GitHub/Sberatele_Podtacku/images/00803_back.webp,8f76106dc1bbc694,3e01b5b9b9b1093e
C:/Users/ASUS GAMING/Documents/GitHub/Sberatele_Podtacku/images/00803_front.webp,947205cf4f9d1e62,184404dbf75e7e1c
C:/Users/ASUS GAMING/Documents/GitHub/Sberatele_Podtacku/images/00804_back.webp,9e7e104dd193c69c,3c01b5bdb9b1093e
C:/Users/ASUS GAMING/Documents/GitHub/Sberatele_Podtacku/images/00804_front.webp,917c45331ea64bcd,08587a870b6f7e3c
C:/Users/ASUS GAMING/Documents/GitHub/Sberatele_Podtacku/images/00805_back.webp,841c56b16bc73b1e,005e3e7e7e4e7e00
C:/Users/ASUS GAMING/Documents/GitHub/Sberatele_Podtacku/images/00805_front.webp,855f16335b9c4a39,007e765343477e3c
C:/Users/ASUS GAMING/Documents/GitHub/Sberatele_Podtacku/images/00806_back.webp,955550ba45be44b7,023e3e3e3e3e3f00
C:/Users/ASUS GAMING/Documents/GitHub/Sberatele_Podtacku/images/00806_front.webp,84db79386c267363,003e7e3e7e7e2e00
C:/Users/ASUS GAMING/Documents/GitHub/Sberatele_Podtacku/images/00807_back.webp,95dfc584d486d18e,7e038f0f0f030f3e
C:/Users/ASUS GAMING/Documents/GitHub/Sberatele_Podtacku/images/00807_front.webp,955f4527d508d1b6,3c061e1f3f3f030e
C:/Users/ASUS GAMING/Documents/GitHub/Sberatele_Podtacku/images/00808_back.webp,8a7d559675c35429,0e19191f0f3f3f06
C:/Users/ASUS GAMING/Documents/GitHub/Sberatele_Podtacku/images/00808_front.webp,88dd75265518dd93,06191f1f3f1f070e
C:/Users/ASUS GAMING/Documents/GitHub/Sberatele_Podtacku/images/00809_back.webp,85d054ee551f170f,3e7e3f1f3b130300
C:/Users/ASUS GAMING/Documents/GitHub/Sberatele_Podtacku/images/00809_front.webp,94cc653713d94cce,7e7f3e1e1e160602
C:/Users/ASUS GAMING/Documents/GitHub/Sberatele_Podtacku/images/00810_back.webp,8067c57c54db55e1,6067271f03027f7e
C:/Users/ASUS GAMING/Documents/GitHub/Sberatele_Podtacku/images/00810_front.webp,80ca556e1cf167ba,10606fef37636706
C:/Users/ASUS GAMING/Documents/GitHub/Sberatele_Podtacku/images/00811_back.webp,80c61d2f653f65b1,007c7e7f3f070f02
C:/Users/ASUS GAMING/Documents/GitHub/Sberatele_Podtacku/images/00811_front.webp,907f2d0d70d215bd,00007efeff7e3e00
C:/Users/ASUS GAMING/Documents/GitHub/Sberatele_Podtacku/images/00812_back.webp,84d35fca17b4154b,00061f3f3e7f7f00
C:/Users/ASUS GAMING/Documents/GitHub/Sberatele_Podtacku/images/00812_front.webp,95c4483f373715ca,067f7e0707073f06
C:/Users/ASUS GAMING/Documents/GitHub/Sberatele_Podtacku/images/00813_back.webp,856f552375255725,001e3f03433f7f1e
C:/Users/ASUS GAMING/Documents/GitHub/Sberatele_Podtacku/images/00813_front.webp,80e075dd57695e45,004b7f7f7f7f0000
C:/Users/ASUS GAMING/Documents/GitHub/Sberatele_Podtacku/images/00814_back.webp,95e311ff413f401d,02727277727e1e16
C:/Users/ASUS GAMING/Documents/GitHub/Sberatele_Podtacku/images/00814_front.webp,95596586d3396d86,001e1e3f3f5f0f06
C:/Users/ASUS GAMING/Documents/GitHub/Sberatele_Podtacku/images/00815_back.webp,857f15aa54aa55ac,000a1e3e7f3f3f06
C:/Users/ASUS GAMING/Documents/GitHub/Sberatele_Podtacku/images/00815_front.webp,b1194dc7619635cb,007e4e466b7f7f00
C:/Users/ASUS GAMING/Documents/GitHub/Sberatele_Podtacku/images/00816_back.webp,91d95ae46a2768da,001e3e7f7f3e1e00
C:/Users/ASUS GAMING/Documents/GitHub/Sberatele_Podtacku/images/00816_front.webp,91d95e646a2768dc,001e3e7f7f3e1e00
C:/Users/ASUS GAMING/Documents/GitHub/Sberatele_Podtacku/images/00817_back.webp,95cb5a356a9c2d92,003c7e7f3f3e3c00
C:/Users/ASUS GAMING/Documents/GitHub/Sberatele_Podtacku/images/00817_front.webp,956a5b9d6ab42570,003c7e7f7f3e1c00
C:/Users/ASUS GAMING/Documents/GitHub/Sberatele_Podtacku/images/00818_back.webp,957744c04c3f372d,027e0e0e2a3f3f1e
C:/Users/ASUS GAMING/Documents/GitHub/Sberatele_Podtacku/images/00818_front.webp,915335c5454f4b37,024e0c787e797f0e
C:/Users/ASUS GAMING/Documents/GitHub/Sberatele_Podtacku/images/00819_back.webp,955555aa552a553e,003e3e3f3f1f1f00
C:/Users/ASUS GAMING/Documents/GitHub/Sberatele_Podtacku/images/00819_front.webp,85e55e97603e331a,003f5f6b7e3e1e00
C:/Users/ASUS GAMING/Documents/GitHub/Sberatele_Podtacku/images/00820_back.webp,95d53f62409e35e1,007e7e7e7e0f0f00
C:/Users/ASUS GAMING/Documents/GitHub/Sberatele_Podtacku/images/00820_front.webp,95d53f62509c3563,007e7f7e7e4e0b00
C:/Users/ASUS GAMING/Documents/GitHub/Sberatele_Podtacku/images/00821_back.webp,95c4728d3d3e5c38,007e7e7e7e3e0e00
C:/Users/ASUS GAMING/Documents/GitHub/Sberatele_Podtacku/images/00821_front.webp,95d57a6b65a45720,003e7e7e7e3e1e00
C:/Users/ASUS GAMING/Documents/GitHub/Sberatele_Podtacku/images/00822_back.webp,95754c2ec592c4be,02007e7e3f3f1f12
C:/Users/ASUS GAMING/Documents/GitHub/Sberatele_Podtacku/images/00822_front.webp,9156569e503f559c,04062e2e7f3f1f0e
C:/Users/ASUS GAMING/Documents/GitHub/Sberatele_Podtacku/images/00823_back.webp,80d045677b3a3f0f,007f3f0f2f672f00
C:/Users/ASUS GAMING/Documents/GitHub/Sberatele_Podtacku/images/00823_front.webp,94d7692966365837,003e7f7e3f1f0700
C:/Users/ASUS GAMING/Documents/GitHub/Sberatele_Podtacku/images/00824_back.webp,84de1ba1431e7d1b,003e7f7373733e00
C:/Users/ASUS GAMING/Documents/GitHub/Sberatele_Podtacku/images/00824_front.webp,844655e35c2fc59b,001e3f1f7f6f0f00
C:/Users/ASUS GAMING/Documents/GitHub/Sberatele_Podtacku/images/00825_back.webp,91f23f0f67a95824,003e7f7f663e1b00
C:/Users/ASUS GAMING/Documents/GitHub/Sberatele_Podtacku/images/00825_front.webp,91373f9a443d6469,003e4e7e7f7f1c00
C:/Users/ASUS GAMING/Documents/GitHub/Sberatele_Podtacku/images/00826_back.webp,851555be54aa54af,000e1f1f1f3f7f02
C:/Users/ASUS GAMING/Documents/GitHub/Sberatele_Podtacku/images/00826_front.webp,84e7659c7c29589b,007e7e073f3f1f00
C:/Users/ASUS GAMING/Documents/GitHub/Sberatele_Podtacku/images/00827_back.webp,814055ff55ea55aa,000f0f1f3f3f1f06
C:/Users/ASUS GAMING/Documents/GitHub/Sberatele_Podtacku/images/00827_front.webp,81d3548e74cb7393,3e3e6e386e0e3e02
C:/Users/ASUS GAMING/Documents/GitHub/Sberatele_Podtacku/images/00828_back.webp,8507070f1fbe7cb0,023e42467f7f7f00
C:/Users/ASUS GAMING/Documents/GitHub/Sberatele_Podtacku/images/00828_front.webp,d456525a6aab0bab,006c7e030f7f7f06
C:/Users/ASUS GAMING/Documents/GitHub/Sberatele_Podtacku/images/00829_back.webp,853d518a54bb459f,000e1e1f3f7f7f00
C:/Users/ASUS GAMING/Documents/GitHub/Sberatele_Podtacku/images/00829_front.webp,805d75a46727d19b,00183e3f3f7f3f00
C:/Users/ASUS GAMING/Documents/GitHub/Sberatele_Podtacku/images/00830_back.webp,94e34b947a466d1b,007e7e665e7e3e00
C:/Users/ASUS GAMING/Documents/GitHub/Sberatele_Podtacku/images/00830_front.webp,85e65a987a87691b,2c7666665e7e3e00
C:/Users/ASUS GAMING/Documents/GitHub/Sberatele_Podtacku/images/00831_back.webp,95e14b955ad22ec6,3c66464e7e7e3e00
C:/Users/ASUS GAMING/Documents/GitHub/Sberatele_Podtacku/images/00831_front.webp,95e24b997ac2691b,2c7666665e7e3e00
C:/Users/ASUS GAMING/Documents/GitHub/Sberatele_Podtacku/images/00832_back.webp,817a5ea56a7169c3,003c3e1f7f3f3e00
C:/Users/ASUS GAMING/Documents/GitHub/Sberatele_Podtacku/images/00832_front.webp,91694f974a9439da,18124a4f7f6e7e18
C:/Users/ASUS GAMING/Documents/GitHub/Sberatele_Podtacku/images/00833_back.webp,957752874af12939,181e067f0f7e3e18
C:/Users/ASUS GAMING/Documents/GitHub/Sberatele_Podtacku/images/00833_front.webp,91cc1e975b583cb4,187e52797f4e1e08
C:/Users/ASUS GAMING/Documents/GitHub/Sberatele_Podtacku/images/00834_back.webp,956c51254ad32f73,001a3e3f3f3f3e08
C:/Users/ASUS GAMING/Documents/GitHub/Sberatele_Podtacku/images/00834_front.webp,946c532b6af44d63,000a7e7f3f3e3e08
C:/Users/ASUS GAMING/Documents/GitHub/Sberatele_Podtacku/images/00835_back.webp,916e532b4ae16d35,001a6e7f3f5e3e08
C:/Users/ASUS GAMING/Documents/GitHub/Sberatele_Podtacku/images/00835_front.webp,9c6c51637ab44d63,001a5e3f3f7f2e08
C:/Users/ASUS GAMING/Documents/GitHub/Sberatele_Podtacku/images/00836_back.webp,95375a956ad26992,001e3e3f3f7e3e00
C:/Users/ASUS GAMING/Documents/GitHub/Sberatele_Podtacku/images/00836_front.webp,8459536e4eb91d65,18463ebfb517461c
C:/Users/ASUS GAMING/Documents/GitHub/Sberatele_Podtacku/images/00837_back.webp,95485a2fca906b3f,00061e7f7f7f0e18
C:/Users/ASUS GAMING/Documents/GitHub/Sberatele_Podtacku/images/00837_front.webp,95685a6fca90692f,00063e7f7f3f0e18
C:/Users/ASUS GAMING/Documents/GitHub/Sberatele_Podtacku/images/00838_back.webp,95715ecc4a336987,001e6e6f7f1e1e18
C:/Users/ASUS GAMING/Documents/GitHub/Sberatele_Podtacku/images/00838_front.webp,94635f9c3a3c6991,002e7e3f7f1e1e08
C:/Users/ASUS GAMING/Documents/GitHub/Sberatele_Podtacku/images/00839_back.webp,90e94f3e2f857870,187e7e5f041c7e18
C:/Users/ASUS GAMING/Documents/GitHub/Sberatele_Podtacku/images/00839_front.webp,956b5e943b123933,00380cffff3e3c18
C:/Users/ASUS GAMING/Documents/GitHub/Sberatele_Podtacku/images/00840_back.webp,94734b6b6a94bd48,000c7e7f7f7e1e00
C:/Users/ASUS GAMING/Documents/GitHub/Sberatele_Podtacku/images/00840_front.webp,95c3529e2e4ecd38,186e7ef3df7e0000
C:/Users/ASUS GAMING/Documents/GitHub/Sberatele_Podtacku/images/00841_back.webp,953c72e20ac3798f,00063f3f3f7e7e00
C:/Users/ASUS GAMING/Documents/GitHub/Sberatele_Podtacku/images/00841_front.webp,943c5567cab4cb92,18421e7fff3e4218
C:/Users/ASUS GAMING/Documents/GitHub/Sberatele_Podtacku/images/00842_back.webp,956752386bc7293a,187e7e81817e7e18
C:/Users/ASUS GAMING/Documents/GitHub/Sberatele_Podtacku/images/00842_front.webp,95385ee7ca3029c7,000e1e7f7f3e1e18
C:/Users/ASUS GAMING/Documents/GitHub/Sberatele_Podtacku/images/00843_back.webp,91645e3b6ac539c3,000c7e7f3f1e3e18
C:/Users/ASUS GAMING/Documents/GitHub/Sberatele_Podtacku/images/00843_front.webp,91665e9a7a956c61,001e7e7f6f3e1e00
C:/Users/ASUS GAMING/Documents/GitHub/Sberatele_Podtacku/images/00844_back.webp,85385ecf3ac7381c,001c3e7f3f7e3e00
C:/Users/ASUS GAMING/Documents/GitHub/Sberatele_Podtacku/images/00844_front.webp,907b57d41a61689f,186643bfbf436618
C:/Users/ASUS GAMING/Documents/GitHub/Sberatele_Podtacku/images/00845_back.webp,a17d54865d3b6d90,0047030f7f777f06
C:/Users/ASUS GAMING/Documents/GitHub/Sberatele_Podtacku/images/00845_front.webp,867936cb753451cc,00041f0f3f7f3f16
C:/Users/ASUS GAMING/Documents/GitHub/Sberatele_Podtacku/images/00846_back.webp,956353526aa76e46,003c3c7f7f3e3e00
C:/Users/ASUS GAMING/Documents/GitHub/Sberatele_Podtacku/images/00846_front.webp,93937c6c6a913b32,003e3e3f3f3e3e00
C:/Users/ASUS GAMING/Documents/GitHub/Sberatele_Podtacku/images/00847_back.webp,997346ce3ab1c934,003e5e7f1f3e3e00
C:/Users/ASUS GAMING/Documents/GitHub/Sberatele_Podtacku/images/00847_front.webp,997356ce6a99c930,083e1e3f1f3e3e08
C:/Users/ASUS GAMING/Documents/GitHub/Sberatele_Podtacku/images/00848_back.webp,95cb5ac52e9668ca,003c7e1f3f7e3e00
C:/Users/ASUS GAMING/Documents/GitHub/Sberatele_Podtacku/images/00848_front.webp,84c65f1b7ab83919,1c7e7fff1e0e0800
C:/Users/ASUS GAMING/Documents/GitHub/Sberatele_Podtacku/images/00849_back.webp,95275f7a6a913928,00347e7f7f1e3e00
C:/Users/ASUS GAMING/Documents/GitHub/Sberatele_Podtacku/images/00849_front.webp,954c566f7e2828d5,003c3e7f7e3f1e00
C:/Users/ASUS GAMING/Documents/GitHub/Sberatele_Podtacku/images/00850_back.webp,942d5ad82fb82d65,003c02ffff7e7c00
C:/Users/ASUS GAMING/Documents/GitHub/Sberatele_Podtacku/images/00850_front.webp,95584ead6a9d60d6,001c3eff7f3e1e00
C:/Users/ASUS GAMING/Documents/GitHub/Sberatele_Podtacku/images/00851_back.webp,95335eb76a8069d2,003e1e3f3f7e3e00
C:/Users/ASUS GAMING/Documents/GitHub/Sberatele_Podtacku/images/00851_front.webp,813c5fe13a3e6932,00060e3f7f7e7e18
C:/Users/ASUS GAMING/Documents/GitHub/Sberatele_Podtacku/images/00852_back.webp,95355ac22b3a6c6d,001e1e7f7f7e3c00
C:/Users/ASUS GAMING/Documents/GitHub/Sberatele_Podtacku/images/00852_front.webp,90c15d3d4a978f78,18427fffc50f4e08
C:/Users/ASUS GAMING/Documents/GitHub/Sberatele_Podtacku/images/00853_back.webp,950e57756a996a26,003e3e3f3f3e3e00
C:/Users/ASUS GAMING/Documents/GitHub/Sberatele_Podtacku/images/00853_front.webp,81175ef07a292bcb,001e3e5dfe677818
C:/Users/ASUS GAMING/Documents/GitHub/Sberatele_Podtacku/images/00854_back.webp,95475e396ad27838,003e7e7f3f1e1e00
C:/Users/ASUS GAMING/Documents/GitHub/Sberatele_Podtacku/images/00854_front.webp,90675eb37a466985,001c7adf5f7e3c08
C:/Users/ASUS GAMING/Documents/GitHub/Sberatele_Podtacku/images/00855_back.webp,95c65e2c6ad07936,003c7e7f3f1e1e08
C:/Users/ASUS GAMING/Documents/GitHub/Sberatele_Podtacku/images/00855_front.webp,912f1ef23a476985,00187afe7f7e3c08
C:/Users/ASUS GAMING/Documents/GitHub/Sberatele_Podtacku/images/00856_back.webp,85985e2f6ae13d70,003c7e7f3f2a6a18
C:/Users/ASUS GAMING/Documents/GitHub/Sberatele_Podtacku/images/00856_front.webp,95605e2f6bd87864,001e7e7f273e3e08
C:/Users/ASUS GAMING/Documents/GitHub/Sberatele_Podtacku/images/00857_back.webp,956a5aa56af56984,003e3e3f3f3e3e00
C:/Users/ASUS GAMING/Documents/GitHub/Sberatele_Podtacku/images/00857_front.webp,85685f346a97699c,00043e7f7f7e3e08
C:/Users/ASUS GAMING/Documents/GitHub/Sberatele_Podtacku/images/00858_back.webp,856d5e366ab46b90,103e7e2b1f267e18
C:/Users/ASUS GAMING/Documents/GitHub/Sberatele_Podtacku/images/00858_front.webp,90b65f696ab52949,003c7e7f7f4e1e00
C:/Users/ASUS GAMING/Documents/GitHub/Sberatele_Podtacku/images/00859_back.webp,956e5b836a0f692c,003e0e5f7f7e3e00
C:/Users/ASUS GAMING/Documents/GitHub/Sberatele_Podtacku/images/00859_front.webp,85cb5e2a6a35298f,003c7e7f771e3e00
C:/Users/ASUS GAMING/Documents/GitHub/Sberatele_Podtacku/images/00860_back.webp,913b4a8c0fc97ad9,1840ce0f0f7e7e3c
C:/Users/ASUS GAMING/Documents/GitHub/Sberatele_Podtacku/images/00860_front.webp,952c5bb56af06992,003e7e475f7e3e00
C:/Users/ASUS GAMING/Documents/GitHub/Sberatele_Podtacku/images/00861_back.webp,91d15f4a6a0f691d,187e7e7f7e4e0400
C:/Users/ASUS GAMING/Documents/GitHub/Sberatele_Podtacku/images/00861_front.webp,957a58c16a662d9e,081e3e27677e3e18
C:/Users/ASUS GAMING/Documents/GitHub/Sberatele_Podtacku/images/00862_back.webp,856a5475557d5583,00073f3f3f3f0706
C:/Users/ASUS GAMING/Documents/GitHub/Sberatele_Podtacku/images/00862_front.webp,95d5558a61aa5795,023e3e071f3f7f00
C:/Users/ASUS GAMING/Documents/GitHub/Sberatele_Podtacku/images/00863_back.webp,95d955b04a9e4a9e,18424f7f7f437e00
C:/Users/ASUS GAMING/Documents/GitHub/Sberatele_Podtacku/images/00863_front.webp,95d155d04a1f7ec4,3c7fffc7ff000000
C:/Users/ASUS GAMING/Documents/GitHub/Sberatele_Podtacku/images/00864_back.webp,81de55315b9e4a39,18667f7f43676600
C:/Users/ASUS GAMING/Documents/GitHub/Sberatele_Podtacku/images/00864_front.webp,95d550524a1b7eec,3c7ebfefff000000
C:/Users/ASUS GAMING/Documents/GitHub/Sberatele_Podtacku/images/00865_back.webp,855f5e1a5e1f5818,00071f3f3f3f3f00
C:/Users/ASUS GAMING/Documents/GitHub/Sberatele_Podtacku/images/00865_front.webp,95c76e4a691912b7,00363f7f4f1f1f00
C:/Users/ASUS GAMING/Documents/GitHub/Sberatele_Podtacku/images/00866_back.webp,955d54b2513b519b,00181b3f7f7f1f02
C:/Users/ASUS GAMING/Documents/GitHub/Sberatele_Podtacku/images/00866_front.webp,853731d426995d79,02246bbff77c3e00
C:/Users/ASUS GAMING/Documents/GitHub/Sberatele_Podtacku/images/00867_back.webp,904d513e49b65f69,023e7e7f0f0f2740
C:/Users/ASUS GAMING/Documents/GitHub/Sberatele_Podtacku/images/00867_front.webp,95d5502f54ed45b4,3e5e5f1b1f131b00
C:/Users/ASUS GAMING/Documents/GitHub/Sberatele_Podtacku/images/00868_back.webp,904d553649b65e6d,007e7e7e1f0f0f40
C:/Users/ASUS GAMING/Documents/GitHub/Sberatele_Podtacku/images/00868_front.webp,9575549741ae44bd,0246426f7f6f6f40
C:/Users/ASUS GAMING/Documents/GitHub/Sberatele_Podtacku/images/00869_back.webp,b51dc5e048cb359b,7e0e078080c7ff7c
C:/Users/ASUS GAMING/Documents/GitHub/Sberatele_Podtacku/images/00869_front.webp,97dd40e6413bc639,1e1e1f8f87b70d40
C:/Users/ASUS GAMING/Documents/GitHub/Sberatele_Podtacku/images/00870_back.webp,955751be51bcd091,7e007e80ff978364
C:/Users/ASUS GAMING/Documents/GitHub/Sberatele_Podtacku/images/00870_front.webp,b515d0e253a74d8e,7e461b8181c9e77c
C:/Users/ASUS GAMING/Documents/GitHub/Sberatele_Podtacku/images/00871_back.webp,955554aa54af40bf,001e1e3f3f3f3f00
C:/Users/ASUS GAMING/Documents/GitHub/Sberatele_Podtacku/images/00871_front.webp,d06d15b6d42f41a7,1878687cff1d1d0c
C:/Users/ASUS GAMING/Documents/GitHub/Sberatele_Podtacku/images/00872_back.webp,b175c4be4499d199,5e070f0b030f1f7e
C:/Users/ASUS GAMING/Documents/GitHub/Sberatele_Podtacku/images/00872_front.webp,b975c48e5499d199,5e030b09838f9f7e
C:/Users/ASUS GAMING/Documents/GitHub/Sberatele_Podtacku/images/00873_back.webp,853750ae50bf40bf,00060e7e7e7f7f40
C:/Users/ASUS GAMING/Documents/GitHub/Sberatele_Podtacku/images/00873_front.webp,9544558e5dda7c2a,103e467f3f0f1f02
C:/Users/ASUS GAMING/Documents/GitHub/Sberatele_Podtacku/images/00874_back.webp,940f6aa56ba56ae4,003e3e3e3e7e7e00
C:/Users/ASUS GAMING/Documents/GitHub/Sberatele_Podtacku/images/00874_front.webp,954b6b6c68686b9a,003e3e1e7e3e3e06
C:/Users/ASUS GAMING/Documents/GitHub/Sberatele_Podtacku/images/00875_back.webp,956652a96a75693c,003e3e3f3f3e1e08
C:/Users/ASUS GAMING/Documents/GitHub/Sberatele_Podtacku/images/00875_front.webp,907963c63e7969b0,003e5e1f3f7e3e00
C:/Users/ASUS GAMING/Documents/GitHub/Sberatele_Podtacku/images/00876_back.webp,95305e2f4acd69c6,18466667676e7e18
C:/Users/ASUS GAMING/Documents/GitHub/Sberatele_Podtacku/images/00876_front.webp,956852b76b993b24,003e1e7f3f3e3e00
C:/Users/ASUS GAMING/Documents/GitHub/Sberatele_Podtacku/images/00877_back.webp,902d5f73cab4294b,00003effff7e3e00
C:/Users/ASUS GAMING/Documents/GitHub/Sberatele_Podtacku/images/00877_front.webp,95625ab46a9469f3,000e0f3fff1f1e18
C:/Users/ASUS GAMING/Documents/GitHub/Sberatele_Podtacku/images/00878_back.webp,95ce5e610b9e3c25,187e0e3f2f663e08
C:/Users/ASUS GAMING/Documents/GitHub/Sberatele_Podtacku/images/00878_front.webp,95ce5a614b9e3c2c,187e1e3eaf663e00
C:/Users/ASUS GAMING/Documents/GitHub/Sberatele_Podtacku/images/00879_back.webp,95c85e0a7a2f782d,003c7e7f7f3e0e00
C:/Users/ASUS GAMING/Documents/GitHub/Sberatele_Podtacku/images/00879_front.webp,916e1f916a856a3d,001c1e7fff6e1e08
C:/Users/ASUS GAMING/Documents/GitHub/Sberatele_Podtacku/images/00880_back.webp,954a5f2b6a356835,003c7e7f7f3e1c00
C:/Users/ASUS GAMING/Documents/GitHub/Sberatele_Podtacku/images/00880_front.webp,91665f916a856a6d,001c3e7f7f6e1e08
C:/Users/ASUS GAMING/Documents/GitHub/Sberatele_Podtacku/images/00881_back.webp,95cb5f046a1f681e,003c7e7f3f3e3c00
C:/Users/ASUS GAMING/Documents/GitHub/Sberatele_Podtacku/images/00881_front.webp,91665f916a956b0d,001c3e7f7f6e1e08
C:/Users/ASUS GAMING/Documents/GitHub/Sberatele_Podtacku/images/00882_back.webp,95c85e2b6a3d6835,003c7e7f3f3e1e00
C:/Users/ASUS GAMING/Documents/GitHub/Sberatele_Podtacku/images/00882_front.webp,91661f916a857a6d,00000effff7e3e0c
C:/Users/ASUS GAMING/Documents/GitHub/Sberatele_Podtacku/images/00883_back.webp,95ca5e2a6a2d6d25,003c7e7e7f7e1c00
C:/Users/ASUS GAMING/Documents/GitHub/Sberatele_Podtacku/images/00883_front.webp,91665f936a856a2d,001c3e7f7f6e1e08
C:/Users/ASUS GAMING/Documents/GitHub/Sberatele_Podtacku/images/00884_back.webp,94cb4f367a1e490d,1c7e7fc7c7470600
C:/Users/ASUS GAMING/Documents/GitHub/Sberatele_Podtacku/images/00884_front.webp,954b7878669c3e61,003c3e7f7e3e3e00
C:/Users/ASUS GAMING/Documents/GitHub/Sberatele_Podtacku/images/00885_back.webp,94945f696ac23d1e,001e3e7f7f1e3e00
C:/Users/ASUS GAMING/Documents/GitHub/Sberatele_Podtacku/images/00885_front.webp,85ce5a794ba46e19,187e7ef3eb424218
C:/Users/ASUS GAMING/Documents/GitHub/Sberatele_Podtacku/images/00886_back.webp,85db5a978b4b28c5,2c1c2a7f7f7f1400
C:/Users/ASUS GAMING/Documents/GitHub/Sberatele_Podtacku/images/00886_front.webp,942c5bcb7a8dca61,003c3e3e7e7e7e00
C:/Users/ASUS GAMING/Documents/GitHub/Sberatele_Podtacku/images/00887_back.webp,c49915255bc71ee6,185a7cfdf5307230
C:/Users/ASUS GAMING/Documents/GitHub/Sberatele_Podtacku/images/00887_front.webp,9dc95037ca9c4b72,3c42999dbf8b423c
C:/Users/ASUS GAMING/Documents/GitHub/Sberatele_Podtacku/images/00888_back.webp,951b4ee64a9469d3,140e0e0f7f7f7610
C:/Users/ASUS GAMING/Documents/GitHub/Sberatele_Podtacku/images/00888_front.webp,951b4ee64a9469d3,140e0e0f7f7f3e10
C:/Users/ASUS GAMING/Documents/GitHub/Sberatele_Podtacku/images/00889_back.webp,85cc50314be39f9b,385abdb18f0f423c
C:/Users/ASUS GAMING/Documents/GitHub/Sberatele_Podtacku/images/00889_front.webp,85cd5472da914bce,1c0239ffff21423c
C:/Users/ASUS GAMING/Documents/GitHub/Sberatele_Podtacku/images/00890_back.webp,9d4c56247b8b6d70,183c1e3f3f1e3e08
C:/Users/ASUS GAMING/Documents/GitHub/Sberatele_Podtacku/images/00890_front.webp,95c85e1fcac02e3e,001e1eff7f3e1e00
C:/Users/ASUS GAMING/Documents/GitHub/Sberatele_Podtacku/images/00891_back.webp,95e85a176a686d95,001c7e7f7f3e1e00
C:/Users/ASUS GAMING/Documents/GitHub/Sberatele_Podtacku/images/00891_front.webp,95ca56274a9d6876,083e3e3f3f1e1e08
C:/Users/ASUS GAMING/Documents/GitHub/Sberatele_Podtacku/images/00892_back.webp,95625e3c6a9c6b8c,003c3e7f7f1e1e08
C:/Users/ASUS GAMING/Documents/GitHub/Sberatele_Podtacku/images/00892_front.webp,85381fc36a1f39e4,081c1e3f7f7e3e00
C:/Users/ASUS GAMING/Documents/GitHub/Sberatele_Podtacku/images/00893_back.webp,95cb5e8c6ab36813,001e3e7f7f3e1e00
C:/Users/ASUS GAMING/Documents/GitHub/Sberatele_Podtacku/images/00893_front.webp,95c85ea33b936931,183e1e3f3f1f1e00
C:/Users/ASUS GAMING/Documents/GitHub/Sberatele_Podtacku/images/00894_back.webp,94c9564e3a6e6935,103e7e7f7f7e0000
C:/Users/ASUS GAMING/Documents/GitHub/Sberatele_Podtacku/images/00894_front.webp,916f56a44e539a8e,000a2ee1e7ef6e3c
C:/Users/ASUS GAMING/Documents/GitHub/Sberatele_Podtacku/images/00895_back.webp,95c15a856a9e699e,003c7e7e7e7e3c00
C:/Users/ASUS GAMING/Documents/GitHub/Sberatele_Podtacku/images/00895_front.webp,8564553b4ad5da78,00027f7f3f3f421c
C:/Users/ASUS GAMING/Documents/GitHub/Sberatele_Podtacku/images/00896_back.webp,94c65b2d2a9d2d36,003c7e7f167e3e08
C:/Users/ASUS GAMING/Documents/GitHub/Sberatele_Podtacku/images/00896_front.webp,84e35b2c2bc92d9e,00767e7353567e18
C:/Users/ASUS GAMING/Documents/GitHub/Sberatele_Podtacku/images/00897_back.webp,851e79d156347e86,001f1f3f7f3f1a00
C:/Users/ASUS GAMING/Documents/GitHub/Sberatele_Podtacku/images/00897_front.webp,805967e736344f9a,001c3e3e3f7f3f00
C:/Users/ASUS GAMING/Documents/GitHub/Sberatele_Podtacku/images/00898_back.webp,854a556b556a556b,001f1f1f3f1f0f06
C:/Users/ASUS GAMING/Documents/GitHub/Sberatele_Podtacku/images/00898_front.webp,955a45d645b754a5,001f3f3f1f1e1f02
C:/Users/ASUS GAMING/Documents/GitHub/Sberatele_Podtacku/images/00899_back.webp,91995ec46b366e26,183c3e1e7f3e3e00
C:/Users/ASUS GAMING/Documents/GitHub/Sberatele_Podtacku/images/00899_front.webp,95265fdd5a986a18,0806267f7f7e3e08
C:/Users/ASUS GAMING/Documents/GitHub/Sberatele_Podtacku/images/00900_back.webp,95895ed66a326aa6,183c3e1e7f3e3e00
C:/Users/ASUS GAMING/Documents/GitHub/Sberatele_Podtacku/images/00900_front.webp,90275fd96a1e6a58,0026667f7f7e3e00
C:/Users/ASUS GAMING/Documents/GitHub/Sberatele_Podtacku/images/00901_back.webp,956d56944a936979,1802425bff7e7e18
C:/Users/ASUS GAMING/Documents/GitHub/Sberatele_Podtacku/images/00901_front.webp,946e51c36bf9292c,001c16bf3f7e3e18
C:/Users/ASUS GAMING/Documents/GitHub/Sberatele_Podtacku/images/00902_back.webp,946b1f956ab638c2,001c7e7e7e7e3e00
C:/Users/ASUS GAMING/Documents/GitHub/Sberatele_Podtacku/images/00902_front.webp,956856376acc691b,001c3e7f3f3e3e08
C:/Users/ASUS GAMING/Documents/GitHub/Sberatele_Podtacku/images/00903_back.webp,95605a353ad769e2,000c7e7e7f7e3e00
C:/Users/ASUS GAMING/Documents/GitHub/Sberatele_Podtacku/images/00903_front.webp,949957676a986a69,081e3e7f3f3e3c00
C:/Users/ASUS GAMING/Documents/GitHub/Sberatele_Podtacku/images/00904_back.webp,805865f27aa64fbc,005e7e5e5e7e5e00
C:/Users/ASUS GAMING/Documents/GitHub/Sberatele_Podtacku/images/00904_front.webp,885b6566559845bf,000f1f1f3f7f0f02
C:/Users/ASUS GAMING/Documents/GitHub/Sberatele_Podtacku/images/00905_back.webp,a078d4de45c3453f,5e43434303ff7f02
C:/Users/ASUS GAMING/Documents/GitHub/Sberatele_Podtacku/images/00905_front.webp,a17844c3dbcc5979,7c4343432d676736
C:/Users/ASUS GAMING/Documents/GitHub/Sberatele_Podtacku/images/00906_back.webp,95d5558754b0559e,001e7e3f3f3f0f00
C:/Users/ASUS GAMING/Documents/GitHub/Sberatele_Podtacku/images/00906_front.webp,b1c2443b54e455fd,3c2fef478f030346
C:/Users/ASUS GAMING/Documents/GitHub/Sberatele_Podtacku/images/00907_back.webp,85d5748f51ee148e,007e7f7f3f3f0000
C:/Users/ASUS GAMING/Documents/GitHub/Sberatele_Podtacku/images/00907_front.webp,955552bb51aa433d,0cca5a5eceaf8f04
C:/Users/ASUS GAMING/Documents/GitHub/Sberatele_Podtacku/images/00908_back.webp,90d0612b3f8f752b,7cfe7e3e0f1e1000
C:/Users/ASUS GAMING/Documents/GitHub/Sberatele_Podtacku/images/00908_front.webp,91dd6c2914be70a7,081c7e3e3f7f0f00
C:/Users/ASUS GAMING/Documents/GitHub/Sberatele_Podtacku/images/00909_back.webp,95d77c1856084d3f,00ff7f7e2e5f0200
C:/Users/ASUS GAMING/Documents/GitHub/Sberatele_Podtacku/images/00909_front.webp,91596c3d54b670a7,081c7e7e3f3f0f00
C:/Users/ASUS GAMING/Documents/GitHub/Sberatele_Podtacku/images/00910_back.webp,95c8502d4a376b77,181e3f1f3f0f0e18
C:/Users/ASUS GAMING/Documents/GitHub/Sberatele_Podtacku/images/00910_front.webp,95dd52631a2d4a97,187e3e9b9f0f4218
C:/Users/ASUS GAMING/Documents/GitHub/Sberatele_Podtacku/images/00911_back.webp,964959a66a966b3c,081e3f2f2f2f3e08
C:/Users/ASUS GAMING/Documents/GitHub/Sberatele_Podtacku/images/00911_front.webp,95c3502fca1f696c,183e2f3f3f0f0e08
C:/Users/ASUS GAMING/Documents/GitHub/Sberatele_Podtacku/images/00912_back.webp,94cc55334adc4b73,1c7e179f830f461c
C:/Users/ASUS GAMING/Documents/GitHub/Sberatele_Podtacku/images/00912_front.webp,94c455cf4a371f32,185e07ffbf3e0208
C:/Users/ASUS GAMING/Documents/GitHub/Sberatele_Podtacku/images/00913_back.webp,95c45a8f6a1f6d48,003c7e7e7f3e3c00
C:/Users/ASUS GAMING/Documents/GitHub/Sberatele_Podtacku/images/00913_front.webp,85695e866a9f692c,001c3e7f7f3e3e00
C:/Users/ASUS GAMING/Documents/GitHub/Sberatele_Podtacku/images/00914_back.webp,95c85a2a6a2d6d3d,003c7e7f3f3e3c00
C:/Users/ASUS GAMING/Documents/GitHub/Sberatele_Podtacku/images/00914_front.webp,91c952361f7c780f,187e78bf3f026618
C:/Users/ASUS GAMING/Documents/GitHub/Sberatele_Podtacku/images/00915_back.webp,95485a2f6a2d693d,003c3e7f3f3e3e00
C:/Users/ASUS GAMING/Documents/GitHub/Sberatele_Podtacku/images/00915_front.webp,91c64e6c5a937cc3,18726e6fef026e18
C:/Users/ASUS GAMING/Documents/GitHub/Sberatele_Podtacku/images/00916_back.webp,95c679246a6d8a5b,007e7e7e7e7e0a00
C:/Users/ASUS GAMING/Documents/GitHub/Sberatele_Podtacku/images/00916_front.webp,95c679246a6d8e63,003e7e7e7e7e0a08
C:/Users/ASUS GAMING/Documents/GitHub/Sberatele_Podtacku/images/00917_back.webp,95c852a36a3d2d6d,187e1a1f1d3e3e18
C:/Users/ASUS GAMING/Documents/GitHub/Sberatele_Podtacku/images/00917_front.webp,95625e8b6ad86b25,003c1e7f7f3e3c08
C:/Users/ASUS GAMING/Documents/GitHub/Sberatele_Podtacku/images/00918_back.webp,bfd594925093d03e,1ebf938b830f0f06
C:/Users/ASUS GAMING/Documents/GitHub/Sberatele_Podtacku/images/00918_front.webp,95d566645d9a5b22,407e1f1f0f1f4f02
C:/Users/ASUS GAMING/Documents/GitHub/Sberatele_Podtacku/images/00919_back.webp,85d555b254ae506f,007e3e3f1f1f1f00
C:/Users/ASUS GAMING/Documents/GitHub/Sberatele_Podtacku/images/00919_front.webp,95d5752ed082752d,1e0f1f7f1f070702
C:/Users/ASUS GAMING/Documents/GitHub/Sberatele_Podtacku/images/00920_back.webp,95d516b842bf423e,067e7e7e1e5e0e00
C:/Users/ASUS GAMING/Documents/GitHub/Sberatele_Podtacku/images/00920_front.webp,95dd5c235a275a34,1e7e7e6e66664300
C:/Users/ASUS GAMING/Documents/GitHub/Sberatele_Podtacku/images/00921_back.webp,95ce52356a9d6932,183e3e3f3f1e1e00
C:/Users/ASUS GAMING/Documents/GitHub/Sberatele_Podtacku/images/00921_front.webp,9463529d6a866d76,003e3e3f9f1f1e08
C:/Users/ASUS GAMING/Documents/GitHub/Sberatele_Podtacku/images/00922_back.webp,956252276aec6d1d,103e7e0f0f3e3e18
C:/Users/ASUS GAMING/Documents/GitHub/Sberatele_Podtacku/images/00922_front.webp,95cb5e246a96693c,083e3e3f1f3e3e00
C:/Users/ASUS GAMING/Documents/GitHub/Sberatele_Podtacku/images/00923_back.webp,95c852876ace691f,183e7e0f0f3e3e08
C:/Users/ASUS GAMING/Documents/GitHub/Sberatele_Podtacku/images/00923_front.webp,95ca5e256ad66932,083e3e3f1f3e3e00
C:/Users/ASUS GAMING/Documents/GitHub/Sberatele_Podtacku/images/00924_back.webp,956a52a56aec6d15,183e3e070f7e3e18
C:/Users/ASUS GAMING/Documents/GitHub/Sberatele_Podtacku/images/00924_front.webp,95ca5f256a966932,083e3e3f1f3e3e00
C:/Users/ASUS GAMING/Documents/GitHub/Sberatele_Podtacku/images/00925_back.webp,956a56856ae66917,183e3e070f7e3e18
C:/Users/ASUS GAMING/Documents/GitHub/Sberatele_Podtacku/images/00925_front.webp,95c85b256a976936,083e3e3f1f3e3e00
C:/Users/ASUS GAMING/Documents/GitHub/Sberatele_Podtacku/images/00926_back.webp,956a52b76ae46915,183e3e070f7e3e18
C:/Users/ASUS GAMING/Documents/GitHub/Sberatele_Podtacku/images/00926_front.webp,954a5b256a976936,083c3e3f1f3e3e08
C:/Users/ASUS GAMING/Documents/GitHub/Sberatele_Podtacku/images/00927_back.webp,95385e8f4b933962,1c4243c3c37f7e1c
C:/Users/ASUS GAMING/Documents/GitHub/Sberatele_Podtacku/images/00927_front.webp,95795a9168c76732,181c3c3e1f7e3e18
C:/Users/ASUS GAMING/Documents/GitHub/Sberatele_Podtacku/images/00928_back.webp,95635e8c6a3369cc,003e6e67775e3e08
C:/Users/ASUS GAMING/Documents/GitHub/Sberatele_Podtacku/images/00928_front.webp,9ccc51b34acc4f33,3c421f9f9f0f061c
C:/Users/ASUS GAMING/Documents/GitHub/Sberatele_Podtacku/images/00929_back.webp,95e95a936a0e69cc,183e1e1f3f1e3e08
C:/Users/ASUS GAMING/Documents/GitHub/Sberatele_Podtacku/images/00929_front.webp,95c25a076a97693e,003e7e7f077e3e00
C:/Users/ASUS GAMING/Documents/GitHub/Sberatele_Podtacku/images/00930_back.webp,95c95e866a0769cd,183e3e1f3f1e3e00
C:/Users/ASUS GAMING/Documents/GitHub/Sberatele_Podtacku/images/00930_front.webp,95c65b956a96691a,003e7e7f273e3e00
C:/Users/ASUS GAMING/Documents/GitHub/Sberatele_Podtacku/images/00931_back.webp,95c952876a0f69cd,183e1e1f3f1e3e08
C:/Users/ASUS GAMING/Documents/GitHub/Sberatele_Podtacku/images/00931_front.webp,954a5b2d6a85693d,003e7e7f077e3e00
C:/Users/ASUS GAMING/Documents/GitHub/Sberatele_Podtacku/images/00932_back.webp,95c95a156a9b698b,003e3e3f3f3e3e00
C:/Users/ASUS GAMING/Documents/GitHub/Sberatele_Podtacku/images/00932_front.webp,8599506d4fb24a6f,185e7e3f3f4e2600
C:/Users/ASUS GAMING/Documents/GitHub/Sberatele_Podtacku/images/00933_back.webp,9530563b6ac56d66,080e7e9f057e7e18
C:/Users/ASUS GAMING/Documents/GitHub/Sberatele_Podtacku/images/00933_front.webp,90cd4d344a733f9c,1c7e2e6747666618
C:/Users/ASUS GAMING/Documents/GitHub/Sberatele_Podtacku/images/00934_back.webp,95e55aa06a57693a,003e3e3f3f3e3e00
C:/Users/ASUS GAMING/Documents/GitHub/Sberatele_Podtacku/images/00934_front.webp,91675ea46a5b6c26,187e664b4b667e18
C:/Users/ASUS GAMING/Documents/GitHub/Sberatele_Podtacku/images/00935_back.webp,95dc5ac93a370db0,183e7e27673e2618
C:/Users/ASUS GAMING/Documents/GitHub/Sberatele_Podtacku/images/00935_front.webp,946c51854b974f79,18423cbdbf1f6618
C:/Users/ASUS GAMING/Documents/GitHub/Sberatele_Podtacku/images/00936_back.webp,95ce5e206af1691e,003e3e7f3f3e1e00
C:/Users/ASUS GAMING/Documents/GitHub/Sberatele_Podtacku/images/00936_front.webp,956e53996ab768c0,001e569fdf1f1e18
C:/Users/ASUS GAMING/Documents/GitHub/Sberatele_Podtacku/images/00937_back.webp,94ce51316acc7a7c,003e1f3f3f1f1e08
C:/Users/ASUS GAMING/Documents/GitHub/Sberatele_Podtacku/images/00937_front.webp,9672778969c66664,002e3f3f1f3f3e00
C:/Users/ASUS GAMING/Documents/GitHub/Sberatele_Podtacku/images/00938_back.webp,916b5eb16a9929d2,081e1e3f2f1f1e1c
C:/Users/ASUS GAMING/Documents/GitHub/Sberatele_Podtacku/images/00938_front.webp,956a4eb56ace29c2,08063e1f5f1f3e1c
C:/Users/ASUS GAMING/Documents/GitHub/Sberatele_Podtacku/images/00939_back.webp,949c4f435ae4393e,183e5eff4f662600
C:/Users/ASUS GAMING/Documents/GitHub/Sberatele_Podtacku/images/00939_front.webp,90964f617a9d6939,183e7e5e087e3e18
C:/Users/ASUS GAMING/Documents/GitHub/Sberatele_Podtacku/images/00940_back.webp,95605ec36a9e6996,003e1e3f3f7e3e00
C:/Users/ASUS GAMING/Documents/GitHub/Sberatele_Podtacku/images/00940_front.webp,946c5393c8666db3,183e16535f3e263c
C:/Users/ASUS GAMING/Documents/GitHub/Sberatele_Podtacku/images/00941_back.webp,91635eb06a9d2dd2,081e3e3f2f1e1e1c
C:/Users/ASUS GAMING/Documents/GitHub/Sberatele_Podtacku/images/00941_front.webp,956a4eb56ace29c2,08063e1f5f1f3e1c
C:/Users/ASUS GAMING/Documents/GitHub/Sberatele_Podtacku/images/00942_back.webp,85d545e4552c556f,023f1f1f1f1f0f02
C:/Users/ASUS GAMING/Documents/GitHub/Sberatele_Podtacku/images/00942_front.webp,8cd0d36b4d3d1dc1,027f5f1b730f1b02
C:/Users/ASUS GAMING/Documents/GitHub/Sberatele_Podtacku/images/00943_back.webp,85df54b6558154a7,003f3f1f1f1f1f00
C:/Users/ASUS GAMING/Documents/GitHub/Sberatele_Podtacku/images/00943_front.webp,8cd0d36f4d3d15c4,7e7f1f1313071306
C:/Users/ASUS GAMING/Documents/GitHub/Sberatele_Podtacku/images/00944_back.webp,95d545b655a255aa,023f1f1f1f1f1f00
C:/Users/ASUS GAMING/Documents/GitHub/Sberatele_Podtacku/images/00944_front.webp,85d0736f457d51c1,007f7f1f7f070302
C:/Users/ASUS GAMING/Documents/GitHub/Sberatele_Podtacku/images/00945_back.webp,85c855785573556b,003f3f1f1f1f0f02
C:/Users/ASUS GAMING/Documents/GitHub/Sberatele_Podtacku/images/00945_front.webp,85d2536f456d15c5,3e7f5f1b5b010306
C:/Users/ASUS GAMING/Documents/GitHub/Sberatele_Podtacku/images/00946_back.webp,95ea55675478506d,003f1f1f1f1f1f02
C:/Users/ASUS GAMING/Documents/GitHub/Sberatele_Podtacku/images/00946_front.webp,84d2536f4d3d15e1,627f5f1b73031306
C:/Users/ASUS GAMING/Documents/GitHub/Sberatele_Podtacku/images/00947_back.webp,953a58ce42f349e6,541f0b0767117f1e
C:/Users/ASUS GAMING/Documents/GitHub/Sberatele_Podtacku/images/00947_front.webp,813e746c5dd94786,00072f1f3f7f4f02
C:/Users/ASUS GAMING/Documents/GitHub/Sberatele_Podtacku/images/00948_back.webp,8060557f557b556a,003f1f1f1f1f1f02
C:/Users/ASUS GAMING/Documents/GitHub/Sberatele_Podtacku/images/00948_front.webp,85605dd876666771,003f2f272f3f3e08
C:/Users/ASUS GAMING/Documents/GitHub/Sberatele_Podtacku/images/00949_back.webp,91f34ccc7133533c,007f6f47437f1f00
C:/Users/ASUS GAMING/Documents/GitHub/Sberatele_Podtacku/images/00949_front.webp,b6c1d1364e7956c1,1e7f7f0103070f1e
C:/Users/ASUS GAMING/Documents/GitHub/Sberatele_Podtacku/images/thumbs/00001_back.webp,94614f5e7a9629e1,003c7e5d7d1e3e18
C:/Users/ASUS GAMING/Documents/GitHub/Sberatele_Podtacku/images/thumbs/00001_front.webp,94615f7c7a9429e1,003c7e5f7d1e3e08
C:/Users/ASUS GAMING/Documents/GitHub/Sberatele_Podtacku/images/thumbs/00002_back.webp,95d152c24a1b2f6f,187e06ffff060618
C:/Users/ASUS GAMING/Documents/GitHub/Sberatele_Podtacku/images/thumbs/00002_front.webp,95d3524c7b914c3e,187e3e7f033e3e00
C:/Users/ASUS GAMING/Documents/GitHub/Sberatele_Podtacku/images/thumbs/00003_back.webp,95c65ec56a2d682e,183e5e7e7e5e1c00
C:/Users/ASUS GAMING/Documents/GitHub/Sberatele_Podtacku/images/thumbs/00003_front.webp,95c25a0c6e2739b7,183e6e3e137e3e08
C:/Users/ASUS GAMING/Documents/GitHub/Sberatele_Podtacku/images/thumbs/00004_back.webp,917a4ead6ac539c2,002c0e1e3f3f7e3c
C:/Users/ASUS GAMING/Documents/GitHub/Sberatele_Podtacku/images/thumbs/00004_front.webp,9193547e4ae94967,187e7efd251e0618
C:/Users/ASUS GAMING/Documents/GitHub/Sberatele_Podtacku/images/thumbs/00005_back.webp,95d5555b55655542,003e3e3f1f1f1f02
C:/Users/ASUS GAMING/Documents/GitHub/Sberatele_Podtacku/images/thumbs/00005_front.webp,95ce7869b4786586,183e7e7e7e3e0006
C:/Users/ASUS GAMING/Documents/GitHub/Sberatele_Podtacku/images/thumbs/00006_back.webp,b56251c555da45cb,6647031f1f0f6f06
C:/Users/ASUS GAMING/Documents/GitHub/Sberatele_Podtacku/images/thumbs/00006_front.webp,b5e0c14bd56c51f1,7ee7c3818381837e
C:/Users/ASUS GAMING/Documents/GitHub/Sberatele_Podtacku/images/thumbs/00007_back.webp,95c055d655d255d5,063e3f1f1f1f1e00
C:/Users/ASUS GAMING/Documents/GitHub/Sberatele_Podtacku/images/thumbs/00007_front.webp,bfd54066c4d95166,7e8180febe81817e
C:/Users/ASUS GAMING/Documents/GitHub/Sberatele_Podtacku/images/thumbs/00008_back.webp,86d6717951c6c479,7e1f373f1d112302
C:/Users/ASUS GAMING/Documents/GitHub/Sberatele_Podtacku/images/thumbs/00008_front.webp,94b565c3565e5863,7e0f1f1e3e7d2100
C:/Users/ASUS GAMING/Documents/GitHub/Sberatele_Podtacku/images/thumbs/00009_back.webp,9f86616994e095de,7e3f3f3f3f000102
C:/Users/ASUS GAMING/Documents/GitHub/Sberatele_Podtacku/images/thumbs/00009_front.webp,eb94917b9553d0c8,7e81f9fbf1808078
C:/Users/ASUS GAMING/Documents/GitHub/Sberatele_Podtacku/images/thumbs/00010_back.webp,95e0d05a51f555ce,7e7f7b000000ff3e
C:/Users/ASUS GAMING/Documents/GitHub/Sberatele_Podtacku/images/thumbs/00010_front.webp,a1b2c54b17e65479,7e6f434381c1f30e
C:/Users/ASUS GAMING/Documents/GitHub/Sberatele_Podtacku/images/thumbs/00011_back.webp,95c055cb55d555c5,003f3e3f1f1e1e06
C:/Users/ASUS GAMING/Documents/GitHub/Sberatele_Podtacku/images/thumbs/00011_front.webp,a462d56e15f601de,760707070700ff7f
C:/Users/ASUS GAMING/Documents/GitHub/Sberatele_Podtacku/images/thumbs/00012_back.webp,85cf41e175a1551f,00103fffff7f0600
C:/Users/ASUS GAMING/Documents/GitHub/Sberatele_Podtacku/images/thumbs/00012_front.webp,889535c85de751f4,000e7ffff9f90500
C:/Users/ASUS GAMING/Documents/GitHub/Sberatele_Podtacku/images/thumbs/00013_back.webp,8496356d157e447e,067f775f17710302
C:/Users/ASUS GAMING/Documents/GitHub/Sberatele_Podtacku/images/thumbs/00013_front.webp,95d5d5d1d191c12d,ffff3f19003f0100
C:/Users/ASUS GAMING/Documents/GitHub/Sberatele_Podtacku/images/thumbs/00014_back.webp,94c26579d0de4597,6e033f3f7f030306
C:/Users/ASUS GAMING/Documents/GitHub/Sberatele_Podtacku/images/thumbs/00014_front.webp,85cc71f3545cd06d,7ec71b1b037f0306
C:/Users/ASUS GAMING/Documents/GitHub/Sberatele_Podtacku/images/thumbs/00015_back.webp,c1c41e2f9732f94c,007cfceef0eb001f
C:/Users/ASUS GAMING/Documents/GitHub/Sberatele_Podtacku/images/thumbs/00015_front.webp,992c3fd0c13f16c6,1e1f1f1a7e1e0c0e
C:/Users/ASUS GAMING/Documents/GitHub/Sberatele_Podtacku/images/thumbs/00016_back.webp,858dd47654d155d3,ffff3f1f00006e00
C:/Users/ASUS GAMING/Documents/GitHub/Sberatele_Podtacku/images/thumbs/00016_front.webp,d5d5d5c495850537,feff817f7e000006
C:/Users/ASUS GAMING/Documents/GitHub/Sberatele_Podtacku/images/thumbs/00017_back.webp,80a04ff555f54bf0,1e077f7e7e7e0000
C:/Users/ASUS GAMING/Documents/GitHub/Sberatele_Podtacku/images/thumbs/00017_front.webp,94363d6716de40ab,00077c7c3c7efa52
C:/Users/ASUS GAMING/Documents/GitHub/Sberatele_Podtacku/images/thumbs/00018_back.webp,a41d51d7519951e7,1e67670363776702
C:/Users/ASUS GAMING/Documents/GitHub/Sberatele_Podtacku/images/thumbs/00018_front.webp,a45e51d1519959e7,1667670363777702
C:/Users/ASUS GAMING/Documents/GitHub/Sberatele_Podtacku/images/thumbs/00019_back.webp,a545190f51db54e7,002267e76703ff66
C:/Users/ASUS GAMING/Documents/GitHub/Sberatele_Podtacku/images/thumbs/00019_front.webp,a54c195f51db44e6,00226767e7277f26
C:/Users/ASUS GAMING/Documents/GitHub/Sberatele_Podtacku/images/thumbs/00020_back.webp,85cf586f353c103b,187c3e3e3f3f000e
C:/Users/ASUS GAMING/Documents/GitHub/Sberatele_Podtacku/images/thumbs/00020_front.webp,808155d355ef156f,3e7e3e3e1e1e3400
C:/Users/ASUS GAMING/Documents/GitHub/Sberatele_Podtacku/images/thumbs/00021_back.webp,d19c46c99e366b32,187e42dbdb626638
C:/Users/ASUS GAMING/Documents/GitHub/Sberatele_Podtacku/images/thumbs/00021_front.webp,94c452d34b6c6b6b,3c7e1e1b3f0e0e18
C:/Users/ASUS GAMING/Documents/GitHub/Sberatele_Podtacku/images/thumbs/00022_back.webp,84f246276cd93f0e,30743edefb233818
C:/Users/ASUS GAMING/Documents/GitHub/Sberatele_Podtacku/images/thumbs/00022_front.webp,911c52936f732d39,181e1a3f3f7e6c10
C:/Users/ASUS GAMING/Documents/GitHub/Sberatele_Podtacku/images/thumbs/00023_back.webp,95c35a0d6a8f69cc,003c7e7e7e3e3e00
C:/Users/ASUS GAMING/Documents/GitHub/Sberatele_Podtacku/images/thumbs/00023_front.webp,919956764b493b36,187e4e7f7f060e08
C:/Users/ASUS GAMING/Documents/GitHub/Sberatele_Podtacku/images/thumbs/00024_back.webp,c1635ebc0b943d5a,00646e7c7c7e7e18
C:/Users/ASUS GAMING/Documents/GitHub/Sberatele_Podtacku/images/thumbs/00024_front.webp,853352dc6e1c3b69,003e7e3f7b7e1a00
C:/Users/ASUS GAMING/Documents/GitHub/Sberatele_Podtacku/images/thumbs/00025_back.webp,91d846b54b4b6c9b,18661ebdbf562618
C:/Users/ASUS GAMING/Documents/GitHub/Sberatele_Podtacku/images/thumbs/00025_front.webp,85dc527b4bc72938,181e7e3d3d3e3e00
C:/Users/ASUS GAMING/Documents/GitHub/Sberatele_Podtacku/images/thumbs/00026_back.webp,95c84a296bad2dad,003c7e7e7e7e3c00
C:/Users/ASUS GAMING/Documents/GitHub/Sberatele_Podtacku/images/thumbs/00026_front.webp,936d0f361b926e68,002e7c7e7e6e6c0c
C:/Users/ASUS GAMING/Documents/GitHub/Sberatele_Podtacku/images/thumbs/00027_back.webp,903e45e34f9e1a6c,18461cbdfd3c7a18
C:/Users/ASUS GAMING/Documents/GitHub/Sberatele_Podtacku/images/thumbs/00027_front.webp,913e44e34b9e1e6c,184e1cbdbd3c7a18
C:/Users/ASUS GAMING/Documents/GitHub/Sberatele_Podtacku/images/thumbs/00028_back.webp,90724fc55b1e3cd8,3c6646047e7e7e18
C:/Users/ASUS GAMING/Documents/GitHub/Sberatele_Podtacku/images/thumbs/00028_front.webp,91865b796f8c5c19,187e7e342c3e5e18
C:/Users/ASUS GAMING/Documents/GitHub/Sberatele_Podtacku/images/thumbs/00029_back.webp,95d8555e555c455c,003e7e3e3e3f3e00
C:/Users/ASUS GAMING/Documents/GitHub/Sberatele_Podtacku/images/thumbs/00029_front.webp,9eca71617466c659,063f3f3f1d7f0200
C:/Users/ASUS GAMING/Documents/GitHub/Sberatele_Podtacku/images/thumbs/00030_back.webp,9e866179519ad666,7e073d3d3d3d0502
C:/Users/ASUS GAMING/Documents/GitHub/Sberatele_Podtacku/images/thumbs/00030_front.webp,8e86716951dec666,7e073d3d3c3d0d02
C:/Users/ASUS GAMING/Documents/GitHub/Sberatele_Podtacku/images/thumbs/00031_back.webp,956866c7c9c2d9c3,42034b7e7e7e6606
C:/Users/ASUS GAMING/Documents/GitHub/Sberatele_Podtacku/images/thumbs/00031_front.webp,d58a7a857e856a85,007e7e7e76566e00
C:/Users/ASUS GAMING/Documents/GitHub/Sberatele_Podtacku/images/thumbs/00032_back.webp,950e557b51e451c7,001e174a0fcfff0e
C:/Users/ASUS GAMING/Documents/GitHub/Sberatele_Podtacku/images/thumbs/00032_front.webp,b5c9d3734d5824c6,7e6f43434343e616
C:/Users/ASUS GAMING/Documents/GitHub/Sberatele_Podtacku/images/thumbs/00033_back.webp,95d2607f157c50c7,7e7f7f1f1f020002
C:/Users/ASUS GAMING/Documents/GitHub/Sberatele_Podtacku/images/thumbs/00033_front.webp,b549c1d7147e6253,7e63c1834243677e
C:/Users/ASUS GAMING/Documents/GitHub/Sberatele_Podtacku/images/thumbs/00034_back.webp,97cc6531516e44d7,0e3f3f3c3c3e3c00
C:/Users/ASUS GAMING/Documents/GitHub/Sberatele_Podtacku/images/thumbs/00034_front.webp,a466d9d9649653c6,66c32502430fff6e
C:/Users/ASUS GAMING/Documents/GitHub/Sberatele_Podtacku/images/thumbs/00035_back.webp,bd6ac095d197c493,fe8181818f938f7a
C:/Users/ASUS GAMING/Documents/GitHub/Sberatele_Podtacku/images/thumbs/00035_front.webp,bf92c433c14bc58b,7e87878f878181f2
C:/Users/ASUS GAMING/Documents/GitHub/Sberatele_Podtacku/images/thumbs/00036_back.webp,80c25bb46ef97b24,007e7e7e4e4e7e00
C:/Users/ASUS GAMING/Documents/GitHub/Sberatele_Podtacku/images/thumbs/00036_front.webp,958571b8d0e3c7a6,0e173f3f3e1f8300
C:/Users/ASUS GAMING/Documents/GitHub/Sberatele_Podtacku/images/thumbs/00037_back.webp,97966d31f284da61,661e3e7e7e3c1840
C:/Users/ASUS GAMING/Documents/GitHub/Sberatele_Podtacku/images/thumbs/00037_front.webp,95e15c76c5c1752a,4e0f027e3f061f1e
C:/Users/ASUS GAMING/Documents/GitHub/Sberatele_Podtacku/images/thumbs/00038_back.webp,9c86493dc76d916c,1e7f7e7e5e0e0008
C:/Users/ASUS GAMING/Documents/GitHub/Sberatele_Podtacku/images/thumbs/00038_front.webp,8cf1b7487165b496,ffffbf001010103f
C:/Users/ASUS GAMING/Documents/GitHub/Sberatele_Podtacku/images/thumbs/00039_back.webp,954a55f4454f544f,307f013f7e027e0e
C:/Users/ASUS GAMING/Documents/GitHub/Sberatele_Podtacku/images/thumbs/00039_front.webp,85e1d0c645795e6e,7e433d23223d427e
C:/Users/ASUS GAMING/Documents/GitHub/Sberatele_Podtacku/images/thumbs/00040_back.webp,9c3243692f269ed6,105c7e1f1e1c7e38
C:/Users/ASUS GAMING/Documents/GitHub/Sberatele_Podtacku/images/thumbs/00040_front.webp,90324c6d4fb73e92,001c3e6f7e347e38
C:/Users/ASUS GAMING/Documents/GitHub/Sberatele_Podtacku/images/thumbs/00041_back.webp,95d34e934a692bd2,003e7e7e7e3e1c10
C:/Users/ASUS GAMING/Documents/GitHub/Sberatele_Podtacku/images/thumbs/00041_front.webp,85cd56356a4f29d8,003e7e7e7e3e1c10
C:/Users/ASUS GAMING/Documents/GitHub/Sberatele_Podtacku/images/thumbs/00042_back.webp,928f65721a3ecc1e,18767ebc3c7e6600
C:/Users/ASUS GAMING/Documents/GitHub/Sberatele_Podtacku/images/thumbs/00042_front.webp,957040cf4b972fd8,184206a7ff3e7e18
C:/Users/ASUS GAMING/Documents/GitHub/Sberatele_Podtacku/images/thumbs/00043_back.webp,95c9527e0a3c6f31,187e5e1b1b1e5e18
C:/Users/ASUS GAMING/Documents/GitHub/Sberatele_Podtacku/images/thumbs/00043_front.webp,954b5aa96a3f29c1,183c7e0c7e7e3e08
C:/Users/ASUS GAMING/Documents/GitHub/Sberatele_Podtacku/images/thumbs/00044_back.webp,956b5a056a272bad,003c7e7e3e3e3e08
C:/Users/ASUS GAMING/Documents/GitHub/Sberatele_Podtacku/images/thumbs/00044_front.webp,919e46951b716976,187e42dbdb427e18
C:/Users/ASUS GAMING/Documents/GitHub/Sberatele_Podtacku/images/thumbs/00045_back.webp,90da43356f913eca,187c5ec7c14f7e10
C:/Users/ASUS GAMING/Documents/GitHub/Sberatele_Podtacku/images/thumbs/00045_front.webp,959342696b3c3ea6,087e3e3f1f1e1e08
C:/Users/ASUS GAMING/Documents/GitHub/Sberatele_Podtacku/images/thumbs/00046_back.webp,916142df0acc6fd6,186e4a819f7e7e18
C:/Users/ASUS GAMING/Documents/GitHub/Sberatele_Podtacku/images/thumbs/00046_front.webp,84e453934e6c39b7,187e52d3c35a7e18
C:/Users/ASUS GAMING/Documents/GitHub/Sberatele_Podtacku/images/thumbs/00047_back.webp,95b042354b9a6fda,083e3e3f1e1e3e18
C:/Users/ASUS GAMING/Documents/GitHub/Sberatele_Podtacku/images/thumbs/00047_front.webp,95cc56965b1e2a5c,183e3e1f3e3e3e00
C:/Users/ASUS GAMING/Documents/GitHub/Sberatele_Podtacku/images/thumbs/00048_back.webp,95c9521d4a766b2e,083c7e7e3e3e3e00
C:/Users/ASUS GAMING/Documents/GitHub/Sberatele_Podtacku/images/thumbs/00048_front.webp,95485a274b9f3935,183c42ffe7663e08
C:/Users/ASUS GAMING/Documents/GitHub/Sberatele_Podtacku/images/thumbs/00049_back.webp,958753394ec66b58,182e7e7f1d3e1e00
C:/Users/ASUS GAMING/Documents/GitHub/Sberatele_Podtacku/images/thumbs/00049_front.webp,95915e7e4a942bca,181e7e7e3c3e3e00
C:/Users/ASUS GAMING/Documents/GitHub/Sberatele_Podtacku/images/thumbs/00050_back.webp,90c95e243bdb6b16,10187e7f7e7e1c08
C:/Users/ASUS GAMING/Documents/GitHub/Sberatele_Podtacku/images/thumbs/00050_front.webp,95c64c316a3c9bce,003e7e3e3e7e1c18
C:/Users/ASUS GAMING/Documents/GitHub/Sberatele_Podtacku/images/thumbs/00051_back.webp,95625ac96b256b69,183e6647437e7e18
C:/Users/ASUS GAMING/Documents/GitHub/Sberatele_Podtacku/images/thumbs/00051_front.webp,95c94a926a276b6e,181e3e7e7e7e1c00
C:/Users/ASUS GAMING/Documents/GitHub/Sberatele_Podtacku/images/thumbs/00052_back.webp,d8da406d0f660f67,3c5a9d9d9999423c
C:/Users/ASUS GAMING/Documents/GitHub/Sberatele_Podtacku/images/thumbs/00052_front.webp,84db536e4b660e8d,387e3ef73b144218
C:/Users/ASUS GAMING/Documents/GitHub/Sberatele_Podtacku/images/thumbs/00053_back.webp,d72040cd1b70cff6,3c42b985bdb9463c
C:/Users/ASUS GAMING/Documents/GitHub/Sberatele_Podtacku/images/thumbs/00053_front.webp,d534419e1f308fd6,3c429985bdbd4e38
C:/Users/ASUS GAMING/Documents/GitHub/Sberatele_Podtacku/images/thumbs/00054_back.webp,94615f1c5a8f29cd,18007e7f5f5e1e18
C:/Users/ASUS GAMING/Documents/GitHub/Sberatele_Podtacku/images/thumbs/00054_front.webp,95d852224fb72b39,185a3e7f7f3e0208
C:/Users/ASUS GAMING/Documents/GitHub/Sberatele_Podtacku/images/thumbs/00055_back.webp,94915e5acb6669c9,3c7e67e7ff000418
C:/Users/ASUS GAMING/Documents/GitHub/Sberatele_Podtacku/images/thumbs/00055_front.webp,d16d00a6df611e9d,3c4a18fefe1c423c
C:/Users/ASUS GAMING/Documents/GitHub/Sberatele_Podtacku/images/thumbs/00056_back.webp,95c15a5acba16e3a,183e3e7f7f0e0e00
C:/Users/ASUS GAMING/Documents/GitHub/Sberatele_Podtacku/images/thumbs/00056_front.webp,95cd4b336c6c6992,003c7e7f7e6e3c00
C:/Users/ASUS GAMING/Documents/GitHub/Sberatele_Podtacku/images/thumbs/00057_back.webp,95f5582f50ed50cc,007e7e7e7e183e04
C:/Users/ASUS GAMING/Documents/GitHub/Sberatele_Podtacku/images/thumbs/00057_front.webp,95d971964539d1c6,4a7e1e1e3f3e0f00
C:/Users/ASUS GAMING/Documents/GitHub/Sberatele_Podtacku/images/thumbs/00058_back.webp,85d5518d543f453b,067e7e7e7e7e0000
C:/Users/ASUS GAMING/Documents/GitHub/Sberatele_Podtacku/images/thumbs/00058_front.webp,953f53c5446cc497,0e6e52527efe3e00
C:/Users/ASUS GAMING/Documents/GitHub/Sberatele_Podtacku/images/thumbs/00059_back.webp,91c6452b1df6493b,0e2e6f2e0f0f0f0e
C:/Users/ASUS GAMING/Documents/GitHub/Sberatele_Podtacku/images/thumbs/00059_front.webp,947ec1c1753e1595,267f1f000e7e7f02
C:/Users/ASUS GAMING/Documents/GitHub/Sberatele_Podtacku/images/thumbs/00060_back.webp,94e15b94da63ac4b,081e7e7e7e7e0e00
C:/Users/ASUS GAMING/Documents/GitHub/Sberatele_Podtacku/images/thumbs/00060_front.webp,d49c03a37b4caf92,383c7edae6777000
C:/Users/ASUS GAMING/Documents/GitHub/Sberatele_Podtacku/images/thumbs/00061_back.webp,c11c5e1f2ee178e1,001e7e7f6e7e6c00
C:/Users/ASUS GAMING/Documents/GitHub/Sberatele_Podtacku/images/thumbs/00061_front.webp,916646c93b9dcb61,18767e87837e7e00
C:/Users/ASUS GAMING/Documents/GitHub/Sberatele_Podtacku/images/thumbs/00062_back.webp,c5cb1e1d5a642fa4,1c3876ee6e367218
C:/Users/ASUS GAMING/Documents/GitHub/Sberatele_Podtacku/images/thumbs/00062_front.webp,c5c30f1f1a746f84,1c3c76ee6e363218
C:/Users/ASUS GAMING/Documents/GitHub/Sberatele_Podtacku/images/thumbs/00063_back.webp,953f50d0156fd4d1,7e091c037e7f7860
C:/Users/ASUS GAMING/Documents/GitHub/Sberatele_Podtacku/images/thumbs/00063_front.webp,c5cb3537583c489d,6e62fa727e3c0702
C:/Users/ASUS GAMING/Documents/GitHub/Sberatele_Podtacku/images/thumbs/00064_back.webp,bfd3916f404c44b5,7caf8f818181877e
C:/Users/ASUS GAMING/Documents/GitHub/Sberatele_Podtacku/images/thumbs/00064_front.webp,94c0d4c5513fd13f,7eff0d0001ff034e
C:/Users/ASUS GAMING/Documents/GitHub/Sberatele_Podtacku/images/thumbs/00065_back.webp,85c7593954d6617c,7a7e626643427f06
C:/Users/ASUS GAMING/Documents/GitHub/Sberatele_Podtacku/images/thumbs/00065_front.webp,9557457854c6617d,307e666642437f3a
C:/Users/ASUS GAMING/Documents/GitHub/Sberatele_Podtacku/images/thumbs/00066_back.webp,95f558c4717cc15c,063f7e0f3e7e1c00
C:/Users/ASUS GAMING/Documents/GitHub/Sberatele_Podtacku/images/thumbs/00066_front.webp,c5957196c23d2d96,66fe7f7e7e180000
C:/Users/ASUS GAMING/Documents/GitHub/Sberatele_Podtacku/images/thumbs/00067_back.webp,95425a2f7b87296c,007c7e665e7e3e08
C:/Users/ASUS GAMING/Documents/GitHub/Sberatele_Podtacku/images/thumbs/00067_front.webp,9595524b4a2f2f8d,187e3e3f3f1e0e00
C:/Users/ASUS GAMING/Documents/GitHub/Sberatele_Podtacku/images/thumbs/00068_back.webp,94965b5a6e216b1e,003e3e7f7e7e1c00
C:/Users/ASUS GAMING/Documents/GitHub/Sberatele_Podtacku/images/thumbs/00068_front.webp,950e5a9f0bdc2f30,187e6643437e7e18
C:/Users/ASUS GAMING/Documents/GitHub/Sberatele_Podtacku/images/thumbs/00069_back.webp,d6a649d5475a9e88,3c5a3c3e7e3e5810
C:/Users/ASUS GAMING/Documents/GitHub/Sberatele_Podtacku/images/thumbs/00069_front.webp,d6b649994f1a0e69,187e3c3e7e3e5810
C:/Users/ASUS GAMING/Documents/GitHub/Sberatele_Podtacku/images/thumbs/00070_back.webp,96c64989476b9e8d,185a3c3ebf3c5a18
C:/Users/ASUS GAMING/Documents/GitHub/Sberatele_Podtacku/images/thumbs/00070_front.webp,91685e1f3aa76932,187e42cb437e7e18
C:/Users/ASUS GAMING/Documents/GitHub/Sberatele_Podtacku/images/thumbs/00071_back.webp,854e53b46e4338db,183c3c7bdb5a3e08
C:/Users/ASUS GAMING/Documents/GitHub/Sberatele_Podtacku/images/thumbs/00071_front.webp,95694a5e2fe06c0f,183e6ee766265e18
C:/Users/ASUS GAMING/Documents/GitHub/Sberatele_Podtacku/images/thumbs/00072_back.webp,957644dd519c549b,7e665642067e7e50
C:/Users/ASUS GAMING/Documents/GitHub/Sberatele_Podtacku/images/thumbs/00072_front.webp,95d86c6be1a49696,003c7e7e7e3c3e02
C:/Users/ASUS GAMING/Documents/GitHub/Sberatele_Podtacku/images/thumbs/00073_back.webp,95c9353d51b751a4,047e7e7e7e0e1e00
C:/Users/ASUS GAMING/Documents/GitHub/Sberatele_Podtacku/images/thumbs/00073_front.webp,9d78c097409f459f,7e8181819f3f3f60
C:/Users/ASUS GAMING/Documents/GitHub/Sberatele_Podtacku/images/thumbs/00074_back.webp,95c9443f41b545b7,007e7e7e3e1e3e00
C:/Users/ASUS GAMING/Documents/GitHub/Sberatele_Podtacku/images/thumbs/00074_front.webp,9579d0974097459f,7e8081819fbebf60
C:/Users/ASUS GAMING/Documents/GitHub/Sberatele_Podtacku/images/thumbs/00075_back.webp,95c1d58f602dd0cf,7e7e7e00007f7e04
C:/Users/ASUS GAMING/Documents/GitHub/Sberatele_Podtacku/images/thumbs/00075_front.webp,95d87825d7e0251f,7efefefe3e000000
C:/Users/ASUS GAMING/Documents/GitHub/Sberatele_Podtacku/images/thumbs/00076_back.webp,95c84ee21a676d1e,181e1e3f1f7e2e08
C:/Users/ASUS GAMING/Documents/GitHub/Sberatele_Podtacku/images/thumbs/00076_front.webp,91d95e664e393994,183e5e5e7f462e08
C:/Users/ASUS GAMING/Documents/GitHub/Sberatele_Podtacku/images/thumbs/00077_back.webp,91b44eca1b613e6d,003e7e7e7e7c3c00
C:/Users/ASUS GAMING/Documents/GitHub/Sberatele_Podtacku/images/thumbs/00077_front.webp,91ce4e335a4c2f39,187e7eff6e660200
C:/Users/ASUS GAMING/Documents/GitHub/Sberatele_Podtacku/images/thumbs/00078_back.webp,91c74e386ac76d98,003e7e6e4f7e3e00
C:/Users/ASUS GAMING/Documents/GitHub/Sberatele_Podtacku/images/thumbs/00078_front.webp,95494bb46a3b2de4,003c7e7e7e7e3c00
C:/Users/ASUS GAMING/Documents/GitHub/Sberatele_Podtacku/images/thumbs/00079_back.webp,91c34e3c6bc73c98,003c7e6e4f4e7e18
C:/Users/ASUS GAMING/Documents/GitHub/Sberatele_Podtacku/images/thumbs/00079_front.webp,95c94eb46a1b2de4,003c7e7e7e7e3c00
C:/Users/ASUS GAMING/Documents/GitHub/Sberatele_Podtacku/images/thumbs/00080_back.webp,8599527c4af33b34,181e7e7f3f264610
C:/Users/ASUS GAMING/Documents/GitHub/Sberatele_Podtacku/images/thumbs/00080_front.webp,c491174e4b8f3f62,18667effff321000
C:/Users/ASUS GAMING/Documents/GitHub/Sberatele_Podtacku/images/thumbs/00081_back.webp,95705a9b4b8f298e,18027e7f7e7e3c00
C:/Users/ASUS GAMING/Documents/GitHub/Sberatele_Podtacku/images/thumbs/00081_front.webp,95904aca2f356d6e,083c3e1f7f7e3c00
C:/Users/ASUS GAMING/Documents/GitHub/Sberatele_Podtacku/images/thumbs/00082_back.webp,95ca53643a9d6963,187e6e9b017e3e18
C:/Users/ASUS GAMING/Documents/GitHub/Sberatele_Podtacku/images/thumbs/00082_front.webp,9999529e6ace6998,183e1e1f3f3e3e00
C:/Users/ASUS GAMING/Documents/GitHub/Sberatele_Podtacku/images/thumbs/00083_back.webp,b17bd1951d2e49c1,2e6700007f7f7f06
C:/Users/ASUS GAMING/Documents/GitHub/Sberatele_Podtacku/images/thumbs/00083_front.webp,957f5495c485c4d9,000000f7ff7f7f70
C:/Users/ASUS GAMING/Documents/GitHub/Sberatele_Podtacku/images/thumbs/00084_back.webp,955550d355d5559a,003e7e3e3e7e3e00
C:/Users/ASUS GAMING/Documents/GitHub/Sberatele_Podtacku/images/thumbs/00084_front.webp,95e7463d439618c7,08627efe7f0c7e00
C:/Users/ASUS GAMING/Documents/GitHub/Sberatele_Podtacku/images/thumbs/00085_back.webp,c0d95d435d951d63,7cfcffff60602000
C:/Users/ASUS GAMING/Documents/GitHub/Sberatele_Podtacku/images/thumbs/00085_front.webp,94d94d4714c7cd3c,7effffff00202000
C:/Users/ASUS GAMING/Documents/GitHub/Sberatele_Podtacku/images/thumbs/00086_back.webp,8597505a59377599,067f27273f666700
C:/Users/ASUS GAMING/Documents/GitHub/Sberatele_Podtacku/images/thumbs/00086_front.webp,959d6d2f548741ac,000efffefe7e0200
C:/Users/ASUS GAMING/Documents/GitHub/Sberatele_Podtacku/images/thumbs/00087_back.webp,95b06a576a1e7469,007e7e7e5e7e1c00
C:/Users/ASUS GAMING/Documents/GitHub/Sberatele_Podtacku/images/thumbs/00087_front.webp,87a578785a626d99,003f3f7e3e367600
C:/Users/ASUS GAMING/Documents/GitHub/Sberatele_Podtacku/images/thumbs/00088_back.webp,8547c5b95ca661d5,7e7e660000437f7e
C:/Users/ASUS GAMING/Documents/GitHub/Sberatele_Podtacku/images/thumbs/00088_front.webp,9546c5b95ae66199,7e7e660000467f7e
C:/Users/ASUS GAMING/Documents/GitHub/Sberatele_Podtacku/images/thumbs/00089_back.webp,e59d61d45993443d,7efa127e10f6e240
C:/Users/ASUS GAMING/Documents/GitHub/Sberatele_Podtacku/images/thumbs/00089_front.webp,95f085a353c34fb4,6ec7c2d8ce180f1e
C:/Users/ASUS GAMING/Documents/GitHub/Sberatele_Podtacku/images/thumbs/00090_back.webp,95d7749c41ba55c1,023e3e3f3e3e1f00
C:/Users/ASUS GAMING/Documents/GitHub/Sberatele_Podtacku/images/thumbs/00090_front.webp,95d7652dd092646d,1e1e1e7e1e3f0f00
C:/Users/ASUS GAMING/Documents/GitHub/Sberatele_Podtacku/images/thumbs/00091_back.webp,d59751c315d1543d,3e7e80fe9efe0800
C:/Users/ASUS GAMING/Documents/GitHub/Sberatele_Podtacku/images/thumbs/00091_front.webp,955b3499540d5767,1e0e007e7f1f0f07
C:/Users/ASUS GAMING/Documents/GitHub/Sberatele_Podtacku/images/thumbs/00092_back.webp,c94b15b5156b55b4,007878787e7e7c0e
C:/Users/ASUS GAMING/Documents/GitHub/Sberatele_Podtacku/images/thumbs/00092_front.webp,91926cad6d5b14b6,5e7e1e2e1e1e1e40
C:/Users/ASUS GAMING/Documents/GitHub/Sberatele_Podtacku/images/thumbs/00093_back.webp,c94b55b5956b4195,207808397e7e7c6e
C:/Users/ASUS GAMING/Documents/GitHub/Sberatele_Podtacku/images/thumbs/00093_front.webp,91926cbd6d4a9476,5eee5e2e8e0e1e40
C:/Users/ASUS GAMING/Documents/GitHub/Sberatele_Podtacku/images/thumbs/00094_back.webp,c14b15b4156f55b6,0a7868787e7e7c44
C:/Users/ASUS GAMING/Documents/GitHub/Sberatele_Podtacku/images/thumbs/00094_front.webp,91996a64655b52f6,5eef4e2e5e0e1e00
C:/Users/ASUS GAMING/Documents/GitHub/Sberatele_Podtacku/images/thumbs/00095_back.webp,c84b34b595cb4d95,6660587879797e46
C:/Users/ASUS GAMING/Documents/GitHub/Sberatele_Podtacku/images/thumbs/00095_front.webp,95916a2d6da694f2,58eefe2e8e3e0e00
C:/Users/ASUS GAMING/Documents/GitHub/Sberatele_Podtacku/images/thumbs/00096_back.webp,c94b15b5956b4596,0e7878783f1f1c0e
C:/Users/ASUS GAMING/Documents/GitHub/Sberatele_Podtacku/images/thumbs/00096_front.webp,93916d6e74965591,7e6e5e2e0e1e1f00
C:/Users/ASUS GAMING/Documents/GitHub/Sberatele_Podtacku/images/thumbs/00097_back.webp,c94b14b5356b45b5,2a7878787e7e7c00
C:/Users/ASUS GAMING/Documents/GitHub/Sberatele_Podtacku/images/thumbs/00097_front.webp,95f9699a6c261695,4e6e5e3e1e1e1f00
C:/Users/ASUS GAMING/Documents/GitHub/Sberatele_Podtacku/images/thumbs/00098_back.webp,c84b15b5156b55b5,007838787f7e7c0e
C:/Users/ASUS GAMING/Documents/GitHub/Sberatele_Podtacku/images/thumbs/00098_front.webp,95916aed654a16b6,4e7e1e1e1e1e3f00
C:/Users/ASUS GAMING/Documents/GitHub/Sberatele_Podtacku/images/thumbs/00099_back.webp,c94b15b5956b45b4,3e7878787e6f4006
C:/Users/ASUS GAMING/Documents/GitHub/Sberatele_Podtacku/images/thumbs/00099_front.webp,949149ed459656ed,5e7e5e061e963f00
C:/Users/ASUS GAMING/Documents/GitHub/Sberatele_Podtacku/images/thumbs/00100_back.webp,91994a661ada6eb3,180a7eff67664618
C:/Users/ASUS GAMING/Documents/GitHub/Sberatele_Podtacku/images/thumbs/00100_front.webp,9591426e3b91695f,187e7edf81407e18
C:/Users/ASUS GAMING/Documents/GitHub/Sberatele_Podtacku/images/thumbs/00101_back.webp,811641d755d715db,00267e7e7e3e7e00
C:/Users/ASUS GAMING/Documents/GitHub/Sberatele_Podtacku/images/thumbs/00101_front.webp,998d65d76426c2d9,1e1f3f3d3c3d0902
C:/Users/ASUS GAMING/Documents/GitHub/Sberatele_Podtacku/images/thumbs/00102_back.webp,95695a2d4ab12bb5,003c7e7e3e3e3e08
C:/Users/ASUS GAMING/Documents/GitHub/Sberatele_Podtacku/images/thumbs/00102_front.webp,94b54b694b386b39,083e7e5e767e0618
C:/Users/ASUS GAMING/Documents/GitHub/Sberatele_Podtacku/images/thumbs/00103_back.webp,d4ca5197c1b535a5,7cfc9575740c1e30
C:/Users/ASUS GAMING/Documents/GitHub/Sberatele_Podtacku/images/thumbs/00103_front.webp,d4ca52b3c1b535a5,7cfc9777360e0e00
C:/Users/ASUS GAMING/Documents/GitHub/Sberatele_Podtacku/images/thumbs/00104_back.webp,956c5a296ac16b67,001c3e7f3e3e3e18
C:/Users/ASUS GAMING/Documents/GitHub/Sberatele_Podtacku/images/thumbs/00104_front.webp,81ce57194ae56b0f,101e3e7f3f3e2e00
C:/Users/ASUS GAMING/Documents/GitHub/Sberatele_Podtacku/images/thumbs/00105_back.webp,955511aa545755d7,003e7e3e7e3e3e00
C:/Users/ASUS GAMING/Documents/GitHub/Sberatele_Podtacku/images/thumbs/00105_front.webp,85de3c71c56c5692,2e0e3e7a7e62025e
C:/Users/ASUS GAMING/Documents/GitHub/Sberatele_Podtacku/images/thumbs/00106_back.webp,91a44b5765c3744f,083f3e3e3e3c3c18
C:/Users/ASUS GAMING/Documents/GitHub/Sberatele_Podtacku/images/thumbs/00106_front.webp,95e17e5741c36d18,187f5f7e1e3c1c00
C:/Users/ASUS GAMING/Documents/GitHub/Sberatele_Podtacku/images/thumbs/00107_back.webp,95c452de0b316b6b,083e3e3f3f3e1e00
C:/Users/ASUS GAMING/Documents/GitHub/Sberatele_Podtacku/images/thumbs/00107_front.webp,94d953223a99cece,180e3e7f7f3e0e00
C:/Users/ASUS GAMING/Documents/GitHub/Sberatele_Podtacku/images/thumbs/00108_back.webp,94785ac34b656b36,183e00ff677e6618
C:/Users/ASUS GAMING/Documents/GitHub/Sberatele_Podtacku/images/thumbs/00108_front.webp,94b25bcd4e193aa6,186e66e7f7425e08
C:/Users/ASUS GAMING/Documents/GitHub/Sberatele_Podtacku/images/thumbs/00109_back.webp,c4f716c64eb44aca,3426e6f279353e18
C:/Users/ASUS GAMING/Documents/GitHub/Sberatele_Podtacku/images/thumbs/00109_front.webp,9146443d47f14f7c,3c7c41e7870b4e3c
C:/Users/ASUS GAMING/Documents/GitHub/Sberatele_Podtacku/images/thumbs/00110_back.webp,95425aa46b956f1e,003c7e67677e3e08
C:/Users/ASUS GAMING/Documents/GitHub/Sberatele_Podtacku/images/thumbs/00110_front.webp,94624bbc3b1b68e3,18766487c75e7e18
C:/Users/ASUS GAMING/Documents/GitHub/Sberatele_Podtacku/images/thumbs/00111_back.webp,95685a2d6aad2b1d,003c7e7e7e7e3c00
C:/Users/ASUS GAMING/Documents/GitHub/Sberatele_Podtacku/images/thumbs/00111_front.webp,95d252984ab76b9a,183e1e3f3f1e3e00
C:/Users/ASUS GAMING/Documents/GitHub/Sberatele_Podtacku/images/thumbs/00112_back.webp,95e4534c4a6d6b99,181e0e3f3f2e1e1c
C:/Users/ASUS GAMING/Documents/GitHub/Sberatele_Podtacku/images/thumbs/00112_front.webp,95e053d24a6f299b,187e0e3f3f0e1e18
C:/Users/ASUS GAMING/Documents/GitHub/Sberatele_Podtacku/images/thumbs/00113_back.webp,91ce5eb16a2c6ac3,183e3e3e6f3e1e00
C:/Users/ASUS GAMING/Documents/GitHub/Sberatele_Podtacku/images/thumbs/00113_front.webp,95724e8d6b5a3a85,003e3e7e7f1e3e00
C:/Users/ASUS GAMING/Documents/GitHub/Sberatele_Podtacku/images/thumbs/00114_back.webp,94785ac74be16a36,183e00ff677e6618
C:/Users/ASUS GAMING/Documents/GitHub/Sberatele_Podtacku/images/thumbs/00114_front.webp,85ce53314ace3b99,182e3e3f7f0e3e00
C:/Users/ASUS GAMING/Documents/GitHub/Sberatele_Podtacku/images/thumbs/00115_back.webp,95585a834be16f36,183e007f677e6e18
C:/Users/ASUS GAMING/Documents/GitHub/Sberatele_Podtacku/images/thumbs/00115_front.webp,95c64e9d63726a2c,003e3e7e7e7e1e00
C:/Users/ASUS GAMING/Documents/GitHub/Sberatele_Podtacku/images/thumbs/00116_back.webp,94785ac74b616a37,183e007f677e6e18
C:/Users/ASUS GAMING/Documents/GitHub/Sberatele_Podtacku/images/thumbs/00116_front.webp,91cb4e342fc67839,103c6e7e6e7e3e00
C:/Users/ASUS GAMING/Documents/GitHub/Sberatele_Podtacku/images/thumbs/00117_back.webp,94cd43360fc37a1d,187a1e7f07467e18
C:/Users/ASUS GAMING/Documents/GitHub/Sberatele_Podtacku/images/thumbs/00117_front.webp,95665a0d3ba13e1d,187e26e763267e18
C:/Users/ASUS GAMING/Documents/GitHub/Sberatele_Podtacku/images/thumbs/00118_back.webp,91644e935b8e29bb,183666676e6e3e18
C:/Users/ASUS GAMING/Documents/GitHub/Sberatele_Podtacku/images/thumbs/00118_front.webp,85725e884b673b1b,187e46676b467e18
C:/Users/ASUS GAMING/Documents/GitHub/Sberatele_Podtacku/images/thumbs/00119_back.webp,95e142832bce6f78,187e7e1e1e3e3c08
C:/Users/ASUS GAMING/Documents/GitHub/Sberatele_Podtacku/images/thumbs/00119_front.webp,976a51e94e878e89,18423ca73f3e6e1c
C:/Users/ASUS GAMING/Documents/GitHub/Sberatele_Podtacku/images/thumbs/00120_back.webp,91395e366ad92972,003c7e7e467e3e18
C:/Users/ASUS GAMING/Documents/GitHub/Sberatele_Podtacku/images/thumbs/00120_front.webp,85625ac94b67399b,187e46e3eb623e18
C:/Users/ASUS GAMING/Documents/GitHub/Sberatele_Podtacku/images/thumbs/00121_back.webp,959b46671a8d7919,183e5e3f1d727218
C:/Users/ASUS GAMING/Documents/GitHub/Sberatele_Podtacku/images/thumbs/00121_front.webp,c0c0430f2f3f3fb8,307cfebe3c3c1c08
C:/Users/ASUS GAMING/Documents/GitHub/Sberatele_Podtacku/images/thumbs/00122_back.webp,843a56396acdae6c,084e7efd017e7e10
C:/Users/ASUS GAMING/Documents/GitHub/Sberatele_Podtacku/images/thumbs/00122_front.webp,9039463b6acd6e6a,184e7edb817e7a10
C:/Users/ASUS GAMING/Documents/GitHub/Sberatele_Podtacku/images/thumbs/00123_back.webp,955d45e3543f41c3,3c7e780e7e0e7e00
C:/Users/ASUS GAMING/Documents/GitHub/Sberatele_Podtacku/images/thumbs/00123_front.webp,95d97805d7c1251f,7edefffe3e000000
C:/Users/ASUS GAMING/Documents/GitHub/Sberatele_Podtacku/images/thumbs/00124_back.webp,956a407d4bb64e69,18463cbdbd1e6e18
C:/Users/ASUS GAMING/Documents/GitHub/Sberatele_Podtacku/images/thumbs/00124_front.webp,966145675b1d1bc6,18763c98bc1c7e3c
C:/Users/ASUS GAMING/Documents/GitHub/Sberatele_Podtacku/images/thumbs/00125_back.webp,946b406d0fa65e6d,3c429dbdb999423c
C:/Users/ASUS GAMING/Documents/GitHub/Sberatele_Podtacku/images/thumbs/00125_front.webp,9261456f4a3f1bc6,187a3c18bd1c7e3c
C:/Users/ASUS GAMING/Documents/GitHub/Sberatele_Podtacku/images/thumbs/00126_back.webp,856b43f41a933997,00604aefc7c77e3c
C:/Users/ASUS GAMING/Documents/GitHub/Sberatele_Podtacku/images/thumbs/00126_front.webp,91e64e196b352f86,187e66e7c3067e18
C:/Users/ASUS GAMING/Documents/GitHub/Sberatele_Podtacku/images/thumbs/00127_back.webp,959a5e357a382a99,081e3e7e7e3e1e10
C:/Users/ASUS GAMING/Documents/GitHub/Sberatele_Podtacku/images/thumbs/00127_front.webp,92925e3d6b343b92,1c3c7e045f3e3e18
C:/Users/ASUS GAMING/Documents/GitHub/Sberatele_Podtacku/images/thumbs/00128_back.webp,91a65a794e992f32,003e5e7f7e1e1c18
C:/Users/ASUS GAMING/Documents/GitHub/Sberatele_Podtacku/images/thumbs/00128_front.webp,85c75a1c6e633bb0,003e7e7e7f3e1c00
C:/Users/ASUS GAMING/Documents/GitHub/Sberatele_Podtacku/images/thumbs/00129_back.webp,95915a6a2fc67b81,1c6e6f8783037e1c
C:/Users/ASUS GAMING/Documents/GitHub/Sberatele_Podtacku/images/thumbs/00129_front.webp,d68a21659e969a79,18607cfefc7e4218
C:/Users/ASUS GAMING/Documents/GitHub/Sberatele_Podtacku/images/thumbs/00130_back.webp,95d7615a758855aa,00be7e1e1e3f1f02
C:/Users/ASUS GAMING/Documents/GitHub/Sberatele_Podtacku/images/thumbs/00130_front.webp,d17be0644587473b,40c83c3c183e7f7e
C:/Users/ASUS GAMING/Documents/GitHub/Sberatele_Podtacku/images/thumbs/00131_back.webp,94d671ad5525719a,023e3e3e3f3e1f00
C:/Users/ASUS GAMING/Documents/GitHub/Sberatele_Podtacku/images/thumbs/00131_front.webp,91d3343cd6d37189,023e7e3e3e181e3c
C:/Users/ASUS GAMING/Documents/GitHub/Sberatele_Podtacku/images/thumbs/00132_back.webp,b5b24da554495d4b,070f0f0f0767770e
C:/Users/ASUS GAMING/Documents/GitHub/Sberatele_Podtacku/images/thumbs/00132_front.webp,e0e775b11d3c118e,e0f2f0e3e3c7c700
C:/Users/ASUS GAMING/Documents/GitHub/Sberatele_Podtacku/images/thumbs/00133_back.webp,917d4fb41b803f34,061e0e7e5e7e7e00
C:/Users/ASUS GAMING/Documents/GitHub/Sberatele_Podtacku/images/thumbs/00133_front.webp,d05b415b1b3e531b,287a7c243c743c7e
C:/Users/ASUS GAMING/Documents/GitHub/Sberatele_Podtacku/images/thumbs/00134_back.webp,80b155a555da555f,0e371f7f0c6f1d00
C:/Users/ASUS GAMING/Documents/GitHub/Sberatele_Podtacku/images/thumbs/00134_front.webp,91c67e99859bd0e8,7e18787e7a5c085a
C:/Users/ASUS GAMING/Documents/GitHub/Sberatele_Podtacku/images/thumbs/00135_back.webp,90cdb5366d921d69,7e7e7c7e00046746
C:/Users/ASUS GAMING/Documents/GitHub/Sberatele_Podtacku/images/thumbs/00135_front.webp,9559512d54b351e7,0e0e6e66763a471e
C:/Users/ASUS GAMING/Documents/GitHub/Sberatele_Podtacku/images/thumbs/00136_back.webp,95725147451e5577,007e4e3e3e7e3e02
C:/Users/ASUS GAMING/Documents/GitHub/Sberatele_Podtacku/images/thumbs/00136_front.webp,91bc46927c5936cd,1c7f0f8e9f6e3800
C:/Users/ASUS GAMING/Documents/GitHub/Sberatele_Podtacku/images/thumbs/00137_back.webp,d157496934963f68,00fc7e4e7a7a7e00
C:/Users/ASUS GAMING/Documents/GitHub/Sberatele_Podtacku/images/thumbs/00137_front.webp,95a6653ad6c55169,1e067e7e3e3e0e08
C:/Users/ASUS GAMING/Documents/GitHub/Sberatele_Podtacku/images/thumbs/00138_back.webp,955750975587518f,007e7e3e3e3e3e00
C:/Users/ASUS GAMING/Documents/GitHub/Sberatele_Podtacku/images/thumbs/00138_front.webp,954fc095675a782d,407e09a5abcf7f40
C:/Users/ASUS GAMING/Documents/GitHub/Sberatele_Podtacku/images/thumbs/00139_back.webp,95c2523f4be03a3e,187e7eff890e0618
C:/Users/ASUS GAMING/Documents/GitHub/Sberatele_Podtacku/images/thumbs/00139_front.webp,959256cd4a6d298f,183e7e1f3f5a2608
C:/Users/ASUS GAMING/Documents/GitHub/Sberatele_Podtacku/images/thumbs/00140_back.webp,844c53b31bc56dd6,183e723727667e18
C:/Users/ASUS GAMING/Documents/GitHub/Sberatele_Podtacku/images/thumbs/00140_front.webp,844c5b333bd36b8c,081a3afb5b3e5e18
C:/Users/ASUS GAMING/Documents/GitHub/Sberatele_Podtacku/images/thumbs/00141_back.webp,d43301cfcf691a9a,3c468dbcbc1c5a3c
C:/Users/ASUS GAMING/Documents/GitHub/Sberatele_Podtacku/images/thumbs/00141_front.webp,d1ce05974a681f7c,3c6e18d9fd3e4218
C:/Users/ASUS GAMING/Documents/GitHub/Sberatele_Podtacku/images/thumbs/00142_back.webp,9563565f5a692b84,187e5a435f467e18
C:/Users/ASUS GAMING/Documents/GitHub/Sberatele_Podtacku/images/thumbs/00142_front.webp,95ca5017ca6dcbc3,3c4219ffff18421c
C:/Users/ASUS GAMING/Documents/GitHub/Sberatele_Podtacku/images/thumbs/00143_back.webp,95e3468a4b2d7bc4,183e4ac3df467e18
C:/Users/ASUS GAMING/Documents/GitHub/Sberatele_Podtacku/images/thumbs/00143_front.webp,87c3502e0f9d8f66,3c42bcbda53d423c
C:/Users/ASUS GAMING/Documents/GitHub/Sberatele_Podtacku/images/thumbs/00144_back.webp,95e2565b4b2d2b8c,187e5ac3db463e18
C:/Users/ASUS GAMING/Documents/GitHub/Sberatele_Podtacku/images/thumbs/00144_front.webp,976c51854e834f3d,38423cbdbf3c461c
C:/Users/ASUS GAMING/Documents/GitHub/Sberatele_Podtacku/images/thumbs/00145_back.webp,95555dca75285437,043c467e7e3d3f02
C:/Users/ASUS GAMING/Documents/GitHub/Sberatele_Podtacku/images/thumbs/00145_front.webp,907c54c6417b5d9d,04021a667f3f7f0e
C:/Users/ASUS GAMING/Documents/GitHub/Sberatele_Podtacku/images/thumbs/00146_back.webp,81007f027d773e6b,007e1e7e7e7e6600
C:/Users/ASUS GAMING/Documents/GitHub/Sberatele_Podtacku/images/thumbs/00146_front.webp,91b26c3dd6c65961,3e197d7e7e180116
C:/Users/ASUS GAMING/Documents/GitHub/Sberatele_Podtacku/images/thumbs/00147_back.webp,955555d555935592,003e3e3e3e3e3f02
C:/Users/ASUS GAMING/Documents/GitHub/Sberatele_Podtacku/images/thumbs/00147_front.webp,f1930ccc16e553b5,7ecf8fe6e8e0c200
C:/Users/ASUS GAMING/Documents/GitHub/Sberatele_Podtacku/images/thumbs/00148_back.webp,95f590954b6265ce,7e7e1e043c0e3e1c
C:/Users/ASUS GAMING/Documents/GitHub/Sberatele_Podtacku/images/thumbs/00148_front.webp,85763c89d4b245cf,060e3e3e7e3e1f02
C:/Users/ASUS GAMING/Documents/GitHub/Sberatele_Podtacku/images/thumbs/00149_back.webp,957a554b10d555d9,00067f7f1e1e7f02
C:/Users/ASUS GAMING/Documents/GitHub/Sberatele_Podtacku/images/thumbs/00149_front.webp,a4c3d37c1dc650e3,1e6f77130103673e
C:/Users/ASUS GAMING/Documents/GitHub/Sberatele_Podtacku/images/thumbs/00150_back.webp,95130acdef023c6f,081e1efefefe1400
C:/Users/ASUS GAMING/Documents/GitHub/Sberatele_Podtacku/images/thumbs/00150_front.webp,951b0accef023c6f,081e1efefefe1800
C:/Users/ASUS GAMING/Documents/GitHub/Sberatele_Podtacku/images/thumbs/00151_back.webp,95e411d3643f5587,0e7e7626767e1e00
C:/Users/ASUS GAMING/Documents/GitHub/Sberatele_Podtacku/images/thumbs/00151_front.webp,91d744f9171e41d6,7efe7e0f0f0c1900
C:/Users/ASUS GAMING/Documents/GitHub/Sberatele_Podtacku/images/thumbs/00152_back.webp,856a5e8c6a733b8c,103c7e63477e3e18
C:/Users/ASUS GAMING/Documents/GitHub/Sberatele_Podtacku/images/thumbs/00152_front.webp,d09d0d5a7e648e39,187e7efe7c7c4000
C:/Users/ASUS GAMING/Documents/GitHub/Sberatele_Podtacku/images/thumbs/00153_back.webp,957d588f403e44b7,003e6e467e7e3e42
C:/Users/ASUS GAMING/Documents/GitHub/Sberatele_Podtacku/images/thumbs/00153_front.webp,957c5c97419e5435,1a7602646e7e3e5a
C:/Users/ASUS GAMING/Documents/GitHub/Sberatele_Podtacku/images/thumbs/00154_back.webp,95555d8e5196d136,3c3c467e467f3c08
C:/Users/ASUS GAMING/Documents/GitHub/Sberatele_Podtacku/images/thumbs/00154_front.webp,97655cc6d1db406c,3c20406e67773c7e
C:/Users/ASUS GAMING/Documents/GitHub/Sberatele_Podtacku/images/thumbs/00155_back.webp,957d7c0f602b5427,001c7e7e7e3e3c42
C:/Users/ASUS GAMING/Documents/GitHub/Sberatele_Podtacku/images/thumbs/00155_front.webp,957c74a7411b543d,00161a7e7e3e3e5a
C:/Users/ASUS GAMING/Documents/GitHub/Sberatele_Podtacku/images/thumbs/00156_back.webp,91995e664e623a9e,183e1e7e7f062e18
C:/Users/ASUS GAMING/Documents/GitHub/Sberatele_Podtacku/images/thumbs/00156_front.webp,846653995b9d6a63,1836663f097e7e18
C:/Users/ASUS GAMING/Documents/GitHub/Sberatele_Podtacku/images/thumbs/00157_back.webp,997946661874ed99,081c5a5e7f7e3c18
C:/Users/ASUS GAMING/Documents/GitHub/Sberatele_Podtacku/images/thumbs/00157_front.webp,95704a9f69c9a53a,101c7e7e7e7e3c00
C:/Users/ASUS GAMING/Documents/GitHub/Sberatele_Podtacku/images/thumbs/00158_back.webp,993d4e321b61acd3,001c5adbdbdf3c18
C:/Users/ASUS GAMING/Documents/GitHub/Sberatele_Podtacku/images/thumbs/00158_front.webp,91475eac29dcad94,183c7e3c1e7e3c18
C:/Users/ASUS GAMING/Documents/GitHub/Sberatele_Podtacku/images/thumbs/00159_back.webp,95c64ab36e643999,183c1e7e7e3e1c18
C:/Users/ASUS GAMING/Documents/GitHub/Sberatele_Podtacku/images/thumbs/00159_front.webp,91195a316df2a5d6,08187e7e7e7e3c10
C:/Users/ASUS GAMING/Documents/GitHub/Sberatele_Podtacku/images/thumbs/00160_back.webp,95664ab16996ad56,181c3e3e7e7e1c18
C:/Users/ASUS GAMING/Documents/GitHub/Sberatele_Podtacku/images/thumbs/00160_front.webp,90307b9969cba66e,18187e7e7e7e3c00
C:/Users/ASUS GAMING/Documents/GitHub/Sberatele_Podtacku/images/thumbs/00161_back.webp,95605ab74ab56f90,003c7e3e3e7e3c18
C:/Users/ASUS GAMING/Documents/GitHub/Sberatele_Podtacku/images/thumbs/00161_front.webp,84681fbd7a927a94,0038747b7f7e3e08
C:/Users/ASUS GAMING/Documents/GitHub/Sberatele_Podtacku/images/thumbs/00162_back.webp,95685aad7ab528a5,003c3e3e3e7e3e18
C:/Users/ASUS GAMING/Documents/GitHub/Sberatele_Podtacku/images/thumbs/00162_front.webp,846c1f693a9f7a24,1c3a73737375320c
C:/Users/ASUS GAMING/Documents/GitHub/Sberatele_Podtacku/images/thumbs/00163_back.webp,95685af57b8428a7,003c3e3e7e7e3e08
C:/Users/ASUS GAMING/Documents/GitHub/Sberatele_Podtacku/images/thumbs/00163_front.webp,846e1f2c3a9f7a24,183a7073737f3a0c
C:/Users/ASUS GAMING/Documents/GitHub/Sberatele_Podtacku/images/thumbs/00164_back.webp,95557d345128d5b9,003e7e7e7e7e5200
C:/Users/ASUS GAMING/Documents/GitHub/Sberatele_Podtacku/images/thumbs/00164_front.webp,ff15d14fc058d02e,ff819191819981ff
C:/Users/ASUS GAMING/Documents/GitHub/Sberatele_Podtacku/images/thumbs/00165_back.webp,95557cc15578d598,007e7e7e7e7e5000
C:/Users/ASUS GAMING/Documents/GitHub/Sberatele_Podtacku/images/thumbs/00165_front.webp,bd64c4da69643999,2e7e02838b8cfe1e
C:/Users/ASUS GAMING/Documents/GitHub/Sberatele_Podtacku/images/thumbs/00166_back.webp,955774d04568d53d,003e3e7e7e7e5600
C:/Users/ASUS GAMING/Documents/GitHub/Sberatele_Podtacku/images/thumbs/00166_front.webp,b535c4da69e45899,7e7e82028a0efe78
C:/Users/ASUS GAMING/Documents/GitHub/Sberatele_Podtacku/images/thumbs/00167_back.webp,d59be03dc0b5c097,7e9cbe3c3c181278
C:/Users/ASUS GAMING/Documents/GitHub/Sberatele_Podtacku/images/thumbs/00167_front.webp,9f0ec137d495c195,7e009cbdbc808d7e
C:/Users/ASUS GAMING/Documents/GitHub/Sberatele_Podtacku/images/thumbs/00168_back.webp,9595424a6b3d3fc4,187e7f83b90e5a18
C:/Users/ASUS GAMING/Documents/GitHub/Sberatele_Podtacku/images/thumbs/00168_front.webp,91f15486ca796b87,3c4261ffff01423c
C:/Users/ASUS GAMING/Documents/GitHub/Sberatele_Podtacku/images/thumbs/00169_back.webp,95684afd6ab56984,003c3e3e3e7e3e18
C:/Users/ASUS GAMING/Documents/GitHub/Sberatele_Podtacku/images/thumbs/00169_front.webp,95335b8c2e6c6c33,002e6667777e3e18
C:/Users/ASUS GAMING/Documents/GitHub/Sberatele_Podtacku/images/thumbs/00170_back.webp,bc99d5d3112f44e8,1edf8191d113933e
C:/Users/ASUS GAMING/Documents/GitHub/Sberatele_Podtacku/images/thumbs/00170_front.webp,994fc5b6c43991b1,7e0949c1c18bc9fe
C:/Users/ASUS GAMING/Documents/GitHub/Sberatele_Podtacku/images/thumbs/00171_back.webp,956a5ea96aa52ac5,003c3e3e7e7e3e08
C:/Users/ASUS GAMING/Documents/GitHub/Sberatele_Podtacku/images/thumbs/00171_front.webp,953b5a701e856a6b,00187e7e087f7e3c
C:/Users/ASUS GAMING/Documents/GitHub/Sberatele_Podtacku/images/thumbs/00172_back.webp,95685a956ad1299f,003c3e3e3e7e3e18
C:/Users/ASUS GAMING/Documents/GitHub/Sberatele_Podtacku/images/thumbs/00172_front.webp,84a6466b3ae13b9e,10367e3f3d383e18
C:/Users/ASUS GAMING/Documents/GitHub/Sberatele_Podtacku/images/thumbs/00173_back.webp,85495be87a371ae4,187a7e25673e6618
C:/Users/ASUS GAMING/Documents/GitHub/Sberatele_Podtacku/images/thumbs/00173_front.webp,95e05a872b3f6a68,187e7c1e3e7e3c00
C:/Users/ASUS GAMING/Documents/GitHub/Sberatele_Podtacku/images/thumbs/00174_back.webp,c1e36acc383c1e3e,00607f7fffff0000
C:/Users/ASUS GAMING/Documents/GitHub/Sberatele_Podtacku/images/thumbs/00174_front.webp,909a67650edb919e,0000ffffffff0000
C:/Users/ASUS GAMING/Documents/GitHub/Sberatele_Podtacku/images/thumbs/00175_back.webp,9133461e3e713fc1,003c7e0ebe3e7c38
C:/Users/ASUS GAMING/Documents/GitHub/Sberatele_Podtacku/images/thumbs/00175_front.webp,c496136b6b645ed1,183c7e7afc387818
C:/Users/ASUS GAMING/Documents/GitHub/Sberatele_Podtacku/images/thumbs/00176_back.webp,96b23a4d69b3278c,183c3e7e7e3e3c00
C:/Users/ASUS GAMING/Documents/GitHub/Sberatele_Podtacku/images/thumbs/00176_front.webp,96e37b4c2cb3238c,183c3e7e7e3e3c00
C:/Users/ASUS GAMING/Documents/GitHub/Sberatele_Podtacku/images/thumbs/00177_back.webp,95c656394ac66b63,18067e7f5f1e0e18
C:/Users/ASUS GAMING/Documents/GitHub/Sberatele_Podtacku/images/thumbs/00177_front.webp,917946c41bb369ce,187e021f3f4e7e18
C:/Users/ASUS GAMING/Documents/GitHub/Sberatele_Podtacku/images/thumbs/00178_back.webp,957c5a834b8d2d33,18343e7e667e3e08
C:/Users/ASUS GAMING/Documents/GitHub/Sberatele_Podtacku/images/thumbs/00178_front.webp,95784e875a7a6887,003c7e7e7e3e3e00
C:/Users/ASUS GAMING/Documents/GitHub/Sberatele_Podtacku/images/thumbs/00179_back.webp,94725b956a9629ce,003c7e66767e3e18
C:/Users/ASUS GAMING/Documents/GitHub/Sberatele_Podtacku/images/thumbs/00179_front.webp,956b5a105ecb689d,083c3e7e7e3e3e00
C:/Users/ASUS GAMING/Documents/GitHub/Sberatele_Podtacku/images/thumbs/00180_back.webp,956a5a816a8f6b6c,003c3e7e7e7e3c08
C:/Users/ASUS GAMING/Documents/GitHub/Sberatele_Podtacku/images/thumbs/00180_front.webp,94634b9d1e4d5995,18247e725e7e3e18
C:/Users/ASUS GAMING/Documents/GitHub/Sberatele_Podtacku/images/thumbs/00181_back.webp,956f50644bc34b6e,3c4603bfbd0b463c
C:/Users/ASUS GAMING/Documents/GitHub/Sberatele_Podtacku/images/thumbs/00181_front.webp,c093176c1ea53b7c,187c7cffd0785038
C:/Users/ASUS GAMING/Documents/GitHub/Sberatele_Podtacku/images/thumbs/00182_back.webp,c493074c0fc37b7c,187e7effd0707010
C:/Users/ASUS GAMING/Documents/GitHub/Sberatele_Podtacku/images/thumbs/00182_front.webp,d495019e9fda1a78,3c66c0bfbd9c4238
C:/Users/ASUS GAMING/Documents/GitHub/Sberatele_Podtacku/images/thumbs/00183_back.webp,9073414d4eb64f9b,184e0e9f1f1e4e3c
C:/Users/ASUS GAMING/Documents/GitHub/Sberatele_Podtacku/images/thumbs/00183_front.webp,d8c840678f9e1f39,3c4299bd99af423c
C:/Users/ASUS GAMING/Documents/GitHub/Sberatele_Podtacku/images/thumbs/00184_back.webp,946353ad5a1f2d94,187e5681df663e18
C:/Users/ASUS GAMING/Documents/GitHub/Sberatele_Podtacku/images/thumbs/00184_front.webp,95c0566f3a346ac7,187e7ecfbf020618
C:/Users/ASUS GAMING/Documents/GitHub/Sberatele_Podtacku/images/thumbs/00185_back.webp,90722fa52c96d379,00386e7e5f7e7e00
C:/Users/ASUS GAMING/Documents/GitHub/Sberatele_Podtacku/images/thumbs/00185_front.webp,90722fa53c96d179,001c6e7e5f7e7e00
C:/Users/ASUS GAMING/Documents/GitHub/Sberatele_Podtacku/images/thumbs/00186_back.webp,87e17c96c3393c98,04771f3f7e3e0e00
C:/Users/ASUS GAMING/Documents/GitHub/Sberatele_Podtacku/images/thumbs/00186_front.webp,83e93c96c33d6cc8,007f1f7e7e7e0600
C:/Users/ASUS GAMING/Documents/GitHub/Sberatele_Podtacku/images/thumbs/00187_back.webp,b4c1d53ec136446f,7e3f07650183837e
C:/Users/ASUS GAMING/Documents/GitHub/Sberatele_Podtacku/images/thumbs/00187_front.webp,bc9cc1c7c14ec1cd,7e8f9993838183e3
C:/Users/ASUS GAMING/Documents/GitHub/Sberatele_Podtacku/images/thumbs/00188_back.webp,d46303fa7e830af2,003c3c3e3e3e3e1e
C:/Users/ASUS GAMING/Documents/GitHub/Sberatele_Podtacku/images/thumbs/00188_front.webp,91ce64e13932e6cd,583c3c3c7c7e3e02
C:/Users/ASUS GAMING/Documents/GitHub/Sberatele_Podtacku/images/thumbs/00189_back.webp,955d55d6557340c6,1c3e0242567f763e
C:/Users/ASUS GAMING/Documents/GitHub/Sberatele_Podtacku/images/thumbs/00189_front.webp,ffaaa095c0c551d5,ff8380bebe8882a6
C:/Users/ASUS GAMING/Documents/GitHub/Sberatele_Podtacku/images/thumbs/00190_back.webp,94e4539b4a67699a,183e3e3e3f1e1e08
C:/Users/ASUS GAMING/Documents/GitHub/Sberatele_Podtacku/images/thumbs/00190_front.webp,94e153db4a2f2999,183e1e3f3e1e3e08
C:/Users/ASUS GAMING/Documents/GitHub/Sberatele_Podtacku/images/thumbs/00191_back.webp,959d44c4c47ec56e,1e0f0f0fffff0000
C:/Users/ASUS GAMING/Documents/GitHub/Sberatele_Podtacku/images/thumbs/00191_front.webp,955154c5719b54ee,067e3e02027f7f0e
C:/Users/ASUS GAMING/Documents/GitHub/Sberatele_Podtacku/images/thumbs/00192_back.webp,95605557556655ab,001e3e3e3e3e3e0e
C:/Users/ASUS GAMING/Documents/GitHub/Sberatele_Podtacku/images/thumbs/00192_front.webp,bbc0c4d153cd1c9b,feffc3000cc3df00
C:/Users/ASUS GAMING/Documents/GitHub/Sberatele_Podtacku/images/thumbs/00193_back.webp,d533429c3fc23ac3,082666e2fe7e7c18
C:/Users/ASUS GAMING/Documents/GitHub/Sberatele_Podtacku/images/thumbs/00193_front.webp,913a49615ece2fc6,186e7e84e7627e18
C:/Users/ASUS GAMING/Documents/GitHub/Sberatele_Podtacku/images/thumbs/00194_back.webp,95cb5a354e966a38,183c3c7e7e1e1e18
C:/Users/ASUS GAMING/Documents/GitHub/Sberatele_Podtacku/images/thumbs/00194_front.webp,95d95a301e9e6b38,183c3c7e7e1e1e18
C:/Users/ASUS GAMING/Documents/GitHub/Sberatele_Podtacku/images/thumbs/00195_back.webp,9dc3723c4acb8b4c,003e7e3f3f7e1a00
C:/Users/ASUS GAMING/Documents/GitHub/Sberatele_Podtacku/images/thumbs/00195_front.webp,994d76663e826b1c,183e5e1b1b7e7e00
C:/Users/ASUS GAMING/Documents/GitHub/Sberatele_Podtacku/images/thumbs/00196_back.webp,c52f0ad27ee06a4b,181c387f7c7c7c18
C:/Users/ASUS GAMING/Documents/GitHub/Sberatele_Podtacku/images/thumbs/00196_front.webp,91cf166c4af62bb0,181c7efdfb0e4608
C:/Users/ASUS GAMING/Documents/GitHub/Sberatele_Podtacku/images/thumbs/00197_back.webp,85b04e9a6dde29ca,181c7e7e7e3e3c00
C:/Users/ASUS GAMING/Documents/GitHub/Sberatele_Podtacku/images/thumbs/00197_front.webp,81c95f173e36a85a,18787c67777e2418
C:/Users/ASUS GAMING/Documents/GitHub/Sberatele_Podtacku/images/thumbs/00198_back.webp,c5e606896e379b94,10787ef2f87e7a00
C:/Users/ASUS GAMING/Documents/GitHub/Sberatele_Podtacku/images/thumbs/00198_front.webp,94664b797b9d3842,18767ec7045e7e18
C:/Users/ASUS GAMING/Documents/GitHub/Sberatele_Podtacku/images/thumbs/00199_back.webp,bc9c5563c14a943f,7e9f9ff507038006
C:/Users/ASUS GAMING/Documents/GitHub/Sberatele_Podtacku/images/thumbs/00199_front.webp,9ec6d169c466d1d1,7e09bda53919017e
C:/Users/ASUS GAMING/Documents/GitHub/Sberatele_Podtacku/images/thumbs/00200_back.webp,873350725acb8f8d,0c3e3f3937327a18
C:/Users/ASUS GAMING/Documents/GitHub/Sberatele_Podtacku/images/thumbs/00200_front.webp,952d4096cf7c1f92,3c66c2bdbf0c4638
C:/Users/ASUS GAMING/Documents/GitHub/Sberatele_Podtacku/images/thumbs/00201_back.webp,b54fd0305f8f5434,7e4303810343ff7e
C:/Users/ASUS GAMING/Documents/GitHub/Sberatele_Podtacku/images/thumbs/00201_front.webp,a51ad5215eced169,7e47c38181c3b17e
C:/Users/ASUS GAMING/Documents/GitHub/Sberatele_Podtacku/images/thumbs/00202_back.webp,d11e47e11e1f0fc2,18421e9fe77e6618
C:/Users/ASUS GAMING/Documents/GitHub/Sberatele_Podtacku/images/thumbs/00202_front.webp,95e15a9c5a916b0f,082e3e7e3f3e3e00
C:/Users/ASUS GAMING/Documents/GitHub/Sberatele_Podtacku/images/thumbs/00203_back.webp,95685abd7ab52891,003c3e7e7e7e3e00
C:/Users/ASUS GAMING/Documents/GitHub/Sberatele_Podtacku/images/thumbs/00203_front.webp,95de5ac16b6e2c90,003c7e7e7e7e3c00
C:/Users/ASUS GAMING/Documents/GitHub/Sberatele_Podtacku/images/thumbs/00204_back.webp,950c52fe4a786fe0,003e3e7f3f3e1e00
C:/Users/ASUS GAMING/Documents/GitHub/Sberatele_Podtacku/images/thumbs/00204_front.webp,95e65b0d6ea60b19,003e3e7e7e3e3e00
C:/Users/ASUS GAMING/Documents/GitHub/Sberatele_Podtacku/images/thumbs/00205_back.webp,956153a54a976b96,003c7e3e3e3e3e18
C:/Users/ASUS GAMING/Documents/GitHub/Sberatele_Podtacku/images/thumbs/00205_front.webp,916e44b44f934e6e,185a078d837f6e3c
C:/Users/ASUS GAMING/Documents/GitHub/Sberatele_Podtacku/images/thumbs/00206_back.webp,c5791a376adc6170,003c7e7e7e7e3c00
C:/Users/ASUS GAMING/Documents/GitHub/Sberatele_Podtacku/images/thumbs/00206_front.webp,902b4a3e3fc59b31,003c7e7e7e7e3c00
C:/Users/ASUS GAMING/Documents/GitHub/Sberatele_Podtacku/images/thumbs/00207_back.webp,b1d1986e64ce5639,6e6e4742c2437f26
C:/Users/ASUS GAMING/Documents/GitHub/Sberatele_Podtacku/images/thumbs/00207_front.webp,957751c4d15b454b,7e86007e7e161c3e
C:/Users/ASUS GAMING/Documents/GitHub/Sberatele_Podtacku/images/thumbs/00208_back.webp,94ce40614f651f77,3c7e999f8d81423c
C:/Users/ASUS GAMING/Documents/GitHub/Sberatele_Podtacku/images/thumbs/00208_front.webp,91f84e3b3b94644b,187e7ec381667e18
C:/Users/ASUS GAMING/Documents/GitHub/Sberatele_Podtacku/images/thumbs/00209_back.webp,d16e003c1f9f19f8,18647ebcbc5e6618
C:/Users/ASUS GAMING/Documents/GitHub/Sberatele_Podtacku/images/thumbs/00209_front.webp,909b57664b9f2e30,184e0efffd206e18
C:/Users/ASUS GAMING/Documents/GitHub/Sberatele_Podtacku/images/thumbs/00210_back.webp,c1cf15395a38ad65,187a7aa5fd7a4218
C:/Users/ASUS GAMING/Documents/GitHub/Sberatele_Podtacku/images/thumbs/00210_front.webp,8551543a4f8d1bb7,18767aa9a31d7638
C:/Users/ASUS GAMING/Documents/GitHub/Sberatele_Podtacku/images/thumbs/00211_back.webp,85085f7d68a275c7,003c7e7f6b7e3c00
C:/Users/ASUS GAMING/Documents/GitHub/Sberatele_Podtacku/images/thumbs/00211_front.webp,95755194d5c9447b,7e0e007e7e161d74
C:/Users/ASUS GAMING/Documents/GitHub/Sberatele_Podtacku/images/thumbs/00212_back.webp,95665af46a017979,10345e7e5e7e3c18
C:/Users/ASUS GAMING/Documents/GitHub/Sberatele_Podtacku/images/thumbs/00212_front.webp,84675abc5b4d0ce6,1836727a665e761c
C:/Users/ASUS GAMING/Documents/GitHub/Sberatele_Podtacku/images/thumbs/00213_back.webp,9466564d5bd91999,0024767e7e7e3e18
C:/Users/ASUS GAMING/Documents/GitHub/Sberatele_Podtacku/images/thumbs/00213_front.webp,906d4e906f9c6973,183e1edf475e3e00
C:/Users/ASUS GAMING/Documents/GitHub/Sberatele_Podtacku/images/thumbs/00214_back.webp,9511503b5f791b35,085e7fbdae3b020c
C:/Users/ASUS GAMING/Documents/GitHub/Sberatele_Podtacku/images/thumbs/00214_front.webp,d15a453f0e6c4f2c,104e3cbdbf9f4038
C:/Users/ASUS GAMING/Documents/GitHub/Sberatele_Podtacku/images/thumbs/00215_back.webp,8413126b5b7d2f71,085632fbcb7b521c
C:/Users/ASUS GAMING/Documents/GitHub/Sberatele_Podtacku/images/thumbs/00215_front.webp,d14e453f0e6c4f2c,104e3cbdbf9f4038
C:/Users/ASUS GAMING/Documents/GitHub/Sberatele_Podtacku/images/thumbs/00216_back.webp,9510522b5e6d3af9,087e7e17b703263c
C:/Users/ASUS GAMING/Documents/GitHub/Sberatele_Podtacku/images/thumbs/00216_front.webp,915a453f0e6c4f2d,104e3cbd3d9f423c
C:/Users/ASUS GAMING/Documents/GitHub/Sberatele_Podtacku/images/thumbs/00217_back.webp,9d19503b5b7c0e69,087e1a3f9f1f5604
C:/Users/ASUS GAMING/Documents/GitHub/Sberatele_Podtacku/images/thumbs/00217_front.webp,935a453f0e6c4f2c,104ebcbd3f8f403c
C:/Users/ASUS GAMING/Documents/GitHub/Sberatele_Podtacku/images/thumbs/00218_back.webp,846055c755cb55cf,003e3e3e3e3e3e06
C:/Users/ASUS GAMING/Documents/GitHub/Sberatele_Podtacku/images/thumbs/00218_front.webp,9d616636592d7193,003e7e1a3c3e3f1c
C:/Users/ASUS GAMING/Documents/GitHub/Sberatele_Podtacku/images/thumbs/00219_back.webp,94e5033f5ec4291f,187e7ef085467e18
C:/Users/ASUS GAMING/Documents/GitHub/Sberatele_Podtacku/images/thumbs/00219_front.webp,91c4564f6e3a3a9c,3c7e7ffbff000000
C:/Users/ASUS GAMING/Documents/GitHub/Sberatele_Podtacku/images/thumbs/00220_back.webp,9535c4ce1d1b515e,3e66460a106b7d7e
C:/Users/ASUS GAMING/Documents/GitHub/Sberatele_Podtacku/images/thumbs/00220_front.webp,95c165b359ac5653,067e7e3e5f3e0600
C:/Users/ASUS GAMING/Documents/GitHub/Sberatele_Podtacku/images/thumbs/00221_back.webp,813f5ea16bc03e87,000000ffff7f7e1c
C:/Users/ASUS GAMING/Documents/GitHub/Sberatele_Podtacku/images/thumbs/00221_front.webp,946943251e997cd7,18245efede427e18
C:/Users/ASUS GAMING/Documents/GitHub/Sberatele_Podtacku/images/thumbs/00222_back.webp,9563522c6b696b96,183e7f0a263f1e1c
C:/Users/ASUS GAMING/Documents/GitHub/Sberatele_Podtacku/images/thumbs/00222_front.webp,95485a27cb666f91,183c1e7e7e3e0e18
C:/Users/ASUS GAMING/Documents/GitHub/Sberatele_Podtacku/images/thumbs/00223_back.webp,91cc4e333b964ecc,003e7e474f6e3e18
C:/Users/ASUS GAMING/Documents/GitHub/Sberatele_Podtacku/images/thumbs/00223_front.webp,95685aa60a9f6f98,003c7e7e7e7e3c00
C:/Users/ASUS GAMING/Documents/GitHub/Sberatele_Podtacku/images/thumbs/00224_back.webp,84c9343f459559b7,007c7e7e3e061f26
C:/Users/ASUS GAMING/Documents/GitHub/Sberatele_Podtacku/images/thumbs/00224_front.webp,bf78c0975086d497,7e81010187bf3f3e
C:/Users/ASUS GAMING/Documents/GitHub/Sberatele_Podtacku/images/thumbs/00225_back.webp,95d15b1b6b6a1a8c,1c7e7e7e7e1c1800
C:/Users/ASUS GAMING/Documents/GitHub/Sberatele_Podtacku/images/thumbs/00225_front.webp,95c952316ec72f92,003e7e3e3f0e3e18
C:/Users/ASUS GAMING/Documents/GitHub/Sberatele_Podtacku/images/thumbs/00226_back.webp,95615aad2a953b9a,003c7e3e7e3e3e08
C:/Users/ASUS GAMING/Documents/GitHub/Sberatele_Podtacku/images/thumbs/00226_front.webp,91644e997ac73b1c,187666c7c34e7e18
C:/Users/ASUS GAMING/Documents/GitHub/Sberatele_Podtacku/images/thumbs/00227_back.webp,a6595d27d485d166,3e00667747674766
C:/Users/ASUS GAMING/Documents/GitHub/Sberatele_Podtacku/images/thumbs/00227_front.webp,dfa269d5d1c94494,ff87979e9e9c8000
C:/Users/ASUS GAMING/Documents/GitHub/Sberatele_Podtacku/images/thumbs/00228_back.webp,85d974354db45995,007e7f7f3f070700
C:/Users/ASUS GAMING/Documents/GitHub/Sberatele_Podtacku/images/thumbs/00228_front.webp,bf78d0975091d495,7e0101011f3f3f7e
C:/Users/ASUS GAMING/Documents/GitHub/Sberatele_Podtacku/images/thumbs/00229_back.webp,81f064c17d343f6d,427e070f7c7c7f00
C:/Users/ASUS GAMING/Documents/GitHub/Sberatele_Podtacku/images/thumbs/00229_front.webp,84f0c1857e7ad595,7c7e7e00013f7f10
C:/Users/ASUS GAMING/Documents/GitHub/Sberatele_Podtacku/images/thumbs/00230_back.webp,94635b336ac66999,003c7e7e3f7e3c00
C:/Users/ASUS GAMING/Documents/GitHub/Sberatele_Podtacku/images/thumbs/00230_front.webp,94c95b1f6afe2860,003c7e7f3f3e3c00
C:/Users/ASUS GAMING/Documents/GitHub/Sberatele_Podtacku/images/thumbs/00231_back.webp,85261eb17e186fc6,1c7e6681e3427e3c
C:/Users/ASUS GAMING/Documents/GitHub/Sberatele_Podtacku/images/thumbs/00231_front.webp,95d6476d1a974c68,187e7e7f3e3e0200
C:/Users/ASUS GAMING/Documents/GitHub/Sberatele_Podtacku/images/thumbs/00232_back.webp,8060571f7a97383f,183c7e7f007e3e18
C:/Users/ASUS GAMING/Documents/GitHub/Sberatele_Podtacku/images/thumbs/00232_front.webp,d1610e6f1f6c6e90,006e4aebef607e1c
C:/Users/ASUS GAMING/Documents/GitHub/Sberatele_Podtacku/images/thumbs/00233_back.webp,94631f3f7a3c2a30,003c7e7e7e3e1c18
C:/Users/ASUS GAMING/Documents/GitHub/Sberatele_Podtacku/images/thumbs/00233_front.webp,d51a40754f9e2f98,3c5a9ea0e6aa5e38
C:/Users/ASUS GAMING/Documents/GitHub/Sberatele_Podtacku/images/thumbs/00234_back.webp,c4680b9f5b9f28b2,00387c7e7e7e3c18
C:/Users/ASUS GAMING/Documents/GitHub/Sberatele_Podtacku/images/thumbs/00234_front.webp,c11c52a51e73cee5,1c5a7181e3fb623c
C:/Users/ASUS GAMING/Documents/GitHub/Sberatele_Podtacku/images/thumbs/00235_back.webp,c06017b77a7d6833,003c787c7e7e3e18
C:/Users/ASUS GAMING/Documents/GitHub/Sberatele_Podtacku/images/thumbs/00235_front.webp,c4d5113f5f644a33,3c7ef1f19181623c
C:/Users/ASUS GAMING/Documents/GitHub/Sberatele_Podtacku/images/thumbs/00236_back.webp,d4591b930e267b3c,187e42a7e7663e18
C:/Users/ASUS GAMING/Documents/GitHub/Sberatele_Podtacku/images/thumbs/00236_front.webp,91625e954b657b98,107c66e3ef463e18
C:/Users/ASUS GAMING/Documents/GitHub/Sberatele_Podtacku/images/thumbs/00237_back.webp,96e949866b962e59,183e3e2faf2e3e00
C:/Users/ASUS GAMING/Documents/GitHub/Sberatele_Podtacku/images/thumbs/00237_front.webp,95d25435cace2b78,187e063f7f063e18
C:/Users/ASUS GAMING/Documents/GitHub/Sberatele_Podtacku/images/thumbs/00238_back.webp,c059013f1f721ef6,185a74f1ffb44238
C:/Users/ASUS GAMING/Documents/GitHub/Sberatele_Podtacku/images/thumbs/00238_front.webp,90d9072e1eb66a7c,187e4adddd187618
C:/Users/ASUS GAMING/Documents/GitHub/Sberatele_Podtacku/images/thumbs/00239_back.webp,84681f0d7e1d78f8,003c7e7e7e7e3c00
C:/Users/ASUS GAMING/Documents/GitHub/Sberatele_Podtacku/images/thumbs/00239_front.webp,d84945963f6b9a34,187a98999dbc7e18
C:/Users/ASUS GAMING/Documents/GitHub/Sberatele_Podtacku/images/thumbs/00240_back.webp,94481b277e9d6b98,183c7ec3c7663e18
C:/Users/ASUS GAMING/Documents/GitHub/Sberatele_Podtacku/images/thumbs/00240_front.webp,d0480b277e9c2f9b,187c7ec2c6667e18
C:/Users/ASUS GAMING/Documents/GitHub/Sberatele_Podtacku/images/thumbs/00241_back.webp,952d023e5bd87b62,08025efffe1e3e08
C:/Users/ASUS GAMING/Documents/GitHub/Sberatele_Podtacku/images/thumbs/00241_front.webp,9da1061fda7179c2,08267affbf1e0618
C:/Users/ASUS GAMING/Documents/GitHub/Sberatele_Podtacku/images/thumbs/00242_back.webp,944a18a56b871f9f,00103cffff7e3e00
C:/Users/ASUS GAMING/Documents/GitHub/Sberatele_Podtacku/images/thumbs/00242_front.webp,845b176c5b930ece,1c423ce7e3c37e18
C:/Users/ASUS GAMING/Documents/GitHub/Sberatele_Podtacku/images/thumbs/00243_back.webp,d14904975f7e1e98,3c4298c9ff9d423c
C:/Users/ASUS GAMING/Documents/GitHub/Sberatele_Podtacku/images/thumbs/00243_front.webp,d4c30f1ecf362989,3c7e66e7ff000c18
C:/Users/ASUS GAMING/Documents/GitHub/Sberatele_Podtacku/images/thumbs/00244_back.webp,d18d409f0fda0f78,385a88ffffbc4200
C:/Users/ASUS GAMING/Documents/GitHub/Sberatele_Podtacku/images/thumbs/00244_front.webp,c4c21f1bcf366989,187e77f7ff000218
C:/Users/ASUS GAMING/Documents/GitHub/Sberatele_Podtacku/images/thumbs/00245_back.webp,c5481e977a766968,003c7e7e7e7e3c00
C:/Users/ASUS GAMING/Documents/GitHub/Sberatele_Podtacku/images/thumbs/00245_front.webp,854b1ae63f3968d4,003c7e7e7e7e3c00
C:/Users/ASUS GAMING/Documents/GitHub/Sberatele_Podtacku/images/thumbs/00246_back.webp,c5680e177e3d28bc,003c7c7e7e3e3c18
C:/Users/ASUS GAMING/Documents/GitHub/Sberatele_Podtacku/images/thumbs/00246_front.webp,971846963b8d7b49,10163eafbf3e3e00
C:/Users/ASUS GAMING/Documents/GitHub/Sberatele_Podtacku/images/thumbs/00247_back.webp,915846a77adc9939,003c7cbcfe7e3e00
C:/Users/ASUS GAMING/Documents/GitHub/Sberatele_Podtacku/images/thumbs/00247_front.webp,914946e77a9c9969,003c1a9fff7e3e00
C:/Users/ASUS GAMING/Documents/GitHub/Sberatele_Podtacku/images/thumbs/00248_back.webp,95d25b8f7a292a38,007e7effff660000
C:/Users/ASUS GAMING/Documents/GitHub/Sberatele_Podtacku/images/thumbs/00248_front.webp,858e58796f861b99,003c7e7efe423e18
C:/Users/ASUS GAMING/Documents/GitHub/Sberatele_Podtacku/images/thumbs/00249_back.webp,9061179b4e3d7ac6,18647e80ff7c3e18
C:/Users/ASUS GAMING/Documents/GitHub/Sberatele_Podtacku/images/thumbs/00249_front.webp,d1b1141f4fc6788d,1c4effe1ab087438
C:/Users/ASUS GAMING/Documents/GitHub/Sberatele_Podtacku/images/thumbs/00250_back.webp,c5681e357b16389e,003c7e7c7e7e3c10
C:/Users/ASUS GAMING/Documents/GitHub/Sberatele_Podtacku/images/thumbs/00250_front.webp,87ca55b55ac64a3c,1c5a3d3d7f3c021c
C:/Users/ASUS GAMING/Documents/GitHub/Sberatele_Podtacku/images/thumbs/00251_back.webp,c0691f1d7e3d2ae0,003c7c7c7e7e3c18
C:/Users/ASUS GAMING/Documents/GitHub/Sberatele_Podtacku/images/thumbs/00251_front.webp,8464517bdfc41e39,18421effbd1c523c
C:/Users/ASUS GAMING/Documents/GitHub/Sberatele_Podtacku/images/thumbs/00252_back.webp,94611baf5e952a9a,00207e7e7e7e3e18
C:/Users/ASUS GAMING/Documents/GitHub/Sberatele_Podtacku/images/thumbs/00252_front.webp,c06607a55f1f3a9c,105634a5ff4e7e18
C:/Users/ASUS GAMING/Documents/GitHub/Sberatele_Podtacku/images/thumbs/00253_back.webp,d5890a3f3ae47932,003c7effd67c3c00
C:/Users/ASUS GAMING/Documents/GitHub/Sberatele_Podtacku/images/thumbs/00253_front.webp,97607a8f293466d3,003c7e7e7e7e3c00
C:/Users/ASUS GAMING/Documents/GitHub/Sberatele_Podtacku/images/thumbs/00254_back.webp,95c04a3fcf903b78,187c7e7e7e0e1c08
C:/Users/ASUS GAMING/Documents/GitHub/Sberatele_Podtacku/images/thumbs/00254_front.webp,d96607267e261ea6,08187e5afe7e5a18
C:/Users/ASUS GAMING/Documents/GitHub/Sberatele_Podtacku/images/thumbs/00255_back.webp,959446ce7a799968,3c3e1f9f5f3f0000
C:/Users/ASUS GAMING/Documents/GitHub/Sberatele_Podtacku/images/thumbs/00255_front.webp,85bd58523bda6a07,181a36df7f761818
C:/Users/ASUS GAMING/Documents/GitHub/Sberatele_Podtacku/images/thumbs/00256_back.webp,8463131c4fdacb97,18427ed1d37e5e18
C:/Users/ASUS GAMING/Documents/GitHub/Sberatele_Podtacku/images/thumbs/00256_front.webp,d18e0f5bcab64b48,187e38fffe6e0800
C:/Users/ASUS GAMING/Documents/GitHub/Sberatele_Podtacku/images/thumbs/00257_back.webp,956e43b96eb16ac0,001e72bfdf0f1e18
C:/Users/ASUS GAMING/Documents/GitHub/Sberatele_Podtacku/images/thumbs/00257_front.webp,c1ce0e756fa13a1a,103c7cfefc7c3c00
C:/Users/ASUS GAMING/Documents/GitHub/Sberatele_Podtacku/images/thumbs/00258_back.webp,946a53b96a856d72,001c36bf9f9e7e10
C:/Users/ASUS GAMING/Documents/GitHub/Sberatele_Podtacku/images/thumbs/00258_front.webp,d4ce00355e997877,103c7cfcbe1a3e18
C:/Users/ASUS GAMING/Documents/GitHub/Sberatele_Podtacku/images/thumbs/00259_back.webp,c16117d75a9e1ad8,18624afbfe7e6600
C:/Users/ASUS GAMING/Documents/GitHub/Sberatele_Podtacku/images/thumbs/00259_front.webp,93416c9e33cc4e9d,185a3cfefebc5800
C:/Users/ASUS GAMING/Documents/GitHub/Sberatele_Podtacku/images/thumbs/00260_back.webp,c4261ad96bb23fb0,083c7e767e7e3c00
C:/Users/ASUS GAMING/Documents/GitHub/Sberatele_Podtacku/images/thumbs/00260_front.webp,d6a601db1bdc1e64,18667cbcbcbc5a18
C:/Users/ASUS GAMING/Documents/GitHub/Sberatele_Podtacku/images/thumbs/00261_back.webp,91c2466d3fb14e99,187c7eff9e180a18
C:/Users/ASUS GAMING/Documents/GitHub/Sberatele_Podtacku/images/thumbs/00261_front.webp,846253997bdaca66,181834ffff3c1c18
C:/Users/ASUS GAMING/Documents/GitHub/Sberatele_Podtacku/images/thumbs/00262_back.webp,d0c2076d3bb54e99,187c7ecfc9305e18
C:/Users/ASUS GAMING/Documents/GitHub/Sberatele_Podtacku/images/thumbs/00262_front.webp,d4e512993b8f8a2e,185a34ffff7c1800
C:/Users/ASUS GAMING/Documents/GitHub/Sberatele_Podtacku/images/thumbs/00263_back.webp,850c1e3f7af16916,183c7ee363663e18
C:/Users/ASUS GAMING/Documents/GitHub/Sberatele_Podtacku/images/thumbs/00263_front.webp,95401e2f78f1659e,003c66dfff663e00
C:/Users/ASUS GAMING/Documents/GitHub/Sberatele_Podtacku/images/thumbs/00264_back.webp,c0681f357e973a70,103c667e527e7e18
C:/Users/ASUS GAMING/Documents/GitHub/Sberatele_Podtacku/images/thumbs/00264_front.webp,94c3403e4f3c6bdc,187e7e3e9c461e18
C:/Users/ASUS GAMING/Documents/GitHub/Sberatele_Podtacku/images/thumbs/00265_back.webp,84e61b397e862a7a,187e66e7e7007e18
C:/Users/ASUS GAMING/Documents/GitHub/Sberatele_Podtacku/images/thumbs/00265_front.webp,954856b75a19c9b6,083e5e1f7f7e0e00
C:/Users/ASUS GAMING/Documents/GitHub/Sberatele_Podtacku/images/thumbs/00266_back.webp,c06a1b9d7e6628d9,003c7e667e7e3c18
C:/Users/ASUS GAMING/Documents/GitHub/Sberatele_Podtacku/images/thumbs/00266_front.webp,c035176b7ab239d4,183e7e7878787c18
C:/Users/ASUS GAMING/Documents/GitHub/Sberatele_Podtacku/images/thumbs/00267_back.webp,c0780f977e9a68d8,003c7e7e7e7e3c00
C:/Users/ASUS GAMING/Documents/GitHub/Sberatele_Podtacku/images/thumbs/00267_front.webp,943859d76e625e31,085e3c7e7e3e1e08
C:/Users/ASUS GAMING/Documents/GitHub/Sberatele_Podtacku/images/thumbs/00268_back.webp,c4600f2f7e9d68d4,003c7e7e7e7e3c00
C:/Users/ASUS GAMING/Documents/GitHub/Sberatele_Podtacku/images/thumbs/00268_front.webp,d5c6065f0ab83f61,18767ebdbc3c4e00
C:/Users/ASUS GAMING/Documents/GitHub/Sberatele_Podtacku/images/thumbs/00269_back.webp,84f1411f1e6f6b94,107e7e3e3e183e30
C:/Users/ASUS GAMING/Documents/GitHub/Sberatele_Podtacku/images/thumbs/00269_front.webp,914956b55b276666,181c7e5a1e7e3e18
C:/Users/ASUS GAMING/Documents/GitHub/Sberatele_Podtacku/images/thumbs/00270_back.webp,918e1e974a1f6f48,187e683e7e6e1e08
C:/Users/ASUS GAMING/Documents/GitHub/Sberatele_Podtacku/images/thumbs/00270_front.webp,84e41f1b3ab069db,083c7e767e7e3c00
C:/Users/ASUS GAMING/Documents/GitHub/Sberatele_Podtacku/images/thumbs/00271_back.webp,95c908776ab66e8c,18187efebe7e1c00
C:/Users/ASUS GAMING/Documents/GitHub/Sberatele_Podtacku/images/thumbs/00271_front.webp,c1d6136d4e9b3962,187e6efbc3027c18
C:/Users/ASUS GAMING/Documents/GitHub/Sberatele_Podtacku/images/thumbs/00272_back.webp,959844674b4b3bc7,387e1f99bf003e18
C:/Users/ASUS GAMING/Documents/GitHub/Sberatele_Podtacku/images/thumbs/00272_front.webp,946647cf3a9cca61,18767e86827e7e18
C:/Users/ASUS GAMING/Documents/GitHub/Sberatele_Podtacku/images/thumbs/00273_back.webp,936c009b7bc64bb9,000c3efeaf3e3e0c
C:/Users/ASUS GAMING/Documents/GitHub/Sberatele_Podtacku/images/thumbs/00273_front.webp,943243c93b9ecb63,18666e87837e7e18
C:/Users/ASUS GAMING/Documents/GitHub/Sberatele_Podtacku/images/thumbs/00274_back.webp,d54a48914f6d9e3c,38483ebefe7e4018
C:/Users/ASUS GAMING/Documents/GitHub/Sberatele_Podtacku/images/thumbs/00274_front.webp,97ea40914f6e9e1a,1c42bcbfbe7e0218
C:/Users/ASUS GAMING/Documents/GitHub/Sberatele_Podtacku/images/thumbs/00275_back.webp,d5600a966f5e3a9a,003c7e7e7e7e3c00
C:/Users/ASUS GAMING/Documents/GitHub/Sberatele_Podtacku/images/thumbs/00275_front.webp,90605f175a7a3d87,182e06ff7e1e3c18
C:/Users/ASUS GAMING/Documents/GitHub/Sberatele_Podtacku/images/thumbs/00276_back.webp,a178191d56a65f99,025b43677f676702
C:/Users/ASUS GAMING/Documents/GitHub/Sberatele_Podtacku/images/thumbs/00276_front.webp,a1f9199d56a64791,42db43677e676700
C:/Users/ASUS GAMING/Documents/GitHub/Sberatele_Podtacku/images/thumbs/00277_back.webp,f47c048719bd64cb,c2f0d0ccec763f30
C:/Users/ASUS GAMING/Documents/GitHub/Sberatele_Podtacku/images/thumbs/00277_front.webp,94f8159f519649c7,7ec2fbc8490b7720
C:/Users/ASUS GAMING/Documents/GitHub/Sberatele_Podtacku/images/thumbs/00278_back.webp,81c71f394a8769da,183e7e7e74423e18
C:/Users/ASUS GAMING/Documents/GitHub/Sberatele_Podtacku/images/thumbs/00278_front.webp,94351b987ad26c79,183c76763a7e3c18
C:/Users/ASUS GAMING/Documents/GitHub/Sberatele_Podtacku/images/thumbs/00279_back.webp,95e95a1f6a962a32,183c7e7e3e3e3c00
C:/Users/ASUS GAMING/Documents/GitHub/Sberatele_Podtacku/images/thumbs/00279_front.webp,8593526c6e65799c,187e6ec3d34a7618
C:/Users/ASUS GAMING/Documents/GitHub/Sberatele_Podtacku/images/thumbs/00280_back.webp,c5fdd403419d1567,7efedf0000067f70
C:/Users/ASUS GAMING/Documents/GitHub/Sberatele_Podtacku/images/thumbs/00280_front.webp,95f2c41f51ed5511,7effe70000027f3c
C:/Users/ASUS GAMING/Documents/GitHub/Sberatele_Podtacku/images/thumbs/00281_back.webp,c1f11f8b351ee0ca,0078ff06efff1c00
C:/Users/ASUS GAMING/Documents/GitHub/Sberatele_Podtacku/images/thumbs/00281_front.webp,c55fb0644b351e95,007f3c38387ee762
C:/Users/ASUS GAMING/Documents/GitHub/Sberatele_Podtacku/images/thumbs/00282_back.webp,95e841926d3f6c96,7c7e26027e7e3e00
C:/Users/ASUS GAMING/Documents/GitHub/Sberatele_Podtacku/images/thumbs/00282_front.webp,916fc0b459be1c35,6c62060e6e1e7e7c
C:/Users/ASUS GAMING/Documents/GitHub/Sberatele_Podtacku/images/thumbs/00283_back.webp,95f85e056a9f6838,103c7e7e3e3e3e00
C:/Users/ASUS GAMING/Documents/GitHub/Sberatele_Podtacku/images/thumbs/00283_front.webp,84e017165edf6a3a,103c7e7e7e3e3c00
C:/Users/ASUS GAMING/Documents/GitHub/Sberatele_Podtacku/images/thumbs/00284_back.webp,96c931365e934f4a,003c7cfebe3e3e00
C:/Users/ASUS GAMING/Documents/GitHub/Sberatele_Podtacku/images/thumbs/00284_front.webp,d49c0fa37b483e92,183c7edae6f77000
C:/Users/ASUS GAMING/Documents/GitHub/Sberatele_Podtacku/images/thumbs/00285_back.webp,95e00a8d9e1e6bcd,187e46fefe0e1e00
C:/Users/ASUS GAMING/Documents/GitHub/Sberatele_Podtacku/images/thumbs/00285_front.webp,d49c0fa37b483e92,183c7edae6777400
C:/Users/ASUS GAMING/Documents/GitHub/Sberatele_Podtacku/images/thumbs/00286_back.webp,857c40d757374a3c,7e7e0a823a7e4670
C:/Users/ASUS GAMING/Documents/GitHub/Sberatele_Podtacku/images/thumbs/00286_front.webp,95d34481763d689f,4e7e5e1e3e1e1e00
C:/Users/ASUS GAMING/Documents/GitHub/Sberatele_Podtacku/images/thumbs/00287_back.webp,8463179f7a16789c,187c7ec1c17e3e18
C:/Users/ASUS GAMING/Documents/GitHub/Sberatele_Podtacku/images/thumbs/00287_front.webp,91284e975f3c3e70,187e42e7e7666618
C:/Users/ASUS GAMING/Documents/GitHub/Sberatele_Podtacku/images/thumbs/00288_back.webp,84e3179d7a1e389c,187c7ec1c17e3e18
C:/Users/ASUS GAMING/Documents/GitHub/Sberatele_Podtacku/images/thumbs/00288_front.webp,c4791b965b396e30,187e40f7f7263618
C:/Users/ASUS GAMING/Documents/GitHub/Sberatele_Podtacku/images/thumbs/00289_back.webp,95e14b3d6e342e1a,083c7efe1e1e1e18
C:/Users/ASUS GAMING/Documents/GitHub/Sberatele_Podtacku/images/thumbs/00289_front.webp,95e64a386f197a46,003e7e7e3e3e1c18
C:/Users/ASUS GAMING/Documents/GitHub/Sberatele_Podtacku/images/thumbs/00290_back.webp,c1c25a1e1e9d2d5b,3c7c7f7f7c081c00
C:/Users/ASUS GAMING/Documents/GitHub/Sberatele_Podtacku/images/thumbs/00290_front.webp,95e01a964f69789e,083c7e7e7e3e3c00
C:/Users/ASUS GAMING/Documents/GitHub/Sberatele_Podtacku/images/thumbs/00291_back.webp,94831b4f4e3c6b95,187e6e97a6705e18
C:/Users/ASUS GAMING/Documents/GitHub/Sberatele_Podtacku/images/thumbs/00291_front.webp,c59a138f6b913a69,083e56fefa3c3e00
C:/Users/ASUS GAMING/Documents/GitHub/Sberatele_Podtacku/images/thumbs/00292_back.webp,9469053d5f364af2,187e7cbcbc3c1a18
C:/Users/ASUS GAMING/Documents/GitHub/Sberatele_Podtacku/images/thumbs/00292_front.webp,919907275eb66a78,187a4affd9127618
C:/Users/ASUS GAMING/Documents/GitHub/Sberatele_Podtacku/images/thumbs/00293_back.webp,d009053d5f725ef2,187abcb1fd8c5a18
C:/Users/ASUS GAMING/Documents/GitHub/Sberatele_Podtacku/images/thumbs/00293_front.webp,d0d907261eb67a6c,187a4affd9186638
C:/Users/ASUS GAMING/Documents/GitHub/Sberatele_Podtacku/images/thumbs/00294_back.webp,c469031f4fb62ed2,18487ebe7e3e1c18
C:/Users/ASUS GAMING/Documents/GitHub/Sberatele_Podtacku/images/thumbs/00294_front.webp,d16901974ece6ee4,184a6898ff3e7e18
C:/Users/ASUS GAMING/Documents/GitHub/Sberatele_Podtacku/images/thumbs/00295_back.webp,95c9440c5f3b3e66,187e66ff813e4618
C:/Users/ASUS GAMING/Documents/GitHub/Sberatele_Podtacku/images/thumbs/00295_front.webp,95f145195b661e36,187e06ff9d1a1e18
C:/Users/ASUS GAMING/Documents/GitHub/Sberatele_Podtacku/images/thumbs/00296_back.webp,94c811335f644e7f,187e7eb7813e4618
C:/Users/ASUS GAMING/Documents/GitHub/Sberatele_Podtacku/images/thumbs/00296_front.webp,95d145195b761f32,187e0eff9d185a18
C:/Users/ASUS GAMING/Documents/GitHub/Sberatele_Podtacku/images/thumbs/00297_back.webp,94d941334f8c6e73,187e66bf870e4e18
C:/Users/ASUS GAMING/Documents/GitHub/Sberatele_Podtacku/images/thumbs/00297_front.webp,d0c505495b371fb3,187e26fddd185a18
C:/Users/ASUS GAMING/Documents/GitHub/Sberatele_Podtacku/images/thumbs/00298_back.webp,95c901375f8d1e66,187e66bf813e4e18
C:/Users/ASUS GAMING/Documents/GitHub/Sberatele_Podtacku/images/thumbs/00298_front.webp,d0cd05595b761f32,187e36fddd185a08
C:/Users/ASUS GAMING/Documents/GitHub/Sberatele_Podtacku/images/thumbs/00299_back.webp,95c901374f9c1e76,187e3ebfa70c4a18
C:/Users/ASUS GAMING/Documents/GitHub/Sberatele_Podtacku/images/thumbs/00299_front.webp,90d5055b5b761e3a,187e3eff9d181a10
C:/Users/ASUS GAMING/Documents/GitHub/Sberatele_Podtacku/images/thumbs/00300_back.webp,d1c901175fdc2a76,187e66ffe53c4208
C:/Users/ASUS GAMING/Documents/GitHub/Sberatele_Podtacku/images/thumbs/00300_front.webp,90c5051b5b761f3e,187e3effdd184600
C:/Users/ASUS GAMING/Documents/GitHub/Sberatele_Podtacku/images/thumbs/00301_back.webp,84d61e395f3c6896,187e66fe7e003e18
C:/Users/ASUS GAMING/Documents/GitHub/Sberatele_Podtacku/images/thumbs/00301_front.webp,946a1ea56b993999,00047c7e7e7e7e18
C:/Users/ASUS GAMING/Documents/GitHub/Sberatele_Podtacku/images/thumbs/00302_back.webp,97e258186f9e2ba8,185c2e7e7e3e3c10
C:/Users/ASUS GAMING/Documents/GitHub/Sberatele_Podtacku/images/thumbs/00302_front.webp,84e05b876e1e9bc9,107c7e5e7e3e3c00
C:/Users/ASUS GAMING/Documents/GitHub/Sberatele_Podtacku/images/thumbs/00303_back.webp,85d66a3c6a6b38c3,007e7e7e7e1e3a00
C:/Users/ASUS GAMING/Documents/GitHub/Sberatele_Podtacku/images/thumbs/00303_front.webp,953350f444cdd5b5,6e862e30a67e7e30
C:/Users/ASUS GAMING/Documents/GitHub/Sberatele_Podtacku/images/thumbs/00304_back.webp,8466169d7b9d18d9,106666e7667e3e18
C:/Users/ASUS GAMING/Documents/GitHub/Sberatele_Podtacku/images/thumbs/00304_front.webp,d62201fd4f3c9ec2,18583cfebe3c5a18
C:/Users/ASUS GAMING/Documents/GitHub/Sberatele_Podtacku/images/thumbs/00305_back.webp,81c21e3d6f763a98,083c7e677b7e3c00
C:/Users/ASUS GAMING/Documents/GitHub/Sberatele_Podtacku/images/thumbs/00305_front.webp,d637051f5ed80e70,18667cbdbd3c5218
C:/Users/ASUS GAMING/Documents/GitHub/Sberatele_Podtacku/images/thumbs/00306_back.webp,9d9c666369326695,3e3e3e181826fea2
C:/Users/ASUS GAMING/Documents/GitHub/Sberatele_Podtacku/images/thumbs/00306_front.webp,c9c953663633c32d,787d7c47197f0304
C:/Users/ASUS GAMING/Documents/GitHub/Sberatele_Podtacku/images/thumbs/00307_back.webp,c5fa559740974497,007c7e7e3e3e3e00
C:/Users/ASUS GAMING/Documents/GitHub/Sberatele_Podtacku/images/thumbs/00307_front.webp,a4bdd06b518646dd,7e1ff3030000f77e
C:/Users/ASUS GAMING/Documents/GitHub/Sberatele_Podtacku/images/thumbs/00308_back.webp,84f96197519f50b5,007e7c7e7e1e3e00
C:/Users/ASUS GAMING/Documents/GitHub/Sberatele_Podtacku/images/thumbs/00308_front.webp,d4de613964b1519e,087c7e7e7c1e3e00
C:/Users/ASUS GAMING/Documents/GitHub/Sberatele_Podtacku/images/thumbs/00309_back.webp,95ea203c78c7c597,001f7e7e1e7e3e00
C:/Users/ASUS GAMING/Documents/GitHub/Sberatele_Podtacku/images/thumbs/00309_front.webp,c17334e8439d6cad,000c2c78f8f8bf7e
C:/Users/ASUS GAMING/Documents/GitHub/Sberatele_Podtacku/images/thumbs/00310_back.webp,fce3c11cd09b43a5,7ef1a1c18381937e
C:/Users/ASUS GAMING/Documents/GitHub/Sberatele_Podtacku/images/thumbs/00310_front.webp,c4dfd127559940e5,7cb0fb949080577e
C:/Users/ASUS GAMING/Documents/GitHub/Sberatele_Podtacku/images/thumbs/00311_back.webp,fce3c33cd09143a5,7ef1a1c18381937e
C:/Users/ASUS GAMING/Documents/GitHub/Sberatele_Podtacku/images/thumbs/00311_front.webp,e4dfd12655b140e5,7cb0d39383c3437a
C:/Users/ASUS GAMING/Documents/GitHub/Sberatele_Podtacku/images/thumbs/00312_back.webp,bce3c73cd09143a3,7ed1a1c183819b7e
C:/Users/ASUS GAMING/Documents/GitHub/Sberatele_Podtacku/images/thumbs/00312_front.webp,e1ee949351d845b5,7eb1c3818183577e
C:/Users/ASUS GAMING/Documents/GitHub/Sberatele_Podtacku/images/thumbs/00313_back.webp,defa609bc485c525,7c80bcbcbcbc007e
C:/Users/ASUS GAMING/Documents/GitHub/Sberatele_Podtacku/images/thumbs/00313_front.webp,df7a6096c187c525,7e80bcbcbc3c007e
C:/Users/ASUS GAMING/Documents/GitHub/Sberatele_Podtacku/images/thumbs/00314_back.webp,907a573746e54ce4,00007e7e7f5e7e18
C:/Users/ASUS GAMING/Documents/GitHub/Sberatele_Podtacku/images/thumbs/00314_front.webp,817f563f54b844f0,00007e7e7e7f7e10
C:/Users/ASUS GAMING/Documents/GitHub/Sberatele_Podtacku/images/thumbs/00315_back.webp,8466163f5b9b1a9c,00667663ff7e2618
C:/Users/ASUS GAMING/Documents/GitHub/Sberatele_Podtacku/images/thumbs/00315_front.webp,c0c6173d5b3c2e71,187e66ffc3426618
C:/Users/ASUS GAMING/Documents/GitHub/Sberatele_Podtacku/images/thumbs/00316_back.webp,85195bd26e362b99,18181aff7f3e2e10
C:/Users/ASUS GAMING/Documents/GitHub/Sberatele_Podtacku/images/thumbs/00316_front.webp,9cc951336e8e6cc6,087e7a3f3e1e3e00
C:/Users/ASUS GAMING/Documents/GitHub/Sberatele_Podtacku/images/thumbs/00317_back.webp,c0680f357fbe2899,003c7c7e7e7e3c10
C:/Users/ASUS GAMING/Documents/GitHub/Sberatele_Podtacku/images/thumbs/00317_front.webp,c482077f5b715ac6,18767eefbd804238
C:/Users/ASUS GAMING/Documents/GitHub/Sberatele_Podtacku/images/thumbs/00318_back.webp,900f57b51b767838,187e52c3c35e7e18
C:/Users/ASUS GAMING/Documents/GitHub/Sberatele_Podtacku/images/thumbs/00318_front.webp,90cf07395ae7685a,187e5ae79942663c
C:/Users/ASUS GAMING/Documents/GitHub/Sberatele_Podtacku/images/thumbs/00319_back.webp,85295ad16a2e6fc9,083e7e475b7e3c08
C:/Users/ASUS GAMING/Documents/GitHub/Sberatele_Podtacku/images/thumbs/00319_front.webp,85215ad76a2e2fc9,083e7e475b7e3c10
C:/Users/ASUS GAMING/Documents/GitHub/Sberatele_Podtacku/images/thumbs/00320_back.webp,959e42690fe33a96,187e7e279b626e04
C:/Users/ASUS GAMING/Documents/GitHub/Sberatele_Podtacku/images/thumbs/00320_front.webp,940e49dc6ff53a30,183e7e26863e7e18
C:/Users/ASUS GAMING/Documents/GitHub/Sberatele_Podtacku/images/thumbs/00321_back.webp,80701f3f7eb438f0,003c7e7e7e7e3c00
C:/Users/ASUS GAMING/Documents/GitHub/Sberatele_Podtacku/images/thumbs/00321_front.webp,d16502ce2f9e2f34,306ee6e3c3f47e00
C:/Users/ASUS GAMING/Documents/GitHub/Sberatele_Podtacku/images/thumbs/00322_back.webp,94601e3f7e343af0,003c7c7e7e3e3c18
C:/Users/ASUS GAMING/Documents/GitHub/Sberatele_Podtacku/images/thumbs/00322_front.webp,c06900ef1f6e6ee4,307cf288e1f67e18
C:/Users/ASUS GAMING/Documents/GitHub/Sberatele_Podtacku/images/thumbs/00323_back.webp,919b47656a9d3a92,087e7ccfc7463e10
C:/Users/ASUS GAMING/Documents/GitHub/Sberatele_Podtacku/images/thumbs/00323_front.webp,958b13317a8c6eda,087e3ef3c3663618
C:/Users/ASUS GAMING/Documents/GitHub/Sberatele_Podtacku/images/thumbs/00324_back.webp,c566069f1b316cce,006666c39f7e7e18
C:/Users/ASUS GAMING/Documents/GitHub/Sberatele_Podtacku/images/thumbs/00324_front.webp,914b4eb53e529b98,00707cfeff6e2e00
C:/Users/ASUS GAMING/Documents/GitHub/Sberatele_Podtacku/images/thumbs/00325_back.webp,85660e1e5b99786d,106662ef3e1e7e18
C:/Users/ASUS GAMING/Documents/GitHub/Sberatele_Podtacku/images/thumbs/00325_front.webp,909d1f62ca9d1d3c,187e7e7e7e7e0000
C:/Users/ASUS GAMING/Documents/GitHub/Sberatele_Podtacku/images/thumbs/00326_back.webp,95c81acf7a306dca,183c7e7e7e363c00
C:/Users/ASUS GAMING/Documents/GitHub/Sberatele_Podtacku/images/thumbs/00326_front.webp,95c91a8f3a306dce,083c7e7e7e3e3c00
C:/Users/ASUS GAMING/Documents/GitHub/Sberatele_Podtacku/images/thumbs/00327_back.webp,c4680f9d7e1e3a32,003c7e7e7e7e3c00
C:/Users/ASUS GAMING/Documents/GitHub/Sberatele_Podtacku/images/thumbs/00327_front.webp,9581521f1bd87bb2,183e7e7f3e1e1c00
C:/Users/ASUS GAMING/Documents/GitHub/Sberatele_Podtacku/images/thumbs/00328_back.webp,d1b63a10284f4f6f,0ccfbbfffe380000
C:/Users/ASUS GAMING/Documents/GitHub/Sberatele_Podtacku/images/thumbs/00328_front.webp,f12dc4cf5b929432,7ee3c70800fe7e60
C:/Users/ASUS GAMING/Documents/GitHub/Sberatele_Podtacku/images/thumbs/00329_back.webp,85d07b6fc4f0700f,003effff7f660000
C:/Users/ASUS GAMING/Documents/GitHub/Sberatele_Podtacku/images/thumbs/00329_front.webp,d5f17b0fc4f07006,a08effff7f0e0000
C:/Users/ASUS GAMING/Documents/GitHub/Sberatele_Podtacku/images/thumbs/00330_back.webp,d4f25209559d1d9d,64647e7e7e3e3400
C:/Users/ASUS GAMING/Documents/GitHub/Sberatele_Podtacku/images/thumbs/00330_front.webp,c57e5a8d61665698,307e6642627e7e70
C:/Users/ASUS GAMING/Documents/GitHub/Sberatele_Podtacku/images/thumbs/00331_back.webp,c0f2562a559d1d9d,6464fe7e7e3e3000
C:/Users/ASUS GAMING/Documents/GitHub/Sberatele_Podtacku/images/thumbs/00331_front.webp,c5b25ccd65275499,707ee642627e7e10
C:/Users/ASUS GAMING/Documents/GitHub/Sberatele_Podtacku/images/thumbs/00332_back.webp,d5f2559d509d41b1,60e67e7e7e7e0200
C:/Users/ASUS GAMING/Documents/GitHub/Sberatele_Podtacku/images/thumbs/00332_front.webp,9dd26466599978a5,7e7e1e1c1c10ff02
C:/Users/ASUS GAMING/Documents/GitHub/Sberatele_Podtacku/images/thumbs/00333_back.webp,b17885c36f2c70b3,00eec781e5ff7e00
C:/Users/ASUS GAMING/Documents/GitHub/Sberatele_Podtacku/images/thumbs/00333_front.webp,b97ad72145967990,00ff81838383bf7e
C:/Users/ASUS GAMING/Documents/GitHub/Sberatele_Podtacku/images/thumbs/00334_back.webp,94ab439d15c74f91,1c4b437e5e527e60
C:/Users/ASUS GAMING/Documents/GitHub/Sberatele_Podtacku/images/thumbs/00334_front.webp,d1a00f1e39c7743d,007e7e6e467e7e00
C:/Users/ASUS GAMING/Documents/GitHub/Sberatele_Podtacku/images/thumbs/00335_back.webp,80c3173e1e3f6965,007f767e46027e6c
C:/Users/ASUS GAMING/Documents/GitHub/Sberatele_Podtacku/images/thumbs/00335_front.webp,d0a60f1f39c7303d,007e7e6e527e7e00
C:/Users/ASUS GAMING/Documents/GitHub/Sberatele_Podtacku/images/thumbs/00336_back.webp,850d57fd6ad078b0,003c7e3e3d7e7e00
C:/Users/ASUS GAMING/Documents/GitHub/Sberatele_Podtacku/images/thumbs/00336_front.webp,95bd52964e727a18,084a3effff3e4200
C:/Users/ASUS GAMING/Documents/GitHub/Sberatele_Podtacku/images/thumbs/00337_back.webp,851352cc5bb07f78,180e3eafbf7a5600
C:/Users/ASUS GAMING/Documents/GitHub/Sberatele_Podtacku/images/thumbs/00337_front.webp,958552de4a797968,182e1ebfbf3e4600
C:/Users/ASUS GAMING/Documents/GitHub/Sberatele_Podtacku/images/thumbs/00338_back.webp,951d42fd2ad26f60,083e1e3ebe7e7c00
C:/Users/ASUS GAMING/Documents/GitHub/Sberatele_Podtacku/images/thumbs/00338_front.webp,95a45adb6eb0da48,183e7e7f3e3e0600
C:/Users/ASUS GAMING/Documents/GitHub/Sberatele_Podtacku/images/thumbs/00339_back.webp,958f567c1af16a0c,083e3ebf9f7e4200
C:/Users/ASUS GAMING/Documents/GitHub/Sberatele_Podtacku/images/thumbs/00339_front.webp,c41e56e11b5e68f1,18767a99db527618
C:/Users/ASUS GAMING/Documents/GitHub/Sberatele_Podtacku/images/thumbs/00340_back.webp,9493407f4ff02f92,183e1effbf184610
C:/Users/ASUS GAMING/Documents/GitHub/Sberatele_Podtacku/images/thumbs/00340_front.webp,843d513b4eb4793a,183c7e341c7e7e18
C:/Users/ASUS GAMING/Documents/GitHub/Sberatele_Podtacku/images/thumbs/00341_back.webp,952c5fbd7ab028d0,003c3e7e7e7e3c08
C:/Users/ASUS GAMING/Documents/GitHub/Sberatele_Podtacku/images/thumbs/00341_front.webp,944c57254b3e7b94,10787effff0e0600
C:/Users/ASUS GAMING/Documents/GitHub/Sberatele_Podtacku/images/thumbs/00342_back.webp,948c4bbb1e647b31,183e46ffef0e4e00
C:/Users/ASUS GAMING/Documents/GitHub/Sberatele_Podtacku/images/thumbs/00342_front.webp,958d42f64b783f90,183e1e9fff4e4600
C:/Users/ASUS GAMING/Documents/GitHub/Sberatele_Podtacku/images/thumbs/00343_back.webp,959d547f4ad06b60,187e3f87870e6e18
C:/Users/ASUS GAMING/Documents/GitHub/Sberatele_Podtacku/images/thumbs/00343_front.webp,d19942360f763ed8,187e5a9b9b5a6618
C:/Users/ASUS GAMING/Documents/GitHub/Sberatele_Podtacku/images/thumbs/00344_back.webp,952e5abd6bb029d0,001c3e7e7e7e3c18
C:/Users/ASUS GAMING/Documents/GitHub/Sberatele_Podtacku/images/thumbs/00344_front.webp,91275f9e4e683bc0,106262e7ff467e18
C:/Users/ASUS GAMING/Documents/GitHub/Sberatele_Podtacku/images/thumbs/00345_back.webp,d12e16491e946bed,007e7e7e78787e00
C:/Users/ASUS GAMING/Documents/GitHub/Sberatele_Podtacku/images/thumbs/00345_front.webp,d56a429d1f604a9f,007ef8c21f7efe00
C:/Users/ASUS GAMING/Documents/GitHub/Sberatele_Podtacku/images/thumbs/00346_back.webp,941663674ee768b4,203c5e3e7e6a7e08
C:/Users/ASUS GAMING/Documents/GitHub/Sberatele_Podtacku/images/thumbs/00346_front.webp,9416436347b67eb4,243e5e3e5a0c7e38
C:/Users/ASUS GAMING/Documents/GitHub/Sberatele_Podtacku/images/thumbs/00347_back.webp,d59d42590f924e7a,18427eff997e4230
C:/Users/ASUS GAMING/Documents/GitHub/Sberatele_Podtacku/images/thumbs/00347_front.webp,853213cd4f787ab2,186e64f93b327e18
C:/Users/ASUS GAMING/Documents/GitHub/Sberatele_Podtacku/images/thumbs/00348_back.webp,85385efd6a9629c2,00007e7f7f7e7e00
C:/Users/ASUS GAMING/Documents/GitHub/Sberatele_Podtacku/images/thumbs/00348_front.webp,84965b796ada2dc2,083e667f7f427e00
C:/Users/ASUS GAMING/Documents/GitHub/Sberatele_Podtacku/images/thumbs/00349_back.webp,85395e1d6ac03dd6,00007e7f7f7e7e00
C:/Users/ASUS GAMING/Documents/GitHub/Sberatele_Podtacku/images/thumbs/00349_front.webp,84965f796a9869e2,003e667f7f5a3e00
C:/Users/ASUS GAMING/Documents/GitHub/Sberatele_Podtacku/images/thumbs/00350_back.webp,95295efd3af83900,003c7e7e7e7e3c00
C:/Users/ASUS GAMING/Documents/GitHub/Sberatele_Podtacku/images/thumbs/00350_front.webp,8469533d6ed0393e,003c7e7f107e7e18
C:/Users/ASUS GAMING/Documents/GitHub/Sberatele_Podtacku/images/thumbs/00351_back.webp,913f439c0afc3e31,18661ebdbd7e4218
C:/Users/ASUS GAMING/Documents/GitHub/Sberatele_Podtacku/images/thumbs/00351_front.webp,951a5a6d6ad92ccc,003e7e6f667e7c00
C:/Users/ASUS GAMING/Documents/GitHub/Sberatele_Podtacku/images/thumbs/00352_back.webp,91314f6c1ec46e3b,083c7e7e4e7e3c08
C:/Users/ASUS GAMING/Documents/GitHub/Sberatele_Podtacku/images/thumbs/00352_front.webp,c09c1fe37a1c2fd0,187e7e40627e7e18
C:/Users/ASUS GAMING/Documents/GitHub/Sberatele_Podtacku/images/thumbs/00353_back.webp,9535539f5ad86960,187642cbd35e7e18
C:/Users/ASUS GAMING/Documents/GitHub/Sberatele_Podtacku/images/thumbs/00353_front.webp,8125579e5ad96965,187642cbc37e7e18
C:/Users/ASUS GAMING/Documents/GitHub/Sberatele_Podtacku/images/thumbs/00354_back.webp,902e57fd5a723990,00267e1f7f7e6e00
C:/Users/ASUS GAMING/Documents/GitHub/Sberatele_Podtacku/images/thumbs/00354_front.webp,94265b9f7ac86a13,187e7e52107e7e18
C:/Users/ASUS GAMING/Documents/GitHub/Sberatele_Podtacku/images/thumbs/00355_back.webp,95685eb57ad42a92,001c3e7e7e7e3e08
C:/Users/ASUS GAMING/Documents/GitHub/Sberatele_Podtacku/images/thumbs/00355_front.webp,950d537f1f604a93,185a7e7e1e3e4618
C:/Users/ASUS GAMING/Documents/GitHub/Sberatele_Podtacku/images/thumbs/00356_back.webp,942e56f57ad4388a,00267e3f7f7e6600
C:/Users/ASUS GAMING/Documents/GitHub/Sberatele_Podtacku/images/thumbs/00356_front.webp,940f1b7f5a9469c8,00227effff746600
C:/Users/ASUS GAMING/Documents/GitHub/Sberatele_Podtacku/images/thumbs/00357_back.webp,95394abd1a7c6d90,002c5e7e7e7e7e00
C:/Users/ASUS GAMING/Documents/GitHub/Sberatele_Podtacku/images/thumbs/00357_front.webp,852f52fc6bd22c68,003e7e7f117e7e00
C:/Users/ASUS GAMING/Documents/GitHub/Sberatele_Podtacku/images/thumbs/00358_back.webp,910c57774e7268ec,183e7e2e437e6618
C:/Users/ASUS GAMING/Documents/GitHub/Sberatele_Podtacku/images/thumbs/00358_front.webp,9487435d7a328b9d,187e7f479f3e0600
C:/Users/ASUS GAMING/Documents/GitHub/Sberatele_Podtacku/images/thumbs/00359_back.webp,95295e756af06ad0,001c3e7e7e7e3c18
C:/Users/ASUS GAMING/Documents/GitHub/Sberatele_Podtacku/images/thumbs/00359_front.webp,c5891a377b4a2f98,187e76e3c2667c18
C:/Users/ASUS GAMING/Documents/GitHub/Sberatele_Podtacku/images/thumbs/00360_back.webp,85295ffd7ad07880,003c7e7e7e7e3c00
C:/Users/ASUS GAMING/Documents/GitHub/Sberatele_Podtacku/images/thumbs/00360_front.webp,c58e46363a3979c3,18767e99bf426618
C:/Users/ASUS GAMING/Documents/GitHub/Sberatele_Podtacku/images/thumbs/00361_back.webp,958642dd0b787bd8,187e3e1f3e1e3e00
C:/Users/ASUS GAMING/Documents/GitHub/Sberatele_Podtacku/images/thumbs/00361_front.webp,950f475c4b706f98,083e4e4f0f5e7e18
C:/Users/ASUS GAMING/Documents/GitHub/Sberatele_Podtacku/images/thumbs/00362_back.webp,950642dd4b787f91,187e1e1f3f1e3e00
C:/Users/ASUS GAMING/Documents/GitHub/Sberatele_Podtacku/images/thumbs/00362_front.webp,9107479f1a707f98,183e4e4fcf5e3e00
C:/Users/ASUS GAMING/Documents/GitHub/Sberatele_Podtacku/images/thumbs/00363_back.webp,909f17784b587a36,187e7efef3460600
C:/Users/ASUS GAMING/Documents/GitHub/Sberatele_Podtacku/images/thumbs/00363_front.webp,c08e1fb54f686b98,187e7cf8ff6e4000
C:/Users/ASUS GAMING/Documents/GitHub/Sberatele_Podtacku/images/thumbs/00364_back.webp,906a55f145b5459f,003c3e7e7e7e3e00
C:/Users/ASUS GAMING/Documents/GitHub/Sberatele_Podtacku/images/thumbs/00364_front.webp,852a556544d747f5,665f25a503a76e26
C:/Users/ASUS GAMING/Documents/GitHub/Sberatele_Podtacku/images/thumbs/00365_back.webp,c0b5155b41df155b,007f7e7c787c7c00
C:/Users/ASUS GAMING/Documents/GitHub/Sberatele_Podtacku/images/thumbs/00365_front.webp,952a5565449743fd,664fa5a58123ee66
C:/Users/ASUS GAMING/Documents/GitHub/Sberatele_Podtacku/images/thumbs/00366_back.webp,d1bf04d745d055f0,1e8fdbf8f8f8c000
C:/Users/ASUS GAMING/Documents/GitHub/Sberatele_Podtacku/images/thumbs/00366_front.webp,95ad43b544d36559,7e3f0fff0e060e00
C:/Users/ASUS GAMING/Documents/GitHub/Sberatele_Podtacku/images/thumbs/00367_back.webp,95b44ab4cbd06f62,7e7e007e7e7e1800
C:/Users/ASUS GAMING/Documents/GitHub/Sberatele_Podtacku/images/thumbs/00367_front.webp,95b5737d4ec16888,24767e7e3f423e00
C:/Users/ASUS GAMING/Documents/GitHub/Sberatele_Podtacku/images/thumbs/00368_back.webp,952a5435543d553f,000e3e7e7e7e7e00
C:/Users/ASUS GAMING/Documents/GitHub/Sberatele_Podtacku/images/thumbs/00368_front.webp,97cb71b5401b4576,027f3dbf763e8400
C:/Users/ASUS GAMING/Documents/GitHub/Sberatele_Podtacku/images/thumbs/00369_back.webp,c5af573d10554a74,3e7f7b5e16226a00
C:/Users/ASUS GAMING/Documents/GitHub/Sberatele_Podtacku/images/thumbs/00369_front.webp,cdb5328d419e44fa,02efc6f879783f00
C:/Users/ASUS GAMING/Documents/GitHub/Sberatele_Podtacku/images/thumbs/00370_back.webp,c5af523d12556a74,3e7f735e16626a00
C:/Users/ASUS GAMING/Documents/GitHub/Sberatele_Podtacku/images/thumbs/00370_front.webp,859821e751ef529d,1e7f3f3e3e202602
C:/Users/ASUS GAMING/Documents/GitHub/Sberatele_Podtacku/images/thumbs/00371_back.webp,b5a2553d45935175,3e67476743437e40
C:/Users/ASUS GAMING/Documents/GitHub/Sberatele_Podtacku/images/thumbs/00371_front.webp,85a2718f49bd247b,7ee7c37f303f0800
C:/Users/ASUS GAMING/Documents/GitHub/Sberatele_Podtacku/images/thumbs/00372_back.webp,807f559555955595,001e3e3e7e7e7e00
C:/Users/ASUS GAMING/Documents/GitHub/Sberatele_Podtacku/images/thumbs/00372_front.webp,c533400f52ef7475,003e663e3c3c7c7c
C:/Users/ASUS GAMING/Documents/GitHub/Sberatele_Podtacku/images/thumbs/00373_back.webp,95ab44c5517f51cc,06cf8783fefe9200
C:/Users/ASUS GAMING/Documents/GitHub/Sberatele_Podtacku/images/thumbs/00373_front.webp,958b71a6c49959b5,46839bffff988200
C:/Users/ASUS GAMING/Documents/GitHub/Sberatele_Podtacku/images/thumbs/00374_back.webp,b5aa46f551d744a4,0e8787efffc38200
C:/Users/ASUS GAMING/Documents/GitHub/Sberatele_Podtacku/images/thumbs/00374_front.webp,b5ab6cf451c74494,428f8ffffec60200
C:/Users/ASUS GAMING/Documents/GitHub/Sberatele_Podtacku/images/thumbs/00375_back.webp,d43454d55ad64ada,40433f1f7f7e3c00
C:/Users/ASUS GAMING/Documents/GitHub/Sberatele_Podtacku/images/thumbs/00375_front.webp,d1c0878f3737052f,3efefee2023e3800
C:/Users/ASUS GAMING/Documents/GitHub/Sberatele_Podtacku/images/thumbs/00376_back.webp,d4b650575ad24ada,40673f7f067e7c00
C:/Users/ASUS GAMING/Documents/GitHub/Sberatele_Podtacku/images/thumbs/00376_front.webp,c1c2870f3737252f,3ffcfee2023e1a00
C:/Users/ASUS GAMING/Documents/GitHub/Sberatele_Podtacku/images/thumbs/00377_back.webp,d4b452d5665a5e4a,406f5f7f427e7800
C:/Users/ASUS GAMING/Documents/GitHub/Sberatele_Podtacku/images/thumbs/00377_front.webp,c1c2070f37370f2f,3ffefee2003e1c00
C:/Users/ASUS GAMING/Documents/GitHub/Sberatele_Podtacku/images/thumbs/00378_back.webp,917a55d551955595,001e3e3e7e7e7e00
C:/Users/ASUS GAMING/Documents/GitHub/Sberatele_Podtacku/images/thumbs/00378_front.webp,9daa41d8e4e7c171,7a1909ffdf7f0000
C:/Users/ASUS GAMING/Documents/GitHub/Sberatele_Podtacku/images/thumbs/00379_back.webp,b56ac01e66e74569,7e5f43c28286ce6c
C:/Users/ASUS GAMING/Documents/GitHub/Sberatele_Podtacku/images/thumbs/00379_front.webp,802655df45e565c7,007f67473e3e7e00
C:/Users/ASUS GAMING/Documents/GitHub/Sberatele_Podtacku/images/thumbs/00380_back.webp,846d139991773ed2,067070707e1e6e7e
C:/Users/ASUS GAMING/Documents/GitHub/Sberatele_Podtacku/images/thumbs/00380_front.webp,91e3c1884eb77b8c,7e6646061e467e72
C:/Users/ASUS GAMING/Documents/GitHub/Sberatele_Podtacku/images/thumbs/00381_back.webp,95e62b925e395629,003e7e7e7e7e0e00
C:/Users/ASUS GAMING/Documents/GitHub/Sberatele_Podtacku/images/thumbs/00381_front.webp,952cca536ed06e36,3c7e664206667e1e
C:/Users/ASUS GAMING/Documents/GitHub/Sberatele_Podtacku/images/thumbs/00382_back.webp,95e13e864a3ec23e,003e7e7e7e7e0610
C:/Users/ASUS GAMING/Documents/GitHub/Sberatele_Podtacku/images/thumbs/00382_front.webp,94ad4f673b181297,007e7e12267e7e1c
C:/Users/ASUS GAMING/Documents/GitHub/Sberatele_Podtacku/images/thumbs/00383_back.webp,952d52185ade4e37,0c66627e027e7e3c
C:/Users/ASUS GAMING/Documents/GitHub/Sberatele_Podtacku/images/thumbs/00383_front.webp,95a593c3ce3d4631,3e6e061e7e700e1e
C:/Users/ASUS GAMING/Documents/GitHub/Sberatele_Podtacku/images/thumbs/00384_back.webp,802a7b947ac57bc5,001e3e7e3e7e7e00
C:/Users/ASUS GAMING/Documents/GitHub/Sberatele_Podtacku/images/thumbs/00384_front.webp,a49a15757bab442d,00fffff101f33300
C:/Users/ASUS GAMING/Documents/GitHub/Sberatele_Podtacku/images/thumbs/00385_back.webp,953e44d5515b41cf,3e07001e7e7e7c62
C:/Users/ASUS GAMING/Documents/GitHub/Sberatele_Podtacku/images/thumbs/00385_front.webp,b426c3b11ccf719c,6667c383c6c67e30
C:/Users/ASUS GAMING/Documents/GitHub/Sberatele_Podtacku/images/thumbs/00386_back.webp,953e45c551cf40cf,3e07003e7e7f3e02
C:/Users/ASUS GAMING/Documents/GitHub/Sberatele_Podtacku/images/thumbs/00386_front.webp,e5251ac5459b71cd,4263c3c3e2667e4e
C:/Users/ASUS GAMING/Documents/GitHub/Sberatele_Podtacku/images/thumbs/00387_back.webp,94b44ab4cbd06f72,3e7e047e7e3e1c00
C:/Users/ASUS GAMING/Documents/GitHub/Sberatele_Podtacku/images/thumbs/00387_front.webp,91ac5af06e942fa3,3c7c6e7e7e3c2400
C:/Users/ASUS GAMING/Documents/GitHub/Sberatele_Podtacku/images/thumbs/00388_back.webp,952d5ef47a6e28c0,003c7e037f7e3e18
C:/Users/ASUS GAMING/Documents/GitHub/Sberatele_Podtacku/images/thumbs/00388_front.webp,909d4e763f783c84,183c7e6f67647c08
C:/Users/ASUS GAMING/Documents/GitHub/Sberatele_Podtacku/images/thumbs/00389_back.webp,953966c42be2d52d,0000ffffffff0000
C:/Users/ASUS GAMING/Documents/GitHub/Sberatele_Podtacku/images/thumbs/00389_front.webp,844a7bb7fcc88067,0000ffffffff0000
C:/Users/ASUS GAMING/Documents/GitHub/Sberatele_Podtacku/images/thumbs/00390_back.webp,943d41dd0bf22f61,186646bfe7666618
C:/Users/ASUS GAMING/Documents/GitHub/Sberatele_Podtacku/images/thumbs/00390_front.webp,912855dd4b722f39,186646ffe7666608
C:/Users/ASUS GAMING/Documents/GitHub/Sberatele_Podtacku/images/thumbs/00391_back.webp,858e5a7d4f3839e0,08367e7f7f5e0600
C:/Users/ASUS GAMING/Documents/GitHub/Sberatele_Podtacku/images/thumbs/00391_front.webp,95855e7f1a7868e0,18267e7f7f7e0200
C:/Users/ASUS GAMING/Documents/GitHub/Sberatele_Podtacku/images/thumbs/00392_back.webp,950f407d0bf26f70,185a03ffff864238
C:/Users/ASUS GAMING/Documents/GitHub/Sberatele_Podtacku/images/thumbs/00392_front.webp,90915e1e6f626dc9,187e66e7ff042c18
C:/Users/ASUS GAMING/Documents/GitHub/Sberatele_Podtacku/images/thumbs/00393_back.webp,94275bd96bc80f70,181a3c7e7e3e5a18
C:/Users/ASUS GAMING/Documents/GitHub/Sberatele_Podtacku/images/thumbs/00393_front.webp,94275bd92fca0e70,185a3c7e7e3c5a18
C:/Users/ASUS GAMING/Documents/GitHub/Sberatele_Podtacku/images/thumbs/00394_back.webp,95295ab57ad039d8,003c7e7e7e7e3c00
C:/Users/ASUS GAMING/Documents/GitHub/Sberatele_Podtacku/images/thumbs/00394_front.webp,848e53b16a6c6ecb,183e3e1f7f7e0600
C:/Users/ASUS GAMING/Documents/GitHub/Sberatele_Podtacku/images/thumbs/00395_back.webp,953a45c7445f1597,300f0f0f3e7a7e06
C:/Users/ASUS GAMING/Documents/GitHub/Sberatele_Podtacku/images/thumbs/00395_front.webp,95aa706545c754dd,1e1f1f7e3e063e00
C:/Users/ASUS GAMING/Documents/GitHub/Sberatele_Podtacku/images/thumbs/00396_back.webp,9486333b4de94f38,00777f7e7e664600
C:/Users/ASUS GAMING/Documents/GitHub/Sberatele_Podtacku/images/thumbs/00396_front.webp,9daac4e5c2ed44d1,7e9999818199997e
C:/Users/ASUS GAMING/Documents/GitHub/Sberatele_Podtacku/images/thumbs/00397_back.webp,953b15db54ec40e5,0e0f63507e7e3e06
C:/Users/ASUS GAMING/Documents/GitHub/Sberatele_Podtacku/images/thumbs/00397_front.webp,91e06c973e3d426d,00fffe0e7e6e0e00
C:/Users/ASUS GAMING/Documents/GitHub/Sberatele_Podtacku/images/thumbs/00398_back.webp,853712cb54fe41cd,060f63037b7f1f06
C:/Users/ASUS GAMING/Documents/GitHub/Sberatele_Podtacku/images/thumbs/00398_front.webp,c4e3685f1f1d1ce0,00e7ff7e7e3e1000
C:/Users/ASUS GAMING/Documents/GitHub/Sberatele_Podtacku/images/thumbs/00399_back.webp,852a7fc074857bd1,0008007effffff20
C:/Users/ASUS GAMING/Documents/GitHub/Sberatele_Podtacku/images/thumbs/00399_front.webp,95a254d944d75177,067f3f3f1a3c1e00
C:/Users/ASUS GAMING/Documents/GitHub/Sberatele_Podtacku/images/thumbs/00400_back.webp,c1b6455f146d14ed,007e7e7e7e7c3800
C:/Users/ASUS GAMING/Documents/GitHub/Sberatele_Podtacku/images/thumbs/00400_front.webp,bfa944a6c179c127,7e838999bd81817e
C:/Users/ASUS GAMING/Documents/GitHub/Sberatele_Podtacku/images/thumbs/00401_back.webp,956a40d745d545d7,00017e7e7e7e7e02
C:/Users/ASUS GAMING/Documents/GitHub/Sberatele_Podtacku/images/thumbs/00401_front.webp,bd28c5a1d52f5499,7f818181bf81997e
C:/Users/ASUS GAMING/Documents/GitHub/Sberatele_Podtacku/images/thumbs/00402_back.webp,dbdb2445db24c0d9,f8fcfcfcfc700000
C:/Users/ASUS GAMING/Documents/GitHub/Sberatele_Podtacku/images/thumbs/00402_front.webp,bc2ac1b5c13f4595,7e818981bf81997e
C:/Users/ASUS GAMING/Documents/GitHub/Sberatele_Podtacku/images/thumbs/00403_back.webp,902f50d545d755da,1e001f7f7e7e3c00
C:/Users/ASUS GAMING/Documents/GitHub/Sberatele_Podtacku/images/thumbs/00403_front.webp,bc2ac5b5c53e409d,7f818181bf81997e
C:/Users/ASUS GAMING/Documents/GitHub/Sberatele_Podtacku/images/thumbs/00404_back.webp,91b2656f1d9c5073,006f5e7e3e3e3e00
C:/Users/ASUS GAMING/Documents/GitHub/Sberatele_Podtacku/images/thumbs/00404_front.webp,9067539c47713c3d,006fc0fedede5e00
C:/Users/ASUS GAMING/Documents/GitHub/Sberatele_Podtacku/images/thumbs/00405_back.webp,95285ebd7af02ad0,003c3e7e7e7e3c08
C:/Users/ASUS GAMING/Documents/GitHub/Sberatele_Podtacku/images/thumbs/00405_front.webp,94195bfe6ad06998,003c7e7e7e7e3c00
C:/Users/ASUS GAMING/Documents/GitHub/Sberatele_Podtacku/images/thumbs/00406_back.webp,952c7ab768dc27c0,003c7e7e7e7e3c00
C:/Users/ASUS GAMING/Documents/GitHub/Sberatele_Podtacku/images/thumbs/00406_front.webp,95275a762b646999,003c7e7e7e7e3c00
C:/Users/ASUS GAMING/Documents/GitHub/Sberatele_Podtacku/images/thumbs/00407_back.webp,952c5ab76ad86f80,003c7e7e7e7e3c00
C:/Users/ASUS GAMING/Documents/GitHub/Sberatele_Podtacku/images/thumbs/00407_front.webp,95235a362bf469d8,003c7e7e7e7e3c00
C:/Users/ASUS GAMING/Documents/GitHub/Sberatele_Podtacku/images/thumbs/00408_back.webp,d5a902554f9a3e6a,185a1efefe1e5810
C:/Users/ASUS GAMING/Documents/GitHub/Sberatele_Podtacku/images/thumbs/00408_front.webp,958940770bda6fd8,185e1abfbf065e10
C:/Users/ASUS GAMING/Documents/GitHub/Sberatele_Podtacku/images/thumbs/00409_back.webp,9481531f5a2b3fd8,187e7e7f3c141c18
C:/Users/ASUS GAMING/Documents/GitHub/Sberatele_Podtacku/images/thumbs/00409_front.webp,84b35e4b2a9c6b9c,083c7e7e7e7c1818
C:/Users/ASUS GAMING/Documents/GitHub/Sberatele_Podtacku/images/thumbs/00410_back.webp,956c5eb57af02ac0,003c3e7e7e7e3c08
C:/Users/ASUS GAMING/Documents/GitHub/Sberatele_Podtacku/images/thumbs/00410_front.webp,9427536c2eb17b49,187e66e7c3427e18
C:/Users/ASUS GAMING/Documents/GitHub/Sberatele_Podtacku/images/thumbs/00411_back.webp,952c527f0ef839a4,003e7e3f3f1c6e08
C:/Users/ASUS GAMING/Documents/GitHub/Sberatele_Podtacku/images/thumbs/00411_front.webp,81c3573d1af06b6c,187e7aff810e5a18
C:/Users/ASUS GAMING/Documents/GitHub/Sberatele_Podtacku/images/thumbs/00412_back.webp,913d539c4e706ed8,180e2e2f3f7e4e18
C:/Users/ASUS GAMING/Documents/GitHub/Sberatele_Podtacku/images/thumbs/00412_front.webp,c4374ac16f9e3c62,187e463ee07e7e10
C:/Users/ASUS GAMING/Documents/GitHub/Sberatele_Podtacku/images/thumbs/00413_back.webp,95984a334a387df9,003c7e7e7e7e3c00
C:/Users/ASUS GAMING/Documents/GitHub/Sberatele_Podtacku/images/thumbs/00413_front.webp,91cb4e3169ae39c3,083c7e7e665e3c18
C:/Users/ASUS GAMING/Documents/GitHub/Sberatele_Podtacku/images/thumbs/00414_back.webp,91a6716366d94e95,003e3f3c3c7c7e18
C:/Users/ASUS GAMING/Documents/GitHub/Sberatele_Podtacku/images/thumbs/00414_front.webp,95ea75e1509d5037,024e3e3e7e7e2e02
C:/Users/ASUS GAMING/Documents/GitHub/Sberatele_Podtacku/images/thumbs/00415_back.webp,b59251634567559d,6effff0703030312
C:/Users/ASUS GAMING/Documents/GitHub/Sberatele_Podtacku/images/thumbs/00415_front.webp,df8b642585d641e5,6a99bcbcbe9c8070
C:/Users/ASUS GAMING/Documents/GitHub/Sberatele_Podtacku/images/thumbs/00416_back.webp,b58a545d518dc567,7e97ffff821a0000
C:/Users/ASUS GAMING/Documents/GitHub/Sberatele_Podtacku/images/thumbs/00416_front.webp,df1b607584764167,68989cbcbe9c807e
C:/Users/ASUS GAMING/Documents/GitHub/Sberatele_Podtacku/images/thumbs/00417_back.webp,d2d2613b158f512f,7efefebe081c3000
C:/Users/ASUS GAMING/Documents/GitHub/Sberatele_Podtacku/images/thumbs/00417_front.webp,df9b603585f440e5,7a98bcbcbe8c8078
C:/Users/ASUS GAMING/Documents/GitHub/Sberatele_Podtacku/images/thumbs/00418_back.webp,cdb314f1516c41be,429b91f8cbb89378
C:/Users/ASUS GAMING/Documents/GitHub/Sberatele_Podtacku/images/thumbs/00418_front.webp,8b8a6435d5d651e5,7a195d7d3f1c8130
C:/Users/ASUS GAMING/Documents/GitHub/Sberatele_Podtacku/images/thumbs/00419_back.webp,d5a9299a38dd61d4,007e7e3e3c7e3e00
C:/Users/ASUS GAMING/Documents/GitHub/Sberatele_Podtacku/images/thumbs/00419_front.webp,978e692976357192,003f3e3e7e3e3e00
C:/Users/ASUS GAMING/Documents/GitHub/Sberatele_Podtacku/images/thumbs/00420_back.webp,85bb52b07d966594,02ff23e3c3e67e00
C:/Users/ASUS GAMING/Documents/GitHub/Sberatele_Podtacku/images/thumbs/00420_front.webp,9d8b60b7449d45a7,02879b9fbfbec200
C:/Users/ASUS GAMING/Documents/GitHub/Sberatele_Podtacku/images/thumbs/00421_back.webp,916a559515b5453f,00787c7f7e7e1e00
C:/Users/ASUS GAMING/Documents/GitHub/Sberatele_Podtacku/images/thumbs/00421_front.webp,95a7c1485d9f05e9,7e673f8600007e7e
C:/Users/ASUS GAMING/Documents/GitHub/Sberatele_Podtacku/images/thumbs/00422_back.webp,953f46e64b481f31,18460abdffda7218
C:/Users/ASUS GAMING/Documents/GitHub/Sberatele_Podtacku/images/thumbs/00422_front.webp,d14906974b7e4fd0,187e58b9ff1a4618
C:/Users/ASUS GAMING/Documents/GitHub/Sberatele_Podtacku/images/thumbs/00423_back.webp,95685aad6aa53995,001c3e7e7e7e3e08
C:/Users/ASUS GAMING/Documents/GitHub/Sberatele_Podtacku/images/thumbs/00423_front.webp,94ca528d2b3e3ed4,187c7e1f7b5e0e00
C:/Users/ASUS GAMING/Documents/GitHub/Sberatele_Podtacku/images/thumbs/00424_back.webp,9585421a3ed86ff8,007e7eff9f047c00
C:/Users/ASUS GAMING/Documents/GitHub/Sberatele_Podtacku/images/thumbs/00424_front.webp,912057ff1ec93ac8,187e478383c77e1c
C:/Users/ASUS GAMING/Documents/GitHub/Sberatele_Podtacku/images/thumbs/00425_back.webp,95255acf4bce4b90,00027e7f7f7e3e00
C:/Users/ASUS GAMING/Documents/GitHub/Sberatele_Podtacku/images/thumbs/00425_front.webp,958d407d5fe61ac2,185a3effff00421c
C:/Users/ASUS GAMING/Documents/GitHub/Sberatele_Podtacku/images/thumbs/00426_back.webp,952e5eb96ad06992,003c767e7f7e3c00
C:/Users/ASUS GAMING/Documents/GitHub/Sberatele_Podtacku/images/thumbs/00426_front.webp,949c53636f343c1e,187e1e973d267618
C:/Users/ASUS GAMING/Documents/GitHub/Sberatele_Podtacku/images/thumbs/00427_back.webp,95965a9f6a782938,183e6e5fff7e0000
C:/Users/ASUS GAMING/Documents/GitHub/Sberatele_Podtacku/images/thumbs/00427_front.webp,95935a5d6e582f30,187e6effff0e0000
C:/Users/ASUS GAMING/Documents/GitHub/Sberatele_Podtacku/images/thumbs/00428_back.webp,949651794edc3b4c,082e36bfbf3e1e00
C:/Users/ASUS GAMING/Documents/GitHub/Sberatele_Podtacku/images/thumbs/00428_front.webp,962647d939926e3c,183e3ebd9d3e3c00
C:/Users/ASUS GAMING/Documents/GitHub/Sberatele_Podtacku/images/thumbs/00429_back.webp,85355fd668792165,003c6ef3f77e3c00
C:/Users/ASUS GAMING/Documents/GitHub/Sberatele_Podtacku/images/thumbs/00429_front.webp,94b74a913d6834cf,003c7ec3ff7e3c00
C:/Users/ASUS GAMING/Documents/GitHub/Sberatele_Podtacku/images/thumbs/00430_back.webp,912c47d95a736b8c,001c7e7e7e7e3e00
C:/Users/ASUS GAMING/Documents/GitHub/Sberatele_Podtacku/images/thumbs/00430_front.webp,940e52dd4af27b58,183c3e1b9b7e7e00
C:/Users/ASUS GAMING/Documents/GitHub/Sberatele_Podtacku/images/thumbs/00431_back.webp,8587535e4a786f29,1c3e3f7f3f1e0008
C:/Users/ASUS GAMING/Documents/GitHub/Sberatele_Podtacku/images/thumbs/00431_front.webp,950d53dd4bf26b40,083e7e1b1b7e7e00
C:/Users/ASUS GAMING/Documents/GitHub/Sberatele_Podtacku/images/thumbs/00432_back.webp,959e436d7ac03a93,183e7e3f9e207e08
C:/Users/ASUS GAMING/Documents/GitHub/Sberatele_Podtacku/images/thumbs/00432_front.webp,959d42fe0ad86d70,083e5ebf9f3e4600
C:/Users/ASUS GAMING/Documents/GitHub/Sberatele_Podtacku/images/thumbs/00433_back.webp,90295f977e4c7870,183e4243cf7e7e18
C:/Users/ASUS GAMING/Documents/GitHub/Sberatele_Podtacku/images/thumbs/00433_front.webp,91955e5f4b7829d0,183666efff6e0018
C:/Users/ASUS GAMING/Documents/GitHub/Sberatele_Podtacku/images/thumbs/00434_back.webp,843e5bc36b6a383c,003c1e7e7f7e3e00
C:/Users/ASUS GAMING/Documents/GitHub/Sberatele_Podtacku/images/thumbs/00434_front.webp,806f1f947a9829cf,083e7a747e7e3e00
C:/Users/ASUS GAMING/Documents/GitHub/Sberatele_Podtacku/images/thumbs/00435_back.webp,806a55d555d555d5,001e3e3e7e7e7e00
C:/Users/ASUS GAMING/Documents/GitHub/Sberatele_Podtacku/images/thumbs/00435_front.webp,956f44b045c751d7,00077f7e7e4e7e00
C:/Users/ASUS GAMING/Documents/GitHub/Sberatele_Podtacku/images/thumbs/00436_back.webp,956a51d541d555d5,001e3e3e7e7e7e00
C:/Users/ASUS GAMING/Documents/GitHub/Sberatele_Podtacku/images/thumbs/00436_front.webp,bc2ac5c7c5f81591,7e818181818fdf7e
C:/Users/ASUS GAMING/Documents/GitHub/Sberatele_Podtacku/images/thumbs/00437_back.webp,959e41c341b5559f,0e9f1f1f3f1e0e00
C:/Users/ASUS GAMING/Documents/GitHub/Sberatele_Podtacku/images/thumbs/00437_front.webp,95aa51d3452715d7,069f1f1f7f3e0600
C:/Users/ASUS GAMING/Documents/GitHub/Sberatele_Podtacku/images/thumbs/00438_back.webp,c5c934b2695e4d4d,407ff878787e9e00
C:/Users/ASUS GAMING/Documents/GitHub/Sberatele_Podtacku/images/thumbs/00438_front.webp,c4a76d3b334a16cc,007e7e7c7e7c7800
C:/Users/ASUS GAMING/Documents/GitHub/Sberatele_Podtacku/images/thumbs/00439_back.webp,b49f704f70c958cc,0287ff4f0626f742
C:/Users/ASUS GAMING/Documents/GitHub/Sberatele_Podtacku/images/thumbs/00439_front.webp,95da52d445e95731,40fe7e5a427e7e00
C:/Users/ASUS GAMING/Documents/GitHub/Sberatele_Podtacku/images/thumbs/00440_back.webp,958355a5706d71cd,3c3e3c7e7e3c1c00
C:/Users/ASUS GAMING/Documents/GitHub/Sberatele_Podtacku/images/thumbs/00440_front.webp,95873e7d393a40c5,003e7f7f7b7e0800
C:/Users/ASUS GAMING/Documents/GitHub/Sberatele_Podtacku/images/thumbs/00441_back.webp,953c5b956a1a39d2,083e7e43677e3e08
C:/Users/ASUS GAMING/Documents/GitHub/Sberatele_Podtacku/images/thumbs/00441_front.webp,848f13fe5a316e98,183e76a1f5726e18
C:/Users/ASUS GAMING/Documents/GitHub/Sberatele_Podtacku/images/thumbs/00442_back.webp,9599576e0ad96e60,181e1e2f3f767e00
C:/Users/ASUS GAMING/Documents/GitHub/Sberatele_Podtacku/images/thumbs/00442_front.webp,95984e663ad86fe0,181e3e2f6f367e00
C:/Users/ASUS GAMING/Documents/GitHub/Sberatele_Podtacku/images/thumbs/00443_back.webp,94664e993b996e26,0026766f677e3e18
C:/Users/ASUS GAMING/Documents/GitHub/Sberatele_Podtacku/images/thumbs/00443_front.webp,91334e9c4a713bdc,00266e677f7e6618
C:/Users/ASUS GAMING/Documents/GitHub/Sberatele_Podtacku/images/thumbs/00444_back.webp,d04f451b1d5e5b0d,00f0fc4c0c4cff7e
C:/Users/ASUS GAMING/Documents/GitHub/Sberatele_Podtacku/images/thumbs/00444_front.webp,dfce6032708b498f,20b8befebebc80c0
C:/Users/ASUS GAMING/Documents/GitHub/Sberatele_Podtacku/images/thumbs/00445_back.webp,943d4b5aae9cd9c0,00007effff7e3c00
C:/Users/ASUS GAMING/Documents/GitHub/Sberatele_Podtacku/images/thumbs/00445_front.webp,c53d00cf5f9c4e61,185a20bee2bc7e3c
C:/Users/ASUS GAMING/Documents/GitHub/Sberatele_Podtacku/images/thumbs/00446_back.webp,955f140a55df50d6,000c7e7e7e7e7e00
C:/Users/ASUS GAMING/Documents/GitHub/Sberatele_Podtacku/images/thumbs/00446_front.webp,90e7444a179717dd,7edfff8f05005c00
C:/Users/ASUS GAMING/Documents/GitHub/Sberatele_Podtacku/images/thumbs/00447_back.webp,803a015755d755df,000c7e7e7e7e7e00
C:/Users/ASUS GAMING/Documents/GitHub/Sberatele_Podtacku/images/thumbs/00447_front.webp,90a6444b17d347df,7edfff8f07005800
C:/Users/ASUS GAMING/Documents/GitHub/Sberatele_Podtacku/images/thumbs/00448_back.webp,d4224af52fcc7d0a,00247efefe7e3c00
C:/Users/ASUS GAMING/Documents/GitHub/Sberatele_Podtacku/images/thumbs/00448_front.webp,c42619f96ac67d23,002476fff77e3c00
C:/Users/ASUS GAMING/Documents/GitHub/Sberatele_Podtacku/images/thumbs/00449_back.webp,92145b1f5a1f581f,00427f7e7c7e3c24
C:/Users/ASUS GAMING/Documents/GitHub/Sberatele_Podtacku/images/thumbs/00449_front.webp,d11b1f1d68606d3d,083c5e7e7e7e3c00
C:/Users/ASUS GAMING/Documents/GitHub/Sberatele_Podtacku/images/thumbs/00450_back.webp,d4a14b925bd32d1b,2c7e427a5e7e7c00
C:/Users/ASUS GAMING/Documents/GitHub/Sberatele_Podtacku/images/thumbs/00450_front.webp,c4e61b931bd2691b,2c7666665e7e7c00
C:/Users/ASUS GAMING/Documents/GitHub/Sberatele_Podtacku/images/thumbs/00451_back.webp,91904ee54bd339ce,3c5e4e4e4a7e7e00
C:/Users/ASUS GAMING/Documents/GitHub/Sberatele_Podtacku/images/thumbs/00451_front.webp,84e61b927a97691b,2c7666667e7e3c00
C:/Users/ASUS GAMING/Documents/GitHub/Sberatele_Podtacku/images/thumbs/00452_back.webp,c0f41b915a9669db,3c6676667e7a3c00
C:/Users/ASUS GAMING/Documents/GitHub/Sberatele_Podtacku/images/thumbs/00452_front.webp,c4e31bd17a83691b,2c7666667e7e3c00
C:/Users/ASUS GAMING/Documents/GitHub/Sberatele_Podtacku/images/thumbs/00453_back.webp,d0d11bb17a13399b,2c7e7e507e763c00
C:/Users/ASUS GAMING/Documents/GitHub/Sberatele_Podtacku/images/thumbs/00453_front.webp,c0f21bd15ec3391b,3c7e66667a667c00
C:/Users/ASUS GAMING/Documents/GitHub/Sberatele_Podtacku/images/thumbs/00454_back.webp,c1e11fc33bd03c17,647e667c6c7c7c00
C:/Users/ASUS GAMING/Documents/GitHub/Sberatele_Podtacku/images/thumbs/00454_front.webp,c4a70bd23ec3691b,2c7666667e7e3c00
C:/Users/ASUS GAMING/Documents/GitHub/Sberatele_Podtacku/images/thumbs/00455_back.webp,d03c0f6c3f686b70,10183c7e7e7c3c3c
C:/Users/ASUS GAMING/Documents/GitHub/Sberatele_Podtacku/images/thumbs/00455_front.webp,d03d096c3f786770,10183c7e6e767c3c
C:/Users/ASUS GAMING/Documents/GitHub/Sberatele_Podtacku/images/thumbs/00456_back.webp,85664fd82b9d30f2,003c7e7e7e7e3c00
C:/Users/ASUS GAMING/Documents/GitHub/Sberatele_Podtacku/images/thumbs/00456_front.webp,c5634ed87b9d30b0,003c7e7e7e7e3c00
C:/Users/ASUS GAMING/Documents/GitHub/Sberatele_Podtacku/images/thumbs/00457_back.webp,80fc3f037f0768f0,00107e7e7f7f3e00
C:/Users/ASUS GAMING/Documents/GitHub/Sberatele_Podtacku/images/thumbs/00457_front.webp,d5a72a582ad27d26,007efefc1cd8fc00
C:/Users/ASUS GAMING/Documents/GitHub/Sberatele_Podtacku/images/thumbs/00458_back.webp,941b6be46e92a179,00187effff7e1800
C:/Users/ASUS GAMING/Documents/GitHub/Sberatele_Podtacku/images/thumbs/00458_front.webp,c5980e617f65b0ce,00187effff7e3000
C:/Users/ASUS GAMING/Documents/GitHub/Sberatele_Podtacku/images/thumbs/00459_back.webp,a0dd4ca671b3558e,007e7e6666676760
C:/Users/ASUS GAMING/Documents/GitHub/Sberatele_Podtacku/images/thumbs/00459_front.webp,91956d6c569319ad,006e4e7e5e7e7e00
C:/Users/ASUS GAMING/Documents/GitHub/Sberatele_Podtacku/images/thumbs/00460_back.webp,d53751db1e646489,1c7e62763c667e08
C:/Users/ASUS GAMING/Documents/GitHub/Sberatele_Podtacku/images/thumbs/00460_front.webp,c536519f1a64719b,3c7662f63c627e08
C:/Users/ASUS GAMING/Documents/GitHub/Sberatele_Podtacku/images/thumbs/00461_back.webp,c53750bd419b41de,00347c7e7e7e7e00
C:/Users/ASUS GAMING/Documents/GitHub/Sberatele_Podtacku/images/thumbs/00461_front.webp,9465c48f11f35756,7a1a12c61c1bf71e
C:/Users/ASUS GAMING/Documents/GitHub/Sberatele_Podtacku/images/thumbs/00462_back.webp,945f556c55934c87,007e5e7f57417e04
C:/Users/ASUS GAMING/Documents/GitHub/Sberatele_Podtacku/images/thumbs/00462_front.webp,a01d1ec655b5659e,065f4343c3637f46
C:/Users/ASUS GAMING/Documents/GitHub/Sberatele_Podtacku/images/thumbs/00463_back.webp,c5a7683f214a52dd,007e7c7c7e7cf800
C:/Users/ASUS GAMING/Documents/GitHub/Sberatele_Podtacku/images/thumbs/00463_front.webp,c5cd34b6695a44cd,007e7c7c7c7e9e00
C:/Users/ASUS GAMING/Documents/GitHub/Sberatele_Podtacku/images/thumbs/00464_back.webp,c51f123b513e45ce,007ef6425266ff62
C:/Users/ASUS GAMING/Documents/GitHub/Sberatele_Podtacku/images/thumbs/00464_front.webp,9443152f5597455f,00187e7e7e7e7e00
C:/Users/ASUS GAMING/Documents/GitHub/Sberatele_Podtacku/images/thumbs/00465_back.webp,801f557b44be51ae,00007e7777ccff60
C:/Users/ASUS GAMING/Documents/GitHub/Sberatele_Podtacku/images/thumbs/00465_front.webp,d147548d453d157e,007e6e667e7e5e00
C:/Users/ASUS GAMING/Documents/GitHub/Sberatele_Podtacku/images/thumbs/00466_back.webp,803f00bf51ba51bf,001c3e7e7e7e7e00
C:/Users/ASUS GAMING/Documents/GitHub/Sberatele_Podtacku/images/thumbs/00466_front.webp,d44f34b2484ed3e9,04347c3c7e3e347c
C:/Users/ASUS GAMING/Documents/GitHub/Sberatele_Podtacku/images/thumbs/00467_back.webp,d41e48e7117b519d,1618187e7efef808
C:/Users/ASUS GAMING/Documents/GitHub/Sberatele_Podtacku/images/thumbs/00467_front.webp,d4d930b41537358f,4efcfcea7e062600
C:/Users/ASUS GAMING/Documents/GitHub/Sberatele_Podtacku/images/thumbs/00468_back.webp,853c5ae13a9d2f34,003c7e7e7e7e3c00
C:/Users/ASUS GAMING/Documents/GitHub/Sberatele_Podtacku/images/thumbs/00468_front.webp,c51a528c1ef03e7b,184c6ebbbb7a7210
C:/Users/ASUS GAMING/Documents/GitHub/Sberatele_Podtacku/images/thumbs/00469_back.webp,9a1c65c3cd3cda98,003c3e3e7e7e3c00
C:/Users/ASUS GAMING/Documents/GitHub/Sberatele_Podtacku/images/thumbs/00469_front.webp,95257039c597653d,06063e7e7e0e7e30
C:/Users/ASUS GAMING/Documents/GitHub/Sberatele_Podtacku/images/thumbs/00470_back.webp,c03fc5f914cd54a6,7e60e20000f3ff7e
C:/Users/ASUS GAMING/Documents/GitHub/Sberatele_Podtacku/images/thumbs/00470_front.webp,92b731c60e706f99,466e6e3c3c7c5c0c
C:/Users/ASUS GAMING/Documents/GitHub/Sberatele_Podtacku/images/thumbs/00471_back.webp,91bd94d7452d1535,7e7f0f0000667e7a
C:/Users/ASUS GAMING/Documents/GitHub/Sberatele_Podtacku/images/thumbs/00471_front.webp,94b791f1640f1537,7e7f0f00007c7e78
C:/Users/ASUS GAMING/Documents/GitHub/Sberatele_Podtacku/images/thumbs/00472_back.webp,8c23d3fc5c97c107,5e01231ad1db3f78
C:/Users/ASUS GAMING/Documents/GitHub/Sberatele_Podtacku/images/thumbs/00472_front.webp,dd0f84d1d32c3c96,7e9b0000fec1e37e
C:/Users/ASUS GAMING/Documents/GitHub/Sberatele_Podtacku/images/thumbs/00473_back.webp,c93626dbc8cb2437,000030fcfcfcfcfc
C:/Users/ASUS GAMING/Documents/GitHub/Sberatele_Podtacku/images/thumbs/00473_front.webp,d489153749971e6d,007c7c7ef4e4f640
C:/Users/ASUS GAMING/Documents/GitHub/Sberatele_Podtacku/images/thumbs/00474_back.webp,943f516b4467559c,000e7e56464e7e7e
C:/Users/ASUS GAMING/Documents/GitHub/Sberatele_Podtacku/images/thumbs/00474_front.webp,d5da153f41950ba5,3cfe7cfcf000e640
C:/Users/ASUS GAMING/Documents/GitHub/Sberatele_Podtacku/images/thumbs/00475_back.webp,95b67a3d44c89539,023e7e7e7e7e1800
C:/Users/ASUS GAMING/Documents/GitHub/Sberatele_Podtacku/images/thumbs/00475_front.webp,9597694b65653631,183e7e7e7e3e1800
C:/Users/ASUS GAMING/Documents/GitHub/Sberatele_Podtacku/images/thumbs/00476_back.webp,df3fc036843e8037,3c81bd9196be807e
C:/Users/ASUS GAMING/Documents/GitHub/Sberatele_Podtacku/images/thumbs/00476_front.webp,9e0d9137c57d909a,7e181991bdbc807e
C:/Users/ASUS GAMING/Documents/GitHub/Sberatele_Podtacku/images/thumbs/00477_back.webp,d4cd513649971e69,1e7e7c7e7804e640
C:/Users/ASUS GAMING/Documents/GitHub/Sberatele_Podtacku/images/thumbs/00477_front.webp,9075c5da51e7143d,7e66060e0c067f7e
C:/Users/ASUS GAMING/Documents/GitHub/Sberatele_Podtacku/images/thumbs/00478_back.webp,d48d51b649971e69,1e7e7c7e72066640
C:/Users/ASUS GAMING/Documents/GitHub/Sberatele_Podtacku/images/thumbs/00478_front.webp,807758dd5533117e,007e6666767e7c14
C:/Users/ASUS GAMING/Documents/GitHub/Sberatele_Podtacku/images/thumbs/00479_back.webp,d53b857ed066414b,141c1bfe3c087c7e
C:/Users/ASUS GAMING/Documents/GitHub/Sberatele_Podtacku/images/thumbs/00479_front.webp,80379b3d648f51b9,04667e42427e7f78
C:/Users/ASUS GAMING/Documents/GitHub/Sberatele_Podtacku/images/thumbs/00480_back.webp,954d61b544da5ccb,123e3c3e3e3e2f20
C:/Users/ASUS GAMING/Documents/GitHub/Sberatele_Podtacku/images/thumbs/00480_front.webp,d49f04b1117f139d,1e183cfe7e98b850
C:/Users/ASUS GAMING/Documents/GitHub/Sberatele_Podtacku/images/thumbs/00481_back.webp,9555403f40bf51af,001c3e7e7e7e7e00
C:/Users/ASUS GAMING/Documents/GitHub/Sberatele_Podtacku/images/thumbs/00481_front.webp,85d555f74230559b,7e5f0f030f7f0700
C:/Users/ASUS GAMING/Documents/GitHub/Sberatele_Podtacku/images/thumbs/00482_back.webp,9569053d559651d7,42407e7e8143bf3e
C:/Users/ASUS GAMING/Documents/GitHub/Sberatele_Podtacku/images/thumbs/00482_front.webp,9542653966b562b7,023c3e7e7e5e3e00
C:/Users/ASUS GAMING/Documents/GitHub/Sberatele_Podtacku/images/thumbs/00483_back.webp,c136556b15ed41b5,003c7e7e7e787830
C:/Users/ASUS GAMING/Documents/GitHub/Sberatele_Podtacku/images/thumbs/00483_front.webp,877554d952c44dc7,060b3f27273b1f0e
C:/Users/ASUS GAMING/Documents/GitHub/Sberatele_Podtacku/images/thumbs/00484_back.webp,ab17d438d43c94b6,ffbd8181818181ff
C:/Users/ASUS GAMING/Documents/GitHub/Sberatele_Podtacku/images/thumbs/00484_front.webp,e23f94f291c885ce,1ea0b0c0ecf1f17e
C:/Users/ASUS GAMING/Documents/GitHub/Sberatele_Podtacku/images/thumbs/00485_back.webp,d50f50b159b54fc1,42b7360e7e36f640
C:/Users/ASUS GAMING/Documents/GitHub/Sberatele_Podtacku/images/thumbs/00485_front.webp,d5cc7172256912b7,00fe3e3a3e3ebe00
C:/Users/ASUS GAMING/Documents/GitHub/Sberatele_Podtacku/images/thumbs/00486_back.webp,b15dcc33738c44b6,081a1a2666677f7e
C:/Users/ASUS GAMING/Documents/GitHub/Sberatele_Podtacku/images/thumbs/00486_front.webp,c43751d819ee6437,006666767e747c78
C:/Users/ASUS GAMING/Documents/GitHub/Sberatele_Podtacku/images/thumbs/00487_back.webp,951f08f17e396ac2,003c3c7efe7e3c10
C:/Users/ASUS GAMING/Documents/GitHub/Sberatele_Podtacku/images/thumbs/00487_front.webp,c5d9126e6b933a64,183c7efbe3007e18
C:/Users/ASUS GAMING/Documents/GitHub/Sberatele_Podtacku/images/thumbs/00488_back.webp,84c7539b5b3e2cc2,187a763f3f1e1e00
C:/Users/ASUS GAMING/Documents/GitHub/Sberatele_Podtacku/images/thumbs/00488_front.webp,c59c126d4e933967,187e4afbe3486e18
C:/Users/ASUS GAMING/Documents/GitHub/Sberatele_Podtacku/images/thumbs/00489_back.webp,8581579f5a386f34,187e73f9bfbd0000
C:/Users/ASUS GAMING/Documents/GitHub/Sberatele_Podtacku/images/thumbs/00489_front.webp,c5d4126d4e933967,187e4efbe3086e18
C:/Users/ASUS GAMING/Documents/GitHub/Sberatele_Podtacku/images/thumbs/00490_back.webp,958f48343a3b6bc9,183c3e7e7e3e1c08
C:/Users/ASUS GAMING/Documents/GitHub/Sberatele_Podtacku/images/thumbs/00490_front.webp,c44f5f917a303963,00383e7e7e7e7e00
C:/Users/ASUS GAMING/Documents/GitHub/Sberatele_Podtacku/images/thumbs/00491_back.webp,95705e887a9f2a93,00047e7f7f7e3e00
C:/Users/ASUS GAMING/Documents/GitHub/Sberatele_Podtacku/images/thumbs/00491_front.webp,c08c0d742fdb3b33,107cfdfde7e46000
C:/Users/ASUS GAMING/Documents/GitHub/Sberatele_Podtacku/images/thumbs/00492_back.webp,919b4ae46e392b99,183e3e3e7e7e1c00
C:/Users/ASUS GAMING/Documents/GitHub/Sberatele_Podtacku/images/thumbs/00492_front.webp,944e0df17a353b52,10303c7efe7e7e00
C:/Users/ASUS GAMING/Documents/GitHub/Sberatele_Podtacku/images/thumbs/00493_back.webp,946649697b934e66,003c367ec67e7e18
C:/Users/ASUS GAMING/Documents/GitHub/Sberatele_Podtacku/images/thumbs/00493_front.webp,9672593c6bd30e26,003c3e7e467e7e18
C:/Users/ASUS GAMING/Documents/GitHub/Sberatele_Podtacku/images/thumbs/00494_back.webp,8463576f5abc2c19,102c7e5f3b363e18
C:/Users/ASUS GAMING/Documents/GitHub/Sberatele_Podtacku/images/thumbs/00494_front.webp,900e577f4ab43f60,184600ffff017e3c
C:/Users/ASUS GAMING/Documents/GitHub/Sberatele_Podtacku/images/thumbs/00495_back.webp,812b573e5ab07a8b,003a7c7e3e7e7e00
C:/Users/ASUS GAMING/Documents/GitHub/Sberatele_Podtacku/images/thumbs/00495_front.webp,c01e14394bcf1bbd,10767271c9cf723c
C:/Users/ASUS GAMING/Documents/GitHub/Sberatele_Podtacku/images/thumbs/00496_back.webp,81295fbc1e927a4b,007a5c7e3e7e7e00
C:/Users/ASUS GAMING/Documents/GitHub/Sberatele_Podtacku/images/thumbs/00496_front.webp,c037554a1f2e1eda,006ec6377d7a7838
C:/Users/ASUS GAMING/Documents/GitHub/Sberatele_Podtacku/images/thumbs/00497_back.webp,81615f2e1ab27a8f,003a7c7e3e7e7e00
C:/Users/ASUS GAMING/Documents/GitHub/Sberatele_Podtacku/images/thumbs/00497_front.webp,c11f05725bcd1e96,1c0e3ef9c7437238
C:/Users/ASUS GAMING/Documents/GitHub/Sberatele_Podtacku/images/thumbs/00498_back.webp,916907b61ed07acb,007a5c7e3e7e7e00
C:/Users/ASUS GAMING/Documents/GitHub/Sberatele_Podtacku/images/thumbs/00498_front.webp,853e11334ec95fcc,00061a79f6e77e3c
C:/Users/ASUS GAMING/Documents/GitHub/Sberatele_Podtacku/images/thumbs/00499_back.webp,813b5f3c1a907a8f,003a7c7e3e7e7e00
C:/Users/ASUS GAMING/Documents/GitHub/Sberatele_Podtacku/images/thumbs/00499_front.webp,c41f14325b6d5e96,1c267271ec67723c
C:/Users/ASUS GAMING/Documents/GitHub/Sberatele_Podtacku/images/thumbs/00500_back.webp,94e2783f63392c36,007c7e7e7e3e1e00
C:/Users/ASUS GAMING/Documents/GitHub/Sberatele_Podtacku/images/thumbs/00500_front.webp,914916b647bc1dcb,187e5ae3e70e5e10
C:/Users/ASUS GAMING/Documents/GitHub/Sberatele_Podtacku/images/thumbs/00501_back.webp,8f32106dd1dbc69c,3e01b5b9b1b1097e
C:/Users/ASUS GAMING/Documents/GitHub/Sberatele_Podtacku/images/thumbs/00501_front.webp,853a41c916375fce,1c4a8087d5fb7a3c
C:/Users/ASUS GAMING/Documents/GitHub/Sberatele_Podtacku/images/thumbs/00502_back.webp,816b5f2c1e927a4b,003a5c7e7e7e7e00
C:/Users/ASUS GAMING/Documents/GitHub/Sberatele_Podtacku/images/thumbs/00502_front.webp,9024471d5bde1dab,007c77df4f3e3c00
C:/Users/ASUS GAMING/Documents/GitHub/Sberatele_Podtacku/images/thumbs/00503_back.webp,9570401f13ef4ebc,007e7e3f1e3e3a04
C:/Users/ASUS GAMING/Documents/GitHub/Sberatele_Podtacku/images/thumbs/00503_front.webp,ce36104dd1dbc69c,3e01b5a9b9b1817e
C:/Users/ASUS GAMING/Documents/GitHub/Sberatele_Podtacku/images/thumbs/00504_back.webp,951555b740a7459f,001e3e3e7e7e7e00
C:/Users/ASUS GAMING/Documents/GitHub/Sberatele_Podtacku/images/thumbs/00504_front.webp,8075119f193d75a7,007e42427e7e7f64
C:/Users/ASUS GAMING/Documents/GitHub/Sberatele_Podtacku/images/thumbs/00505_back.webp,95246ec36ad278b5,003e467e7e7e7e00
C:/Users/ASUS GAMING/Documents/GitHub/Sberatele_Podtacku/images/thumbs/00505_front.webp,8787783c66733296,003c3e7e7e7e7c00
C:/Users/ASUS GAMING/Documents/GitHub/Sberatele_Podtacku/images/thumbs/00506_back.webp,91b749463f389a78,103c7e7e7e3c3818
C:/Users/ASUS GAMING/Documents/GitHub/Sberatele_Podtacku/images/thumbs/00506_front.webp,d1974f2c1bd06e98,187e7e7e4e105a38
C:/Users/ASUS GAMING/Documents/GitHub/Sberatele_Podtacku/images/thumbs/00507_back.webp,d666093e7ef81a21,103c7e7e7e3c3818
C:/Users/ASUS GAMING/Documents/GitHub/Sberatele_Podtacku/images/thumbs/00507_front.webp,8027591e6f780fe9,103c7e7e7e3c5818
C:/Users/ASUS GAMING/Documents/GitHub/Sberatele_Podtacku/images/thumbs/00508_back.webp,9126453f4bf82ed8,18664389df437e3c
C:/Users/ASUS GAMING/Documents/GitHub/Sberatele_Podtacku/images/thumbs/00508_front.webp,9536484f1ff80ec9,10247e7e7e3e5c18
C:/Users/ASUS GAMING/Documents/GitHub/Sberatele_Podtacku/images/thumbs/00509_back.webp,9136553e5af86ad0,3c6643899d837e3c
C:/Users/ASUS GAMING/Documents/GitHub/Sberatele_Podtacku/images/thumbs/00509_front.webp,916a5f717a813867,083e7e3e047e7e18
C:/Users/ASUS GAMING/Documents/GitHub/Sberatele_Podtacku/images/thumbs/00510_back.webp,9127443f4bf82ed8,1866420fff427e3c
C:/Users/ASUS GAMING/Documents/GitHub/Sberatele_Podtacku/images/thumbs/00510_front.webp,d52640de0ff03f98,18664aa4bdda7e38
C:/Users/ASUS GAMING/Documents/GitHub/Sberatele_Podtacku/images/thumbs/00511_back.webp,807555b6459e558f,024200167f3f7f7e
C:/Users/ASUS GAMING/Documents/GitHub/Sberatele_Podtacku/images/thumbs/00511_front.webp,858f759935317097,0e3f3f3e3e1c3c00
C:/Users/ASUS GAMING/Documents/GitHub/Sberatele_Podtacku/images/thumbs/00512_back.webp,957a5e944a6f3e80,001c1e7e7f7e3e08
C:/Users/ASUS GAMING/Documents/GitHub/Sberatele_Podtacku/images/thumbs/00512_front.webp,946c4fc32bb06d69,1016765e7c7e5e18
C:/Users/ASUS GAMING/Documents/GitHub/Sberatele_Podtacku/images/thumbs/00513_back.webp,9545653ac2e1f48f,00007efeff7e1838
C:/Users/ASUS GAMING/Documents/GitHub/Sberatele_Podtacku/images/thumbs/00513_front.webp,d5017532c3e1e49f,00047efeff7e1c10
C:/Users/ASUS GAMING/Documents/GitHub/Sberatele_Podtacku/images/thumbs/00514_back.webp,95156c36c3c33c9d,000e7e7e7e7e3e00
C:/Users/ASUS GAMING/Documents/GitHub/Sberatele_Podtacku/images/thumbs/00514_front.webp,959f203d51a7518f,003e3e7e7e1e7e00
C:/Users/ASUS GAMING/Documents/GitHub/Sberatele_Podtacku/images/thumbs/00515_back.webp,9495575a8b2e5ab4,1c7e4bffdf240018
C:/Users/ASUS GAMING/Documents/GitHub/Sberatele_Podtacku/images/thumbs/00515_front.webp,84695de77a611a8e,18223e63e77e3e18
C:/Users/ASUS GAMING/Documents/GitHub/Sberatele_Podtacku/images/thumbs/00516_back.webp,953a5ab56ad02dd2,00007e7e7e7e7e18
C:/Users/ASUS GAMING/Documents/GitHub/Sberatele_Podtacku/images/thumbs/00516_front.webp,842457795bf26e1c,00387e7e5e7e3e08
C:/Users/ASUS GAMING/Documents/GitHub/Sberatele_Podtacku/images/thumbs/00517_back.webp,95385fb56ac069d2,00087e7e7e7e3e18
C:/Users/ASUS GAMING/Documents/GitHub/Sberatele_Podtacku/images/thumbs/00517_front.webp,803e57b50ad27f34,00385e7f7f7e3c00
C:/Users/ASUS GAMING/Documents/GitHub/Sberatele_Podtacku/images/thumbs/00518_back.webp,c1664ec83b936e6c,183266efc9787e18
C:/Users/ASUS GAMING/Documents/GitHub/Sberatele_Podtacku/images/thumbs/00518_front.webp,c74b18b54ee11f52,38383c3c3e3e7e14
C:/Users/ASUS GAMING/Documents/GitHub/Sberatele_Podtacku/images/thumbs/00519_back.webp,951d5e726ac9296c,003e5a7f7e7e3c00
C:/Users/ASUS GAMING/Documents/GitHub/Sberatele_Podtacku/images/thumbs/00519_front.webp,856c12b16f4fcc3c,001c3e7f7f7e1e00
C:/Users/ASUS GAMING/Documents/GitHub/Sberatele_Podtacku/images/thumbs/00520_back.webp,908655dc5a796a67,187e18bdbf185e18
C:/Users/ASUS GAMING/Documents/GitHub/Sberatele_Podtacku/images/thumbs/00520_front.webp,942f42b54ae23f8d,187e19c18f467e3c
C:/Users/ASUS GAMING/Documents/GitHub/Sberatele_Podtacku/images/thumbs/00521_back.webp,95c35a3c6f702c39,003e7e7f7f3e0c00
C:/Users/ASUS GAMING/Documents/GitHub/Sberatele_Podtacku/images/thumbs/00521_front.webp,95c35a3e6f302c69,003c7e7f7f7e0c00
C:/Users/ASUS GAMING/Documents/GitHub/Sberatele_Podtacku/images/thumbs/00522_back.webp,922b557f4af04ec4,3c423da5a5bd463c
C:/Users/ASUS GAMING/Documents/GitHub/Sberatele_Podtacku/images/thumbs/00522_front.webp,903b55fc0be03db1,186e0eb18f767e18
C:/Users/ASUS GAMING/Documents/GitHub/Sberatele_Podtacku/images/thumbs/00523_back.webp,951540ab55de453f,003e167e4e7e7e60
C:/Users/ASUS GAMING/Documents/GitHub/Sberatele_Podtacku/images/thumbs/00523_front.webp,d11d65e01fb0073f,7c1c0c3efcf0e870
C:/Users/ASUS GAMING/Documents/GitHub/Sberatele_Podtacku/images/thumbs/00524_back.webp,80555596559e45df,000e3e7e7e7e7e00
C:/Users/ASUS GAMING/Documents/GitHub/Sberatele_Podtacku/images/thumbs/00524_front.webp,811553b47baf740b,001c7e7e7f7e3c00
C:/Users/ASUS GAMING/Documents/GitHub/Sberatele_Podtacku/images/thumbs/00525_back.webp,8015553f553b45b7,003e7e7e7e764860
C:/Users/ASUS GAMING/Documents/GitHub/Sberatele_Podtacku/images/thumbs/00525_front.webp,95f5c5c1549d1595,7e661e00477f7f00
C:/Users/ASUS GAMING/Documents/GitHub/Sberatele_Podtacku/images/thumbs/00526_back.webp,953f459c90b4d497,7e00664e7f43427e
C:/Users/ASUS GAMING/Documents/GitHub/Sberatele_Podtacku/images/thumbs/00526_front.webp,d4d5811f541d916f,66fffe18001a9867
C:/Users/ASUS GAMING/Documents/GitHub/Sberatele_Podtacku/images/thumbs/00527_back.webp,c65f49b3151a37b0,28383c3ce7257d3c
C:/Users/ASUS GAMING/Documents/GitHub/Sberatele_Podtacku/images/thumbs/00527_front.webp,95372a8960cec5b7,0e007efe7f7f0c00
C:/Users/ASUS GAMING/Documents/GitHub/Sberatele_Podtacku/images/thumbs/00528_back.webp,853a5ff55a906a92,001c3e7e7e7e3c18
C:/Users/ASUS GAMING/Documents/GitHub/Sberatele_Podtacku/images/thumbs/00528_front.webp,91634e6c6b912ce7,187e66e7c3427e18
C:/Users/ASUS GAMING/Documents/GitHub/Sberatele_Podtacku/images/thumbs/00529_back.webp,95785fbd7a802a85,001c3e3e7e7e3e18
C:/Users/ASUS GAMING/Documents/GitHub/Sberatele_Podtacku/images/thumbs/00529_front.webp,951c51936e6cdb98,181e3e3f3f7e0e00
C:/Users/ASUS GAMING/Documents/GitHub/Sberatele_Podtacku/images/thumbs/00530_back.webp,d12c1bf32f16ca2c,0808587af7fe7e18
C:/Users/ASUS GAMING/Documents/GitHub/Sberatele_Podtacku/images/thumbs/00530_front.webp,91955f4a6e3c7a0a,1c7e7fff7f040000
C:/Users/ASUS GAMING/Documents/GitHub/Sberatele_Podtacku/images/thumbs/00531_back.webp,8a4dc5b3c426d19f,7e8181bd9d81817f
C:/Users/ASUS GAMING/Documents/GitHub/Sberatele_Podtacku/images/thumbs/00531_front.webp,ba359198953e953c,7e8191999999817f
C:/Users/ASUS GAMING/Documents/GitHub/Sberatele_Podtacku/images/thumbs/00532_back.webp,817f073f549e5494,00005e5e5f5f7f64
C:/Users/ASUS GAMING/Documents/GitHub/Sberatele_Podtacku/images/thumbs/00532_front.webp,817f063b54b55596,00005e5a5f5f5f7c
C:/Users/ASUS GAMING/Documents/GitHub/Sberatele_Podtacku/images/thumbs/00533_back.webp,943a53b06a6b6997,003c3e197f7e3e18
C:/Users/ASUS GAMING/Documents/GitHub/Sberatele_Podtacku/images/thumbs/00533_front.webp,91365eec3ac34a35,10183c675f7e7e18
C:/Users/ASUS GAMING/Documents/GitHub/Sberatele_Podtacku/images/thumbs/00534_back.webp,95345eb47aca6ac2,002c7e7e7e7e3c08
C:/Users/ASUS GAMING/Documents/GitHub/Sberatele_Podtacku/images/thumbs/00534_front.webp,94925b732f912d9c,3c7c3e5f17065c18
C:/Users/ASUS GAMING/Documents/GitHub/Sberatele_Podtacku/images/thumbs/00535_back.webp,956a5aa54ae56b86,001c3e3e3f7e3e18
C:/Users/ASUS GAMING/Documents/GitHub/Sberatele_Podtacku/images/thumbs/00535_front.webp,956f51698ee45b03,3c4281ffff81423c
C:/Users/ASUS GAMING/Documents/GitHub/Sberatele_Podtacku/images/thumbs/00536_back.webp,807f554b15ee05cb,00003e3e7e7e7f0e
C:/Users/ASUS GAMING/Documents/GitHub/Sberatele_Podtacku/images/thumbs/00536_front.webp,81d7387cd17984e3,003c7e7e7e3c007e
C:/Users/ASUS GAMING/Documents/GitHub/Sberatele_Podtacku/images/thumbs/00537_back.webp,c1e31c3c4ad19bc7,08007e7e7f7e1e18
C:/Users/ASUS GAMING/Documents/GitHub/Sberatele_Podtacku/images/thumbs/00537_front.webp,856d50f24a958f6b,18023abfbf3f421c
C:/Users/ASUS GAMING/Documents/GitHub/Sberatele_Podtacku/images/thumbs/00538_back.webp,917356cb1a316cce,006666c39f7e7e18
C:/Users/ASUS GAMING/Documents/GitHub/Sberatele_Podtacku/images/thumbs/00538_front.webp,91815ede6b293a9c,187e1e7f3f3c1c00
C:/Users/ASUS GAMING/Documents/GitHub/Sberatele_Podtacku/images/thumbs/00539_back.webp,95385ee87aa56a94,000c3e7e7e7e3e18
C:/Users/ASUS GAMING/Documents/GitHub/Sberatele_Podtacku/images/thumbs/00539_front.webp,913345de4ed91b70,3c468f89819d7e3c
C:/Users/ASUS GAMING/Documents/GitHub/Sberatele_Podtacku/images/thumbs/00540_back.webp,815e95334cab741f,001c7e7800677f7f
C:/Users/ASUS GAMING/Documents/GitHub/Sberatele_Podtacku/images/thumbs/00540_front.webp,d5bd24d2c9e9911c,6e861ff9bcec6010
C:/Users/ASUS GAMING/Documents/GitHub/Sberatele_Podtacku/images/thumbs/00541_back.webp,815e85334cab749f,001c7e7800677f7f
C:/Users/ASUS GAMING/Documents/GitHub/Sberatele_Podtacku/images/thumbs/00541_front.webp,dc5765b385cc5087,7080d89bffced111
C:/Users/ASUS GAMING/Documents/GitHub/Sberatele_Podtacku/images/thumbs/00542_back.webp,95b04ac73a3a6fc8,185e6adfff3e2000
C:/Users/ASUS GAMING/Documents/GitHub/Sberatele_Podtacku/images/thumbs/00542_front.webp,946f43356eca38a5,187e7e81836e7e18
C:/Users/ASUS GAMING/Documents/GitHub/Sberatele_Podtacku/images/thumbs/00543_back.webp,815f85335c2b741f,00187e7800677fff
C:/Users/ASUS GAMING/Documents/GitHub/Sberatele_Podtacku/images/thumbs/00543_front.webp,80a30de4573b556f,0677074777df1700
C:/Users/ASUS GAMING/Documents/GitHub/Sberatele_Podtacku/images/thumbs/00544_back.webp,94395ff47ac23883,001c3e7e7e7e3c18
C:/Users/ASUS GAMING/Documents/GitHub/Sberatele_Podtacku/images/thumbs/00544_front.webp,91d14f3e4a316d56,003e7e7ebe7e2600
C:/Users/ASUS GAMING/Documents/GitHub/Sberatele_Podtacku/images/thumbs/00545_back.webp,952e7bce4a314e31,000e1e3e7e7e7e24
C:/Users/ASUS GAMING/Documents/GitHub/Sberatele_Podtacku/images/thumbs/00545_front.webp,952c6ab372c94e2e,001e1c7e3e3e7c6c
C:/Users/ASUS GAMING/Documents/GitHub/Sberatele_Podtacku/images/thumbs/00546_back.webp,91067b42167bd679,007e7e7e7e7e000c
C:/Users/ASUS GAMING/Documents/GitHub/Sberatele_Podtacku/images/thumbs/00546_front.webp,853c1ac94fc37bc2,100266667e5a7e7e
C:/Users/ASUS GAMING/Documents/GitHub/Sberatele_Podtacku/images/thumbs/00547_back.webp,916d46f48f174ee0,180018ffff8f4a3c
C:/Users/ASUS GAMING/Documents/GitHub/Sberatele_Podtacku/images/thumbs/00547_front.webp,911c46f4cb174ff0,080818ffff8f4a3c
C:/Users/ASUS GAMING/Documents/GitHub/Sberatele_Podtacku/images/thumbs/00548_back.webp,91245e3e6ae16b8e,001c7e7e5f3e3e08
C:/Users/ASUS GAMING/Documents/GitHub/Sberatele_Podtacku/images/thumbs/00548_front.webp,94325f797a846c33,0024667e7f7e3e18
C:/Users/ASUS GAMING/Documents/GitHub/Sberatele_Podtacku/images/thumbs/00549_back.webp,9463493e6bc13e69,003c3e7f171e7e18
C:/Users/ASUS GAMING/Documents/GitHub/Sberatele_Podtacku/images/thumbs/00549_front.webp,95375ec86ac56833,002c667f7f7e3e00
C:/Users/ASUS GAMING/Documents/GitHub/Sberatele_Podtacku/images/thumbs/00550_back.webp,b5320ac747cf445d,266746424266fe7e
C:/Users/ASUS GAMING/Documents/GitHub/Sberatele_Podtacku/images/thumbs/00550_front.webp,853d5897713c7531,007e426667767e78
C:/Users/ASUS GAMING/Documents/GitHub/Sberatele_Podtacku/images/thumbs/00551_back.webp,986967966b989a65,00383c3cbf7e7e18
C:/Users/ASUS GAMING/Documents/GitHub/Sberatele_Podtacku/images/thumbs/00551_front.webp,c86c36936b989e71,003c3c3d7d7e7e10
C:/Users/ASUS GAMING/Documents/GitHub/Sberatele_Podtacku/images/thumbs/00552_back.webp,959e4e28cf966a68,101e3c7e7f067e18
C:/Users/ASUS GAMING/Documents/GitHub/Sberatele_Podtacku/images/thumbs/00552_front.webp,943c53c26e3d39c3,183e7e81a17e7e18
C:/Users/ASUS GAMING/Documents/GitHub/Sberatele_Podtacku/images/thumbs/00553_back.webp,95a47a46795e6178,003e7e7e7e3e1c08
C:/Users/ASUS GAMING/Documents/GitHub/Sberatele_Podtacku/images/thumbs/00553_front.webp,9da66a18626ecdca,003e7e7e7e7e1c00
C:/Users/ASUS GAMING/Documents/GitHub/Sberatele_Podtacku/images/thumbs/00554_back.webp,813d45df11f840ef,002642666e7e7e7e
C:/Users/ASUS GAMING/Documents/GitHub/Sberatele_Podtacku/images/thumbs/00554_front.webp,b175cf93519c4435,1e66424242677f7e
C:/Users/ASUS GAMING/Documents/GitHub/Sberatele_Podtacku/images/thumbs/00555_back.webp,aa37d12cd582d5ac,7f8181bd818189ff
C:/Users/ASUS GAMING/Documents/GitHub/Sberatele_Podtacku/images/thumbs/00555_front.webp,aa2fc479d1968599,7f8199818989997f
C:/Users/ASUS GAMING/Documents/GitHub/Sberatele_Podtacku/images/thumbs/00556_back.webp,949f9570012f37f1,1efe7f3c4804107e
C:/Users/ASUS GAMING/Documents/GitHub/Sberatele_Podtacku/images/thumbs/00556_front.webp,814f69717362669b,003c3c3c3c7e7e3c
C:/Users/ASUS GAMING/Documents/GitHub/Sberatele_Podtacku/images/thumbs/00557_back.webp,919d17b11d3d44e6,0e0f4f0f4f4f6704
C:/Users/ASUS GAMING/Documents/GitHub/Sberatele_Podtacku/images/thumbs/00557_front.webp,d19b4c6b1ce546e4,087cfe7e60f8f018
C:/Users/ASUS GAMING/Documents/GitHub/Sberatele_Podtacku/images/thumbs/00558_back.webp,811f5e683d6547e1,003f66466e467f56
C:/Users/ASUS GAMING/Documents/GitHub/Sberatele_Podtacku/images/thumbs/00558_front.webp,92974c2c4d694f6e,060f6f6f4f0f4704
C:/Users/ASUS GAMING/Documents/GitHub/Sberatele_Podtacku/images/thumbs/00559_back.webp,c11c6c871d373eb1,007c667e6e7e6660
C:/Users/ASUS GAMING/Documents/GitHub/Sberatele_Podtacku/images/thumbs/00559_front.webp,c71a3fc448fa11c7,04266e76767efe00
C:/Users/ASUS GAMING/Documents/GitHub/Sberatele_Podtacku/images/thumbs/00560_back.webp,f0f087c3d1434eb5,7ec7c2d8c618271e
C:/Users/ASUS GAMING/Documents/GitHub/Sberatele_Podtacku/images/thumbs/00560_front.webp,e79961d4199b443d,56f692fc90f6e060
C:/Users/ASUS GAMING/Documents/GitHub/Sberatele_Podtacku/images/thumbs/00561_back.webp,f0f08707d1c24fb5,7ec3c2d8c618671e
C:/Users/ASUS GAMING/Documents/GitHub/Sberatele_Podtacku/images/thumbs/00561_front.webp,d5bb5154099742dd,0e82ff1f70f4d260
C:/Users/ASUS GAMING/Documents/GitHub/Sberatele_Podtacku/images/thumbs/00562_back.webp,81c35e3e6b99186b,003e7e7f783e1c18
C:/Users/ASUS GAMING/Documents/GitHub/Sberatele_Podtacku/images/thumbs/00562_front.webp,81b61e5b1a36c3c7,083e7e7f7d7c2800
C:/Users/ASUS GAMING/Documents/GitHub/Sberatele_Podtacku/images/thumbs/00563_back.webp,94635eb14a956a9e,000c267f7f7e3e18
C:/Users/ASUS GAMING/Documents/GitHub/Sberatele_Podtacku/images/thumbs/00563_front.webp,953854e74bcc4d72,184e1ebdb57a5618
C:/Users/ASUS GAMING/Documents/GitHub/Sberatele_Podtacku/images/thumbs/00564_back.webp,94634ed32e8364d7,003c7e7e7e7e3c00
C:/Users/ASUS GAMING/Documents/GitHub/Sberatele_Podtacku/images/thumbs/00564_front.webp,94334ed96e2364d3,003c7e7e7e7e3c00
C:/Users/ASUS GAMING/Documents/GitHub/Sberatele_Podtacku/images/thumbs/00565_back.webp,91c1565e4b076de9,3c5e7f7f5f1a0000
C:/Users/ASUS GAMING/Documents/GitHub/Sberatele_Podtacku/images/thumbs/00565_front.webp,9190556f5ae52b96,185e7fff3d00121c
C:/Users/ASUS GAMING/Documents/GitHub/Sberatele_Podtacku/images/thumbs/00566_back.webp,81375e6c1bc56e19,00047e7f7f7a7c08
C:/Users/ASUS GAMING/Documents/GitHub/Sberatele_Podtacku/images/thumbs/00566_front.webp,9491556a5ae17e87,185e7eff3d205218
C:/Users/ASUS GAMING/Documents/GitHub/Sberatele_Podtacku/images/thumbs/00567_back.webp,942a56fc6b316a33,04166f6faf7f0e00
C:/Users/ASUS GAMING/Documents/GitHub/Sberatele_Podtacku/images/thumbs/00567_front.webp,856852175f995b6a,18427abf203e7e3c
C:/Users/ASUS GAMING/Documents/GitHub/Sberatele_Podtacku/images/thumbs/00568_back.webp,88d87c8f259351f6,7e995d2f331b0d02
C:/Users/ASUS GAMING/Documents/GitHub/Sberatele_Podtacku/images/thumbs/00568_front.webp,87947ccb12a555b9,7efe7e3e3c380800
C:/Users/ASUS GAMING/Documents/GitHub/Sberatele_Podtacku/images/thumbs/00569_back.webp,95395ae60a9d29f2,08081e1f7f7e7e18
C:/Users/ASUS GAMING/Documents/GitHub/Sberatele_Podtacku/images/thumbs/00569_front.webp,c4394d953e6c3d43,001c147fff7e7830
C:/Users/ASUS GAMING/Documents/GitHub/Sberatele_Podtacku/images/thumbs/00570_back.webp,af0dc522c0ddc1be,7e81819dbd81817f
C:/Users/ASUS GAMING/Documents/GitHub/Sberatele_Podtacku/images/thumbs/00570_front.webp,bf2dc46e812ad4ca,3e018d8f8b819d7e
C:/Users/ASUS GAMING/Documents/GitHub/Sberatele_Podtacku/images/thumbs/00571_back.webp,85e2505157ef634b,2c4e7fff1c3e1800
C:/Users/ASUS GAMING/Documents/GitHub/Sberatele_Podtacku/images/thumbs/00571_front.webp,ad2e5071d0edc07e,030333fb833b037f
C:/Users/ASUS GAMING/Documents/GitHub/Sberatele_Podtacku/images/thumbs/00572_back.webp,91f0d0d54d5d2537,7eff3f08103e3e00
C:/Users/ASUS GAMING/Documents/GitHub/Sberatele_Podtacku/images/thumbs/00572_front.webp,849e98737171656d,3e3e3f223e667018
C:/Users/ASUS GAMING/Documents/GitHub/Sberatele_Podtacku/images/thumbs/00573_back.webp,85385ec23ea56bca,003c7e7e7e7e3c00
C:/Users/ASUS GAMING/Documents/GitHub/Sberatele_Podtacku/images/thumbs/00573_front.webp,94325bec4eb1391b,003c5e7e7e7e3c10
C:/Users/ASUS GAMING/Documents/GitHub/Sberatele_Podtacku/images/thumbs/00574_back.webp,d517d467411e54e5,067e7e00a300ff7e
C:/Users/ASUS GAMING/Documents/GitHub/Sberatele_Podtacku/images/thumbs/00574_front.webp,d713796c4c9c50d3,00242e3e7e7f7f40
C:/Users/ASUS GAMING/Documents/GitHub/Sberatele_Podtacku/images/thumbs/00575_back.webp,84f75d991966066e,3a7e6647477f0700
C:/Users/ASUS GAMING/Documents/GitHub/Sberatele_Podtacku/images/thumbs/00575_front.webp,846e468f7b393934,107657017f7f7e00
C:/Users/ASUS GAMING/Documents/GitHub/Sberatele_Podtacku/images/thumbs/00576_back.webp,807f4533453f45b3,000c3e3e7e7e7e30
C:/Users/ASUS GAMING/Documents/GitHub/Sberatele_Podtacku/images/thumbs/00576_front.webp,84373bc0d43ec43f,000f3fff7f7e0200
C:/Users/ASUS GAMING/Documents/GitHub/Sberatele_Podtacku/images/thumbs/00577_back.webp,85955bc817374f1a,3cff7e667cf80000
C:/Users/ASUS GAMING/Documents/GitHub/Sberatele_Podtacku/images/thumbs/00577_front.webp,806a5f6945c75ee1,007e6643437f7f18
C:/Users/ASUS GAMING/Documents/GitHub/Sberatele_Podtacku/images/thumbs/00578_back.webp,9fa6c5c9c10fc471,7eadbf9d9d9c0000
C:/Users/ASUS GAMING/Documents/GitHub/Sberatele_Podtacku/images/thumbs/00578_front.webp,874b50d80dcb3e9d,08223f353fb73e06
C:/Users/ASUS GAMING/Documents/GitHub/Sberatele_Podtacku/images/thumbs/00579_back.webp,dfd7604e606dc063,f8fefe9e9c9c0000
C:/Users/ASUS GAMING/Documents/GitHub/Sberatele_Podtacku/images/thumbs/00579_front.webp,964f353245d9362d,003e7f7c37661e06
C:/Users/ASUS GAMING/Documents/GitHub/Sberatele_Podtacku/images/thumbs/00580_back.webp,95684a874bc76d8d,181c5e7e7e4e3c18
C:/Users/ASUS GAMING/Documents/GitHub/Sberatele_Podtacku/images/thumbs/00580_front.webp,85c75a383acf6d48,183c7e7e1e1e3c18
C:/Users/ASUS GAMING/Documents/GitHub/Sberatele_Podtacku/images/thumbs/00581_back.webp,95684aa34bc76d9c,181c5e4e7e7e3c18
C:/Users/ASUS GAMING/Documents/GitHub/Sberatele_Podtacku/images/thumbs/00581_front.webp,95c25a0d6b396d6c,183c7e7e7e7e1800
C:/Users/ASUS GAMING/Documents/GitHub/Sberatele_Podtacku/images/thumbs/00582_back.webp,95684ab34bc36d9c,181c5e1e7e7e3c18
C:/Users/ASUS GAMING/Documents/GitHub/Sberatele_Podtacku/images/thumbs/00582_front.webp,956a4ac96a972d6c,183c7e66667e3c18
C:/Users/ASUS GAMING/Documents/GitHub/Sberatele_Podtacku/images/thumbs/00583_back.webp,953a5e616ba73918,003c1e7e7e3e3e18
C:/Users/ASUS GAMING/Documents/GitHub/Sberatele_Podtacku/images/thumbs/00583_front.webp,95694a976a702dba,001c3e7e7e3e3e18
C:/Users/ASUS GAMING/Documents/GitHub/Sberatele_Podtacku/images/thumbs/00584_back.webp,95694a976a770dc2,001c3e7e7e3e3e18
C:/Users/ASUS GAMING/Documents/GitHub/Sberatele_Podtacku/images/thumbs/00584_front.webp,953e5a616ba3691c,003e1e7e7e3a3e18
C:/Users/ASUS GAMING/Documents/GitHub/Sberatele_Podtacku/images/thumbs/00585_back.webp,95cc4a693b92396b,183c3e7e6e7e3c00
C:/Users/ASUS GAMING/Documents/GitHub/Sberatele_Podtacku/images/thumbs/00585_front.webp,94934e696b1269e7,183e3e1e3e5e3c18
C:/Users/ASUS GAMING/Documents/GitHub/Sberatele_Podtacku/images/thumbs/00586_back.webp,95395ac86ac6696d,003c7e7e7e7e3c00
C:/Users/ASUS GAMING/Documents/GitHub/Sberatele_Podtacku/images/thumbs/00586_front.webp,84e45f1b3b30699d,187676671e3c3e18
C:/Users/ASUS GAMING/Documents/GitHub/Sberatele_Podtacku/images/thumbs/00587_back.webp,819f57e04f237a32,181e0effff784808
C:/Users/ASUS GAMING/Documents/GitHub/Sberatele_Podtacku/images/thumbs/00587_front.webp,84e45f5b3a3239c9,187676675e3e1c18
C:/Users/ASUS GAMING/Documents/GitHub/Sberatele_Podtacku/images/thumbs/00588_back.webp,951b42c10f3d6d3e,187e0607bf7e4e18
C:/Users/ASUS GAMING/Documents/GitHub/Sberatele_Podtacku/images/thumbs/00588_front.webp,94764b183ec3696d,003e46ff5f5e3e00
C:/Users/ASUS GAMING/Documents/GitHub/Sberatele_Podtacku/images/thumbs/00589_back.webp,85905a8f7a7a6b38,187e3e7f7f3e0000
C:/Users/ASUS GAMING/Documents/GitHub/Sberatele_Podtacku/images/thumbs/00589_front.webp,959856646a964fd9,181a3c3f7f1c3e18
C:/Users/ASUS GAMING/Documents/GitHub/Sberatele_Podtacku/images/thumbs/00590_back.webp,94c4565e4a8f6ad5,186e7effff000e00
C:/Users/ASUS GAMING/Documents/GitHub/Sberatele_Podtacku/images/thumbs/00590_front.webp,9594535b4a8e6ed4,1c7e7fffff000000
C:/Users/ASUS GAMING/Documents/GitHub/Sberatele_Podtacku/images/thumbs/00591_back.webp,95b1539e4a493e69,083e0e7f7f1e3e00
C:/Users/ASUS GAMING/Documents/GitHub/Sberatele_Podtacku/images/thumbs/00591_front.webp,947b1a1c4ae26b97,181636777f167e04
C:/Users/ASUS GAMING/Documents/GitHub/Sberatele_Podtacku/images/thumbs/00592_back.webp,85995ee66a266999,083e4e5f7f762608
C:/Users/ASUS GAMING/Documents/GitHub/Sberatele_Podtacku/images/thumbs/00592_front.webp,91cc50876f7a6c39,187e7eb1837e4e08
C:/Users/ASUS GAMING/Documents/GitHub/Sberatele_Podtacku/images/thumbs/00593_back.webp,959c5a654a66694f,001e5e7f7f7e2600
C:/Users/ASUS GAMING/Documents/GitHub/Sberatele_Podtacku/images/thumbs/00593_front.webp,95684e994a1e6bc7,080e3e3f7f0f1e30
C:/Users/ASUS GAMING/Documents/GitHub/Sberatele_Podtacku/images/thumbs/00594_back.webp,95d858616a2f6b87,183c3e3e3e3e1e18
C:/Users/ASUS GAMING/Documents/GitHub/Sberatele_Podtacku/images/thumbs/00594_front.webp,85d41e0a6b6f2be4,3c7e7ef3ff080400
C:/Users/ASUS GAMING/Documents/GitHub/Sberatele_Podtacku/images/thumbs/00595_back.webp,95325a4d4ac76f19,182666e77f623e18
C:/Users/ASUS GAMING/Documents/GitHub/Sberatele_Podtacku/images/thumbs/00595_front.webp,911e46e35a706f2d,187e42cfcb4a7e18
C:/Users/ASUS GAMING/Documents/GitHub/Sberatele_Podtacku/images/thumbs/00596_back.webp,853753c84a1f6a9d,18664e83f7763e18
C:/Users/ASUS GAMING/Documents/GitHub/Sberatele_Podtacku/images/thumbs/00596_front.webp,95615f4a4a856bc7,181e42cfc77e3e18
C:/Users/ASUS GAMING/Documents/GitHub/Sberatele_Podtacku/images/thumbs/00597_back.webp,859f5a606a966b39,003c7e7f63723e18
C:/Users/ASUS GAMING/Documents/GitHub/Sberatele_Podtacku/images/thumbs/00597_front.webp,91995ecc6b632ec4,181e0e637f7e1e18
C:/Users/ASUS GAMING/Documents/GitHub/Sberatele_Podtacku/images/thumbs/00598_back.webp,85985e677ab06b19,003e3e3f77763e00
C:/Users/ASUS GAMING/Documents/GitHub/Sberatele_Podtacku/images/thumbs/00598_front.webp,91d354cc6ab31b2d,003e6e6f3f3e3e00
C:/Users/ASUS GAMING/Documents/GitHub/Sberatele_Podtacku/images/thumbs/00599_back.webp,95754e0a3e96151f,00123e560f3f7f36
C:/Users/ASUS GAMING/Documents/GitHub/Sberatele_Podtacku/images/thumbs/00599_front.webp,9515549756ea4d0f,061e12560e7e7f36
C:/Users/ASUS GAMING/Documents/GitHub/Sberatele_Podtacku/images/thumbs/00600_back.webp,8515373b376e508e,001a7e7e7e7c7e00
C:/Users/ASUS GAMING/Documents/GitHub/Sberatele_Podtacku/images/thumbs/00600_front.webp,b51d4dc71038476f,069b874666a79b66
C:/Users/ASUS GAMING/Documents/GitHub/Sberatele_Podtacku/images/thumbs/00601_back.webp,9515013515b755bf,061e3e3e3e7e3e00
C:/Users/ASUS GAMING/Documents/GitHub/Sberatele_Podtacku/images/thumbs/00601_front.webp,93d94c699596466e,0e2e6e7e2e6e0e06
C:/Users/ASUS GAMING/Documents/GitHub/Sberatele_Podtacku/images/thumbs/00602_back.webp,953510d7551f553a,061e1e3e3e3e3e06
C:/Users/ASUS GAMING/Documents/GitHub/Sberatele_Podtacku/images/thumbs/00602_front.webp,b59715cc35833536,3e7f434343c37f00
C:/Users/ASUS GAMING/Documents/GitHub/Sberatele_Podtacku/images/thumbs/00603_back.webp,956358d76a3c6b12,001e0e0f7f7e7e18
C:/Users/ASUS GAMING/Documents/GitHub/Sberatele_Podtacku/images/thumbs/00603_front.webp,954e5a916acc6d78,003e7e5f4f3e3e00
C:/Users/ASUS GAMING/Documents/GitHub/Sberatele_Podtacku/images/thumbs/00604_back.webp,95605a1f6afa69b0,083e3e3f1f1e1e18
C:/Users/ASUS GAMING/Documents/GitHub/Sberatele_Podtacku/images/thumbs/00604_front.webp,956d5a374a7a2970,083e1e3f2f2e3e18
C:/Users/ASUS GAMING/Documents/GitHub/Sberatele_Podtacku/images/thumbs/00605_back.webp,95cb4f9c4a3daa90,183e7e1f3f3e0608
C:/Users/ASUS GAMING/Documents/GitHub/Sberatele_Podtacku/images/thumbs/00605_front.webp,858d56d35a786d92,183e725b7f463e08
C:/Users/ASUS GAMING/Documents/GitHub/Sberatele_Podtacku/images/thumbs/00606_back.webp,94d1590f7a346ac7,007e3e3f3f3e1e00
C:/Users/ASUS GAMING/Documents/GitHub/Sberatele_Podtacku/images/thumbs/00606_front.webp,958d521f4a786df0,183e7e1f1f0e3e08
C:/Users/ASUS GAMING/Documents/GitHub/Sberatele_Podtacku/images/thumbs/00607_back.webp,95605e8b6a8d699d,00247e7f7f7e3c00
C:/Users/ASUS GAMING/Documents/GitHub/Sberatele_Podtacku/images/thumbs/00607_front.webp,85cd52324aad2f5b,18363a7f7f0e2618
C:/Users/ASUS GAMING/Documents/GitHub/Sberatele_Podtacku/images/thumbs/00608_back.webp,951656b63ab43ab4,0c3e3e3e3e3e1e08
C:/Users/ASUS GAMING/Documents/GitHub/Sberatele_Podtacku/images/thumbs/00608_front.webp,94e543e46bc24fd2,385e3e1e1e3e5c18
C:/Users/ASUS GAMING/Documents/GitHub/Sberatele_Podtacku/images/thumbs/00609_back.webp,956a417754d555c5,003f3f1e1e3e3e06
C:/Users/ASUS GAMING/Documents/GitHub/Sberatele_Podtacku/images/thumbs/00609_front.webp,8082753f5a7d4d74,18673b3f2f0f8740
C:/Users/ASUS GAMING/Documents/GitHub/Sberatele_Podtacku/images/thumbs/00610_back.webp,956b551555955635,000f1f1f1f1f7f02
C:/Users/ASUS GAMING/Documents/GitHub/Sberatele_Podtacku/images/thumbs/00610_front.webp,9d3a416d5135473d,008f878f9b32937e
C:/Users/ASUS GAMING/Documents/GitHub/Sberatele_Podtacku/images/thumbs/00611_back.webp,93ef65394d065269,02e77f3f1f0f0700
C:/Users/ASUS GAMING/Documents/GitHub/Sberatele_Podtacku/images/thumbs/00611_front.webp,87be70ec5d91c606,0e072f1f3f772700
C:/Users/ASUS GAMING/Documents/GitHub/Sberatele_Podtacku/images/thumbs/00612_back.webp,95ea559555855595,003f3f1f1f1f3e00
C:/Users/ASUS GAMING/Documents/GitHub/Sberatele_Podtacku/images/thumbs/00612_front.webp,9dca6131466773c5,003f3f3e7f1f0700
C:/Users/ASUS GAMING/Documents/GitHub/Sberatele_Podtacku/images/thumbs/00613_back.webp,95f7450a599951b3,0e776f1f0f0f0f00
C:/Users/ASUS GAMING/Documents/GitHub/Sberatele_Podtacku/images/thumbs/00613_front.webp,97bf68c2c4a5c09b,7e0d0f7f7e7e0000
C:/Users/ASUS GAMING/Documents/GitHub/Sberatele_Podtacku/images/thumbs/00614_back.webp,998f643523989f66,001e3e3fbfbe4e00
C:/Users/ASUS GAMING/Documents/GitHub/Sberatele_Podtacku/images/thumbs/00614_front.webp,950f5835cace2f70,081e3e7f7f0e5e00
C:/Users/ASUS GAMING/Documents/GitHub/Sberatele_Podtacku/images/thumbs/00615_back.webp,80315ff57ac038db,00267e3f3f7e3e00
C:/Users/ASUS GAMING/Documents/GitHub/Sberatele_Podtacku/images/thumbs/00615_front.webp,951e52bd6af069c8,00267e3f3f7e3e00
C:/Users/ASUS GAMING/Documents/GitHub/Sberatele_Podtacku/images/thumbs/00616_back.webp,91195b7d6af668c0,003c7e7e7e3e3e00
C:/Users/ASUS GAMING/Documents/GitHub/Sberatele_Podtacku/images/thumbs/00616_front.webp,9439537e6a986e62,001e3e1f5f3e3e18
C:/Users/ASUS GAMING/Documents/GitHub/Sberatele_Podtacku/images/thumbs/00617_back.webp,84675b981bc16d67,0034626f5f7e7e18
C:/Users/ASUS GAMING/Documents/GitHub/Sberatele_Podtacku/images/thumbs/00617_front.webp,8c6d51d7de785882,3c4219bfbd99423c
C:/Users/ASUS GAMING/Documents/GitHub/Sberatele_Podtacku/images/thumbs/00618_back.webp,912c5e335ac36b8d,00246e7f5f667e18
C:/Users/ASUS GAMING/Documents/GitHub/Sberatele_Podtacku/images/thumbs/00618_front.webp,942d51d79e7858d2,184219bfbf9d423c
C:/Users/ASUS GAMING/Documents/GitHub/Sberatele_Podtacku/images/thumbs/00619_back.webp,942e4e9e6b906b69,103c3e7e7e3e3e00
C:/Users/ASUS GAMING/Documents/GitHub/Sberatele_Podtacku/images/thumbs/00619_front.webp,911a57fd7ad06898,00363c1fbf7e7e00
C:/Users/ASUS GAMING/Documents/GitHub/Sberatele_Podtacku/images/thumbs/00620_back.webp,95aa243554d745eb,000f7f7e8f1f1e02
C:/Users/ASUS GAMING/Documents/GitHub/Sberatele_Podtacku/images/thumbs/00620_front.webp,9d52658d993b646c,0016101f3f3f3f3e
C:/Users/ASUS GAMING/Documents/GitHub/Sberatele_Podtacku/images/thumbs/00621_back.webp,9d42659d993b646c,0036101f1f3f3f3e
C:/Users/ASUS GAMING/Documents/GitHub/Sberatele_Podtacku/images/thumbs/00621_front.webp,a5a94a3e51d25557,01077f7f87879f00
C:/Users/ASUS GAMING/Documents/GitHub/Sberatele_Podtacku/images/thumbs/00622_back.webp,b58a547741cb4477,000f7f3f7f0f0f00
C:/Users/ASUS GAMING/Documents/GitHub/Sberatele_Podtacku/images/thumbs/00622_front.webp,9d7a618d993b446c,0022143e3f3f3f3e
C:/Users/ASUS GAMING/Documents/GitHub/Sberatele_Podtacku/images/thumbs/00623_back.webp,95ee08b511b555d9,0019fefe7e7e1c00
C:/Users/ASUS GAMING/Documents/GitHub/Sberatele_Podtacku/images/thumbs/00623_front.webp,91e4615b49777466,007fff4ece8e0f00
C:/Users/ASUS GAMING/Documents/GitHub/Sberatele_Podtacku/images/thumbs/00624_back.webp,956e00f5417b55d9,00191dbefebf1f00
C:/Users/ASUS GAMING/Documents/GitHub/Sberatele_Podtacku/images/thumbs/00624_front.webp,81a446d7719d5fd0,30763f6afe3c3c00
C:/Users/ASUS GAMING/Documents/GitHub/Sberatele_Podtacku/images/thumbs/00625_back.webp,9d6e00b5117b53d9,0019f9bdfffe1800
C:/Users/ASUS GAMING/Documents/GitHub/Sberatele_Podtacku/images/thumbs/00625_front.webp,d1626395309967ed,40e070fcfefe3e00
C:/Users/ASUS GAMING/Documents/GitHub/Sberatele_Podtacku/images/thumbs/00626_back.webp,95ae48f5416b5359,001f1f7f7efe1800
C:/Users/ASUS GAMING/Documents/GitHub/Sberatele_Podtacku/images/thumbs/00626_front.webp,91b24e6b65cd504f,040e4e7fefdc3e00
C:/Users/ASUS GAMING/Documents/GitHub/Sberatele_Podtacku/images/thumbs/00627_back.webp,958e48785bd3516d,00367eff87ee6600
C:/Users/ASUS GAMING/Documents/GitHub/Sberatele_Podtacku/images/thumbs/00627_front.webp,946244d93337373b,0070030f1f7f3f3e
C:/Users/ASUS GAMING/Documents/GitHub/Sberatele_Podtacku/images/thumbs/00628_back.webp,9dae40f1417b51d9,001f9fbcfefe1800
C:/Users/ASUS GAMING/Documents/GitHub/Sberatele_Podtacku/images/thumbs/00628_front.webp,957a6d8e05d35171,0000cc7fbf7f3f02
C:/Users/ASUS GAMING/Documents/GitHub/Sberatele_Podtacku/images/thumbs/00629_back.webp,95a53cd1519b32f4,06173f7fff760000
C:/Users/ASUS GAMING/Documents/GitHub/Sberatele_Podtacku/images/thumbs/00629_front.webp,9582483d771f2dcc,46ff7f0f7f021200
C:/Users/ASUS GAMING/Documents/GitHub/Sberatele_Podtacku/images/thumbs/00630_back.webp,9dad405e455b7266,021f0f3f3f3e3e00
C:/Users/ASUS GAMING/Documents/GitHub/Sberatele_Podtacku/images/thumbs/00630_front.webp,95a5605a677f4266,021f7f0f1e3ede00
C:/Users/ASUS GAMING/Documents/GitHub/Sberatele_Podtacku/images/thumbs/00631_back.webp,d763401c11f7476e,00c1f1afbf9f9c04
C:/Users/ASUS GAMING/Documents/GitHub/Sberatele_Podtacku/images/thumbs/00631_front.webp,c5083d77369079e3,00387c7e60feff02
C:/Users/ASUS GAMING/Documents/GitHub/Sberatele_Podtacku/images/thumbs/00632_back.webp,974b40b569b712d3,00383cbceefefe00
C:/Users/ASUS GAMING/Documents/GitHub/Sberatele_Podtacku/images/thumbs/00632_front.webp,954a212f34d664fe,00587efc1f3b7e02
C:/Users/ASUS GAMING/Documents/GitHub/Sberatele_Podtacku/images/thumbs/00633_back.webp,d54a40b161f772d3,00383cbceefefe00
C:/Users/ASUS GAMING/Documents/GitHub/Sberatele_Podtacku/images/thumbs/00633_front.webp,973d60fb4806364f,000a073fffff3e00
C:/Users/ASUS GAMING/Documents/GitHub/Sberatele_Podtacku/images/thumbs/00634_back.webp,d50f48b5693702f3,003cbca4e6fefe40
C:/Users/ASUS GAMING/Documents/GitHub/Sberatele_Podtacku/images/thumbs/00634_front.webp,d12f40dc2fd23578,002b66a680fefe7c
C:/Users/ASUS GAMING/Documents/GitHub/Sberatele_Podtacku/images/thumbs/00635_back.webp,81235f7c5ad07971,0024667e7e7e7e18
C:/Users/ASUS GAMING/Documents/GitHub/Sberatele_Podtacku/images/thumbs/00635_front.webp,90365f697e946893,183e6657e7427e18
C:/Users/ASUS GAMING/Documents/GitHub/Sberatele_Podtacku/images/thumbs/00636_back.webp,800a55755edc5ece,00427e7f7f667e00
C:/Users/ASUS GAMING/Documents/GitHub/Sberatele_Podtacku/images/thumbs/00636_front.webp,808055d55b7f3ed4,3c7fffc1ff030000
C:/Users/ASUS GAMING/Documents/GitHub/Sberatele_Podtacku/images/thumbs/00637_back.webp,91681e963f9c6969,003c4a7f7f7e3e00
C:/Users/ASUS GAMING/Documents/GitHub/Sberatele_Podtacku/images/thumbs/00637_front.webp,819254ed7a6d6b98,003e3c6dff3a7e00
C:/Users/ASUS GAMING/Documents/GitHub/Sberatele_Podtacku/images/thumbs/00638_back.webp,85ca1aac6a32b3e7,183c3e3efb7f1400
C:/Users/ASUS GAMING/Documents/GitHub/Sberatele_Podtacku/images/thumbs/00638_front.webp,91491dbc7ac76c26,00087e7fff7f2600
C:/Users/ASUS GAMING/Documents/GitHub/Sberatele_Podtacku/images/thumbs/00639_back.webp,902d555f5ef81a64,18661fada5bd423c
C:/Users/ASUS GAMING/Documents/GitHub/Sberatele_Podtacku/images/thumbs/00639_front.webp,803f5f787ab468c2,003c6e667e7c7e18
C:/Users/ASUS GAMING/Documents/GitHub/Sberatele_Podtacku/images/thumbs/00640_back.webp,95195ab629f167c8,003c7e7e7e7e3c00
C:/Users/ASUS GAMING/Documents/GitHub/Sberatele_Podtacku/images/thumbs/00640_front.webp,912e4a932bcc67b3,001c7e7f6e7e7c00
C:/Users/ASUS GAMING/Documents/GitHub/Sberatele_Podtacku/images/thumbs/00641_back.webp,842f5ffd6ad03860,003c7e67437e7e18
C:/Users/ASUS GAMING/Documents/GitHub/Sberatele_Podtacku/images/thumbs/00641_front.webp,841f5b7d6e9039c8,003c7e7e7b467e08
C:/Users/ASUS GAMING/Documents/GitHub/Sberatele_Podtacku/images/thumbs/00642_back.webp,c13711cd66726a6e,000ec0f0fcfcfc7c
C:/Users/ASUS GAMING/Documents/GitHub/Sberatele_Podtacku/images/thumbs/00642_front.webp,d7bf20644e587992,00b2bebcfcfeb200
C:/Users/ASUS GAMING/Documents/GitHub/Sberatele_Podtacku/images/thumbs/00643_back.webp,802a55d755d555d5,000e3e7e7e7e7e00
C:/Users/ASUS GAMING/Documents/GitHub/Sberatele_Podtacku/images/thumbs/00643_front.webp,c42a456f437b4c6e,00473e2c347e7e3e
C:/Users/ASUS GAMING/Documents/GitHub/Sberatele_Podtacku/images/thumbs/00644_back.webp,802a5517559757d7,000e3e7e7e7e7e00
C:/Users/ASUS GAMING/Documents/GitHub/Sberatele_Podtacku/images/thumbs/00644_front.webp,c02a456f535b5c6e,00477e2c347e7e2e
C:/Users/ASUS GAMING/Documents/GitHub/Sberatele_Podtacku/images/thumbs/00645_back.webp,802a15df55d555d5,000a7e7e7e7e7e00
C:/Users/ASUS GAMING/Documents/GitHub/Sberatele_Podtacku/images/thumbs/00645_front.webp,d52a456e5173546e,00473e2c367e7e1e
C:/Users/ASUS GAMING/Documents/GitHub/Sberatele_Podtacku/images/thumbs/00646_back.webp,d50a003f41f56f75,007e7afef686e600
C:/Users/ASUS GAMING/Documents/GitHub/Sberatele_Podtacku/images/thumbs/00646_front.webp,943e416b44e755dc,000f7f56564e7e0e
C:/Users/ASUS GAMING/Documents/GitHub/Sberatele_Podtacku/images/thumbs/00647_back.webp,d50a503f41f54b75,007e7c7e760efe00
C:/Users/ASUS GAMING/Documents/GitHub/Sberatele_Podtacku/images/thumbs/00647_front.webp,dc2a5079d1d3456b,0091911ffa98fc7e
C:/Users/ASUS GAMING/Documents/GitHub/Sberatele_Podtacku/images/thumbs/00648_back.webp,d58a353910c765d7,0099bdffbc80bc46
C:/Users/ASUS GAMING/Documents/GitHub/Sberatele_Podtacku/images/thumbs/00648_front.webp,80727c9e578b13cd,00407e3e7e7f7f00
C:/Users/ASUS GAMING/Documents/GitHub/Sberatele_Podtacku/images/thumbs/00649_back.webp,95af5172643dc14b,003b7f9fd7de0c00
C:/Users/ASUS GAMING/Documents/GitHub/Sberatele_Podtacku/images/thumbs/00649_front.webp,df2a406cc1e5c56e,00183cfebcbc987e
C:/Users/ASUS GAMING/Documents/GitHub/Sberatele_Podtacku/images/thumbs/00650_back.webp,802a55cb55d355db,000c7e7e7e7e7e00
C:/Users/ASUS GAMING/Documents/GitHub/Sberatele_Podtacku/images/thumbs/00650_front.webp,d58a30b6407d657e,003e7b7e7ef68600
C:/Users/ASUS GAMING/Documents/GitHub/Sberatele_Podtacku/images/thumbs/00651_back.webp,c46e11db446d15db,007f7e70707e7e02
C:/Users/ASUS GAMING/Documents/GitHub/Sberatele_Podtacku/images/thumbs/00651_front.webp,954a18b54ad7357a,00007efebebfbe00
C:/Users/ASUS GAMING/Documents/GitHub/Sberatele_Podtacku/images/thumbs/00652_back.webp,802a6fd56ad57a8a,00027f7e7e7e7e00
C:/Users/ASUS GAMING/Documents/GitHub/Sberatele_Podtacku/images/thumbs/00652_front.webp,9dca603d52972f70,00083fffbebf1e00
C:/Users/ASUS GAMING/Documents/GitHub/Sberatele_Podtacku/images/thumbs/00653_back.webp,903f5bf42ad039d2,000c3e7e7e7e7c18
C:/Users/ASUS GAMING/Documents/GitHub/Sberatele_Podtacku/images/thumbs/00653_front.webp,803d57633a9668bd,187e7e8581707e3c
C:/Users/ASUS GAMING/Documents/GitHub/Sberatele_Podtacku/images/thumbs/00654_back.webp,90cb4e3169ac79e3,183c7e7e664e1e18
C:/Users/ASUS GAMING/Documents/GitHub/Sberatele_Podtacku/images/thumbs/00654_front.webp,954c7ab34a3c2dc9,183c1e7e7e3e3c08
C:/Users/ASUS GAMING/Documents/GitHub/Sberatele_Podtacku/images/thumbs/00655_back.webp,c02b4fe53e943cd2,00307e7e7e7e7e00
C:/Users/ASUS GAMING/Documents/GitHub/Sberatele_Podtacku/images/thumbs/00655_front.webp,80381b776ec23b8f,003c7e7f767e3c00
C:/Users/ASUS GAMING/Documents/GitHub/Sberatele_Podtacku/images/thumbs/00656_back.webp,813b3cb555ca7165,003e7f7e7e7e0210
C:/Users/ASUS GAMING/Documents/GitHub/Sberatele_Podtacku/images/thumbs/00656_front.webp,87b9186f4ae66668,000f767e7e767610
C:/Users/ASUS GAMING/Documents/GitHub/Sberatele_Podtacku/images/thumbs/00657_back.webp,a43e15695d3615d3,006f67bf49e3e700
C:/Users/ASUS GAMING/Documents/GitHub/Sberatele_Podtacku/images/thumbs/00657_front.webp,a03f15691d3707e3,0077673f59e3e700
C:/Users/ASUS GAMING/Documents/GitHub/Sberatele_Podtacku/images/thumbs/00658_back.webp,807f157505e515f5,000e3e7e7e7e7e00
C:/Users/ASUS GAMING/Documents/GitHub/Sberatele_Podtacku/images/thumbs/00658_front.webp,a6e2911f844f1bf1,7ec3adb5a500827e
C:/Users/ASUS GAMING/Documents/GitHub/Sberatele_Podtacku/images/thumbs/00659_back.webp,85dd3887753265a5,003e3e7e7e3e3e00
C:/Users/ASUS GAMING/Documents/GitHub/Sberatele_Podtacku/images/thumbs/00659_front.webp,928525595d9b3e33,1e3f27fd7c0d0d00
C:/Users/ASUS GAMING/Documents/GitHub/Sberatele_Podtacku/images/thumbs/00660_back.webp,859d389735367495,003e3e7e7e3e3e00
C:/Users/ASUS GAMING/Documents/GitHub/Sberatele_Podtacku/images/thumbs/00660_front.webp,959a721d53726467,0c3f37bf3f1b1200
C:/Users/ASUS GAMING/Documents/GitHub/Sberatele_Podtacku/images/thumbs/00661_back.webp,943d5fea6aa16885,001c3e7e7e7e3e08
C:/Users/ASUS GAMING/Documents/GitHub/Sberatele_Podtacku/images/thumbs/00661_front.webp,9636768979d26638,003e3e3f7f3e3c00
C:/Users/ASUS GAMING/Documents/GitHub/Sberatele_Podtacku/images/thumbs/00662_back.webp,91635ccc7b2328cf,003c7e67677e3c18
C:/Users/ASUS GAMING/Documents/GitHub/Sberatele_Podtacku/images/thumbs/00662_front.webp,942358dc6b6639cb,003c7e67677e3c18
C:/Users/ASUS GAMING/Documents/GitHub/Sberatele_Podtacku/images/thumbs/00663_back.webp,85d05a5f3a392f38,007c7e7f7f3e1800
C:/Users/ASUS GAMING/Documents/GitHub/Sberatele_Podtacku/images/thumbs/00663_front.webp,957c7a818a3d4b72,181c1e7f7f3e1e00
C:/Users/ASUS GAMING/Documents/GitHub/Sberatele_Podtacku/images/thumbs/00664_back.webp,853357c47acc6999,00267e1f7f7e3e00
C:/Users/ASUS GAMING/Documents/GitHub/Sberatele_Podtacku/images/thumbs/00664_front.webp,94665f987a493e34,187e7601c77e7e08
C:/Users/ASUS GAMING/Documents/GitHub/Sberatele_Podtacku/images/thumbs/00665_back.webp,85605f3b6a853c5b,00347e77697e3e18
C:/Users/ASUS GAMING/Documents/GitHub/Sberatele_Podtacku/images/thumbs/00665_front.webp,942c59c36f916e1e,18463ee5a57e6e18
C:/Users/ASUS GAMING/Documents/GitHub/Sberatele_Podtacku/images/thumbs/00666_back.webp,95985ae16e36698e,081c3e3f7f7e1e00
C:/Users/ASUS GAMING/Documents/GitHub/Sberatele_Podtacku/images/thumbs/00666_front.webp,847e59816af14e9b,184e3667257e7e18
C:/Users/ASUS GAMING/Documents/GitHub/Sberatele_Podtacku/images/thumbs/00667_back.webp,906c4b326e3d39ce,187e6ec3c3467e18
C:/Users/ASUS GAMING/Documents/GitHub/Sberatele_Podtacku/images/thumbs/00667_front.webp,946643986a4f3f36,187e6681c77e7e08
C:/Users/ASUS GAMING/Documents/GitHub/Sberatele_Podtacku/images/thumbs/00668_back.webp,da6f05ad54d261d2,18187cfcfc787c0c
C:/Users/ASUS GAMING/Documents/GitHub/Sberatele_Podtacku/images/thumbs/00668_front.webp,9dc9153fc0db5036,1e1f5cff1f0a0f00
C:/Users/ASUS GAMING/Documents/GitHub/Sberatele_Podtacku/images/thumbs/00669_back.webp,856d5ee30a7469a6,001c3a3f3f7e3e18
C:/Users/ASUS GAMING/Documents/GitHub/Sberatele_Podtacku/images/thumbs/00669_front.webp,d09e43614e9b39c7,18667effe342421c
C:/Users/ASUS GAMING/Documents/GitHub/Sberatele_Podtacku/images/thumbs/00670_back.webp,94685fc97a653a85,003c667e7e7e3e08
C:/Users/ASUS GAMING/Documents/GitHub/Sberatele_Podtacku/images/thumbs/00670_front.webp,96e5496e62991bb4,003c7e7e7f3e1c08
C:/Users/ASUS GAMING/Documents/GitHub/Sberatele_Podtacku/images/thumbs/00671_back.webp,916c5a664ae66937,000e6e7f7f0e3e0c
C:/Users/ASUS GAMING/Documents/GitHub/Sberatele_Podtacku/images/thumbs/00671_front.webp,95395ad0686769c7,003c7e5e7e7e3c10
C:/Users/ASUS GAMING/Documents/GitHub/Sberatele_Podtacku/images/thumbs/00672_back.webp,956f52804bc7cb9c,18063f3f3f3f0e08
C:/Users/ASUS GAMING/Documents/GitHub/Sberatele_Podtacku/images/thumbs/00672_front.webp,84315f4b4ebd3863,184646ffbd5e6218
C:/Users/ASUS GAMING/Documents/GitHub/Sberatele_Podtacku/images/thumbs/00673_back.webp,9d3c72936a9cca61,001e1e1f3f3f3e18
C:/Users/ASUS GAMING/Documents/GitHub/Sberatele_Podtacku/images/thumbs/00673_front.webp,946e51e44ec51a6f,18421cbfbf3e5a18
C:/Users/ASUS GAMING/Documents/GitHub/Sberatele_Podtacku/images/thumbs/00674_back.webp,913146467a996d77,003c3e7f7f3e3c00
C:/Users/ASUS GAMING/Documents/GitHub/Sberatele_Podtacku/images/thumbs/00674_front.webp,95645a0a6ab13b9f,003c3e7f3e3e3e08
C:/Users/ASUS GAMING/Documents/GitHub/Sberatele_Podtacku/images/thumbs/00675_back.webp,807f55f355c155c1,000e3e3e7e7e7f00
C:/Users/ASUS GAMING/Documents/GitHub/Sberatele_Podtacku/images/thumbs/00675_front.webp,80af3dc1159575ad,4687c37e7e7e4600
C:/Users/ASUS GAMING/Documents/GitHub/Sberatele_Podtacku/images/thumbs/00676_back.webp,a2995d6695350d3e,0e7c1f6767670226
C:/Users/ASUS GAMING/Documents/GitHub/Sberatele_Podtacku/images/thumbs/00676_front.webp,903b6d6e32921dad,000f1e1e7e7e7f02
C:/Users/ASUS GAMING/Documents/GitHub/Sberatele_Podtacku/images/thumbs/00677_back.webp,8b9a65c69c93c71c,0f070f1f3b670707
C:/Users/ASUS GAMING/Documents/GitHub/Sberatele_Podtacku/images/thumbs/00677_front.webp,a197743cd7c3603c,7f87037f3f030702
C:/Users/ASUS GAMING/Documents/GitHub/Sberatele_Podtacku/images/thumbs/00678_back.webp,95b36be15a901e53,2c2c2e7e7e3e6e00
C:/Users/ASUS GAMING/Documents/GitHub/Sberatele_Podtacku/images/thumbs/00678_front.webp,95e65b915a96291b,247666766e7e3e00
C:/Users/ASUS GAMING/Documents/GitHub/Sberatele_Podtacku/images/thumbs/00679_back.webp,91d14b935a163cde,3c7e5a4a5e5e3e00
C:/Users/ASUS GAMING/Documents/GitHub/Sberatele_Podtacku/images/thumbs/00679_front.webp,95b25b995ad2691a,0c7666665e7e7e00
C:/Users/ASUS GAMING/Documents/GitHub/Sberatele_Podtacku/images/thumbs/00680_back.webp,85b63ee459934e46,10163e3e7a7e7618
C:/Users/ASUS GAMING/Documents/GitHub/Sberatele_Podtacku/images/thumbs/00680_front.webp,952c6a876ad64ac7,061e1e3e7e7e3e00
C:/Users/ASUS GAMING/Documents/GitHub/Sberatele_Podtacku/images/thumbs/00681_back.webp,94b45aa54bd34bc3,1c467e6e467e7e00
C:/Users/ASUS GAMING/Documents/GitHub/Sberatele_Podtacku/images/thumbs/00681_front.webp,84e65b935ad2691b,2c7666664e7e7e00
C:/Users/ASUS GAMING/Documents/GitHub/Sberatele_Podtacku/images/thumbs/00682_back.webp,95b35a916ad26d13,3c7e7e42427e7e00
C:/Users/ASUS GAMING/Documents/GitHub/Sberatele_Podtacku/images/thumbs/00682_front.webp,94a75a935ad2691b,2c7666664e7e7e00
C:/Users/ASUS GAMING/Documents/GitHub/Sberatele_Podtacku/images/thumbs/00683_back.webp,94b64be15a960fc3,3c5e3e06427e7e18
C:/Users/ASUS GAMING/Documents/GitHub/Sberatele_Podtacku/images/thumbs/00683_front.webp,95a65b931ad2691b,2c7666664e7e7e00
C:/Users/ASUS GAMING/Documents/GitHub/Sberatele_Podtacku/images/thumbs/00684_back.webp,95f11a927ad2691b,3c5e5a5a667e3e00
C:/Users/ASUS GAMING/Documents/GitHub/Sberatele_Podtacku/images/thumbs/00684_front.webp,95a25b995ad2691b,2c7666665e7e3e00
C:/Users/ASUS GAMING/Documents/GitHub/Sberatele_Podtacku/images/thumbs/00685_back.webp,95b35a916ad26d13,1c7e666666767e00
C:/Users/ASUS GAMING/Documents/GitHub/Sberatele_Podtacku/images/thumbs/00685_front.webp,94a75a935ad2691b,2c7666664e7e7e00
C:/Users/ASUS GAMING/Documents/GitHub/Sberatele_Podtacku/images/thumbs/00686_back.webp,95b35aa17bd209d2,00667e5e7e7e3e00
C:/Users/ASUS GAMING/Documents/GitHub/Sberatele_Podtacku/images/thumbs/00686_front.webp,85e65b835ad2691b,2c7666664e7e7e00
C:/Users/ASUS GAMING/Documents/GitHub/Sberatele_Podtacku/images/thumbs/00687_back.webp,95b74a914bd23e52,3c66666666667e18
C:/Users/ASUS GAMING/Documents/GitHub/Sberatele_Podtacku/images/thumbs/00687_front.webp,85a65b935ad2691b,2c7666664e7e7e00
C:/Users/ASUS GAMING/Documents/GitHub/Sberatele_Podtacku/images/thumbs/00688_back.webp,91e51a927bc6685b,3c7e7a424a7e7e00
C:/Users/ASUS GAMING/Documents/GitHub/Sberatele_Podtacku/images/thumbs/00688_front.webp,95a25b997a92691b,2c7666666e7e3e00
C:/Users/ASUS GAMING/Documents/GitHub/Sberatele_Podtacku/images/thumbs/00689_back.webp,a0e30f3d11376e3a,067d61674f4f025e
C:/Users/ASUS GAMING/Documents/GitHub/Sberatele_Podtacku/images/thumbs/00689_front.webp,948769794437d437,023d7f7e3fdf0000
C:/Users/ASUS GAMING/Documents/GitHub/Sberatele_Podtacku/images/thumbs/00690_back.webp,9edbc16741136c3a,263f9f0f8181077e
C:/Users/ASUS GAMING/Documents/GitHub/Sberatele_Podtacku/images/thumbs/00690_front.webp,80a735e15c1fe19b,04177f377fef0200
C:/Users/ASUS GAMING/Documents/GitHub/Sberatele_Podtacku/images/thumbs/00691_back.webp,94626b9cc3e13ce5,0c1c1c7e7e1e7e18
C:/Users/ASUS GAMING/Documents/GitHub/Sberatele_Podtacku/images/thumbs/00691_front.webp,945273a1ce947af1,1c041c7e7e3e7e18
C:/Users/ASUS GAMING/Documents/GitHub/Sberatele_Podtacku/images/thumbs/00692_back.webp,843e7fc06bc8ca55,0000ffffffff0000
C:/Users/ASUS GAMING/Documents/GitHub/Sberatele_Podtacku/images/thumbs/00692_front.webp,b4a2494d4a3e3ebc,0067af2fffcf8200
C:/Users/ASUS GAMING/Documents/GitHub/Sberatele_Podtacku/images/thumbs/00693_back.webp,95aae45d51ec5551,7e6fe70000027f7e
C:/Users/ASUS GAMING/Documents/GitHub/Sberatele_Podtacku/images/thumbs/00693_front.webp,80bf9453459d156f,7e5fff000000ff72
C:/Users/ASUS GAMING/Documents/GitHub/Sberatele_Podtacku/images/thumbs/00694_back.webp,95aac51951ed5959,08ffef020800ff7e
C:/Users/ASUS GAMING/Documents/GitHub/Sberatele_Podtacku/images/thumbs/00694_front.webp,85bed44743951567,7e7f7f040000ff70
C:/Users/ASUS GAMING/Documents/GitHub/Sberatele_Podtacku/images/thumbs/00695_back.webp,95aaa51f57ac1515,06ff67020802ff7e
C:/Users/ASUS GAMING/Documents/GitHub/Sberatele_Podtacku/images/thumbs/00695_front.webp,81abd44f479c1567,387f7f060002ff72
C:/Users/ASUS GAMING/Documents/GitHub/Sberatele_Podtacku/images/thumbs/00696_back.webp,891954f75e621bcc,1c5a19999d2d7e1c
C:/Users/ASUS GAMING/Documents/GitHub/Sberatele_Podtacku/images/thumbs/00696_front.webp,908c455f5af63f18,185a1efd9d187e18
C:/Users/ASUS GAMING/Documents/GitHub/Sberatele_Podtacku/images/thumbs/00697_back.webp,9c9c44655bd29b9c,185a3d9d9d255a3c
C:/Users/ASUS GAMING/Documents/GitHub/Sberatele_Podtacku/images/thumbs/00697_front.webp,999c451f4af62f18,185a1efd9d187e18
C:/Users/ASUS GAMING/Documents/GitHub/Sberatele_Podtacku/images/thumbs/00698_back.webp,999944664fe64f1c,385e9c999dac5a38
C:/Users/ASUS GAMING/Documents/GitHub/Sberatele_Podtacku/images/thumbs/00698_front.webp,909c555f5af21f18,1c1a1ffd1d187e18
C:/Users/ASUS GAMING/Documents/GitHub/Sberatele_Podtacku/images/thumbs/00699_back.webp,916f455067e16a9e,00ff1d431f4d7f02
C:/Users/ASUS GAMING/Documents/GitHub/Sberatele_Podtacku/images/thumbs/00699_front.webp,812a546b6b943fd3,007e7f5a387e7e00
C:/Users/ASUS GAMING/Documents/GitHub/Sberatele_Podtacku/images/thumbs/00700_back.webp,851c557f4af26a70,081a7e3f3f3e1a18
C:/Users/ASUS GAMING/Documents/GitHub/Sberatele_Podtacku/images/thumbs/00700_front.webp,941d41fe4a723fb0,18581efc9f1c7e18
C:/Users/ASUS GAMING/Documents/GitHub/Sberatele_Podtacku/images/thumbs/00701_back.webp,958c583f4bf62a32,18187e3f7f3e1818
C:/Users/ASUS GAMING/Documents/GitHub/Sberatele_Podtacku/images/thumbs/00701_front.webp,941d41e64e730fb6,18180ef6bf3e5e18
C:/Users/ASUS GAMING/Documents/GitHub/Sberatele_Podtacku/images/thumbs/00702_back.webp,848c5b332bdb6f48,181e3a7b5b3e1e18
C:/Users/ASUS GAMING/Documents/GitHub/Sberatele_Podtacku/images/thumbs/00702_front.webp,844c53331be56dd6,183c727727667e18
C:/Users/ASUS GAMING/Documents/GitHub/Sberatele_Podtacku/images/thumbs/00703_back.webp,c4955b3a4fe53cc0,003c7e7e3e1e7c18
C:/Users/ASUS GAMING/Documents/GitHub/Sberatele_Podtacku/images/thumbs/00703_front.webp,813a5f5d4b722ce8,183c3e3e3e1e7c18
C:/Users/ASUS GAMING/Documents/GitHub/Sberatele_Podtacku/images/thumbs/00704_back.webp,909e466f1bb16e34,185e5effef404218
C:/Users/ASUS GAMING/Documents/GitHub/Sberatele_Podtacku/images/thumbs/00704_front.webp,948f5b740b720db3,007e7e7fe74a4608
C:/Users/ASUS GAMING/Documents/GitHub/Sberatele_Podtacku/images/thumbs/00705_back.webp,80cb5f3c3a476a69,007e74f7d7567a00
C:/Users/ASUS GAMING/Documents/GitHub/Sberatele_Podtacku/images/thumbs/00705_front.webp,948f5b744b7209d3,003e7e7fe74a4618
C:/Users/ASUS GAMING/Documents/GitHub/Sberatele_Podtacku/images/thumbs/00706_back.webp,81795f147ada28cb,003c7e7e7e7e3c00
C:/Users/ASUS GAMING/Documents/GitHub/Sberatele_Podtacku/images/thumbs/00706_front.webp,9536589d0b666f70,185e267f7e3e1e00
C:/Users/ASUS GAMING/Documents/GitHub/Sberatele_Podtacku/images/thumbs/00707_back.webp,916c5ea92b6f6c84,002c7e666f7e3e18
C:/Users/ASUS GAMING/Documents/GitHub/Sberatele_Podtacku/images/thumbs/00707_front.webp,9c1b53764ed868f0,186e1e9b9b1a7e18
C:/Users/ASUS GAMING/Documents/GitHub/Sberatele_Podtacku/images/thumbs/00708_back.webp,95ca4a6670d1559f,007e1e5e5e7e7e00
C:/Users/ASUS GAMING/Documents/GitHub/Sberatele_Podtacku/images/thumbs/00708_front.webp,95cb44f619e55439,3c3f3f0e0e666606
C:/Users/ASUS GAMING/Documents/GitHub/Sberatele_Podtacku/images/thumbs/00709_back.webp,bfa0d04bc54f416e,62e79fbf0101817e
C:/Users/ASUS GAMING/Documents/GitHub/Sberatele_Podtacku/images/thumbs/00709_front.webp,cc6e117350b5516f,40d110d2f0fcfb7a
C:/Users/ASUS GAMING/Documents/GitHub/Sberatele_Podtacku/images/thumbs/00710_back.webp,c5e24ff1114f701d,60f0f0fefefc3000
C:/Users/ASUS GAMING/Documents/GitHub/Sberatele_Podtacku/images/thumbs/00710_front.webp,95a253596e94716b,007ee79701ff7e00
C:/Users/ASUS GAMING/Documents/GitHub/Sberatele_Podtacku/images/thumbs/00711_back.webp,853d5ef9686825c3,001c3e7f7f7e3c00
C:/Users/ASUS GAMING/Documents/GitHub/Sberatele_Podtacku/images/thumbs/00711_front.webp,95375a9928d86d71,003c7eff477e3c00
C:/Users/ASUS GAMING/Documents/GitHub/Sberatele_Podtacku/images/thumbs/00712_back.webp,956b786931e565c4,00183c3e3e7e7e3c
C:/Users/ASUS GAMING/Documents/GitHub/Sberatele_Podtacku/images/thumbs/00712_front.webp,954a6a69ed256666,00182c7e7e4e5e7e
C:/Users/ASUS GAMING/Documents/GitHub/Sberatele_Podtacku/images/thumbs/00713_back.webp,953156376a5a6cd8,003e7e1f7f7e1c00
C:/Users/ASUS GAMING/Documents/GitHub/Sberatele_Podtacku/images/thumbs/00713_front.webp,950d52ff0a787d30,182e1ebfbf3e4600
C:/Users/ASUS GAMING/Documents/GitHub/Sberatele_Podtacku/images/thumbs/00714_back.webp,952a40f155f754d5,001e3e3e7e7e7e00
C:/Users/ASUS GAMING/Documents/GitHub/Sberatele_Podtacku/images/thumbs/00714_front.webp,858a6f9975c730d8,003c7e7e7e7e3c00
C:/Users/ASUS GAMING/Documents/GitHub/Sberatele_Podtacku/images/thumbs/00715_back.webp,913a467315ad46cf,00473d0a0afcff76
C:/Users/ASUS GAMING/Documents/GitHub/Sberatele_Podtacku/images/thumbs/00715_front.webp,81b406c973bf1ea5,065f0fc763797b00
C:/Users/ASUS GAMING/Documents/GitHub/Sberatele_Podtacku/images/thumbs/00716_back.webp,802a35297f7d3b25,000e3e7e7e7e7e00
C:/Users/ASUS GAMING/Documents/GitHub/Sberatele_Podtacku/images/thumbs/00716_front.webp,913bcdc632964c2f,4e49864ea67e7e06
C:/Users/ASUS GAMING/Documents/GitHub/Sberatele_Podtacku/images/thumbs/00717_back.webp,85aa357551d155d5,001e3e7e7e7e3e00
C:/Users/ASUS GAMING/Documents/GitHub/Sberatele_Podtacku/images/thumbs/00717_front.webp,807368cc6c697737,007f263e3e3e7f00
C:/Users/ASUS GAMING/Documents/GitHub/Sberatele_Podtacku/images/thumbs/00718_back.webp,806a755f24d375d2,001e3e7e3e7e7e00
C:/Users/ASUS GAMING/Documents/GitHub/Sberatele_Podtacku/images/thumbs/00718_front.webp,81cb32941eb66fcc,064f6b3f7f4a6600
C:/Users/ASUS GAMING/Documents/GitHub/Sberatele_Podtacku/images/thumbs/00719_back.webp,95ea6a1d7f107e10,007f7e7e7e1e0e00
C:/Users/ASUS GAMING/Documents/GitHub/Sberatele_Podtacku/images/thumbs/00719_front.webp,cfb130ce4339169b,cf838fa1b9b19b02
C:/Users/ASUS GAMING/Documents/GitHub/Sberatele_Podtacku/images/thumbs/00720_back.webp,95ea4ab57e006e35,007e7e7e7e3e0e00
C:/Users/ASUS GAMING/Documents/GitHub/Sberatele_Podtacku/images/thumbs/00720_front.webp,f8e035c983374d8d,e2c1e1fcfcd90306
C:/Users/ASUS GAMING/Documents/GitHub/Sberatele_Podtacku/images/thumbs/00721_back.webp,85ea2a157b157e15,007e7e7e7e1e1e00
C:/Users/ASUS GAMING/Documents/GitHub/Sberatele_Podtacku/images/thumbs/00721_front.webp,8c6a516c57fb2187,00000d1d3f17ff7f
C:/Users/ASUS GAMING/Documents/GitHub/Sberatele_Podtacku/images/thumbs/00722_back.webp,85ee44bd4c157e1c,007e7e7e3f3e0e00
C:/Users/ASUS GAMING/Documents/GitHub/Sberatele_Podtacku/images/thumbs/00722_front.webp,92c3253ed56d164d,7efdfcfd7c040000
C:/Users/ASUS GAMING/Documents/GitHub/Sberatele_Podtacku/images/thumbs/00723_back.webp,90c657934a7d3c3c,187e46dfcf4e0e08
C:/Users/ASUS GAMING/Documents/GitHub/Sberatele_Podtacku/images/thumbs/00723_front.webp,95c352646a9b696d,187e3effc3421e08
C:/Users/ASUS GAMING/Documents/GitHub/Sberatele_Podtacku/images/thumbs/00724_back.webp,80ff7f3078386b28,007e7e7e3e3e1e00
C:/Users/ASUS GAMING/Documents/GitHub/Sberatele_Podtacku/images/thumbs/00724_front.webp,95aad00e5ba17477,7effc702000e7e0e
C:/Users/ASUS GAMING/Documents/GitHub/Sberatele_Podtacku/images/thumbs/00725_back.webp,95c35e1f6a1e681a,083e7e7e7e1e1e00
C:/Users/ASUS GAMING/Documents/GitHub/Sberatele_Podtacku/images/thumbs/00725_front.webp,95c05b1f4a366b99,187e46f78f463e08
C:/Users/ASUS GAMING/Documents/GitHub/Sberatele_Podtacku/images/thumbs/00726_back.webp,94c95a3c3a3d6d98,003e7e7f7f461e00
C:/Users/ASUS GAMING/Documents/GitHub/Sberatele_Podtacku/images/thumbs/00726_front.webp,95615a337a3d6c92,183e7e03477e3e18
C:/Users/ASUS GAMING/Documents/GitHub/Sberatele_Podtacku/images/thumbs/00727_back.webp,94605e3e2e186dfc,103c7e3f7e3e1c08
C:/Users/ASUS GAMING/Documents/GitHub/Sberatele_Podtacku/images/thumbs/00727_front.webp,95495e136b9d28ab,083c7e3c3f7e3c10
C:/Users/ASUS GAMING/Documents/GitHub/Sberatele_Podtacku/images/thumbs/00728_back.webp,90c15f3f7a9c6838,003e7e7f5f1e1e00
C:/Users/ASUS GAMING/Documents/GitHub/Sberatele_Podtacku/images/thumbs/00728_front.webp,81c05f1f7a5e691a,003e7e7f7e3e1c00
C:/Users/ASUS GAMING/Documents/GitHub/Sberatele_Podtacku/images/thumbs/00729_back.webp,84fb57005595669f,007e7f3e3e3e1e00
C:/Users/ASUS GAMING/Documents/GitHub/Sberatele_Podtacku/images/thumbs/00729_front.webp,95c47023476d669f,205e3f3e3e1f1e04
C:/Users/ASUS GAMING/Documents/GitHub/Sberatele_Podtacku/images/thumbs/00730_back.webp,9585523f6a786b70,083e7f8f8f8f0e08
C:/Users/ASUS GAMING/Documents/GitHub/Sberatele_Podtacku/images/thumbs/00730_front.webp,9587429e2b3c2f78,1c7e0eff3f021e08
C:/Users/ASUS GAMING/Documents/GitHub/Sberatele_Podtacku/images/thumbs/00731_back.webp,95c35a2d6a3d2b1c,003e3e7f3f3e1e00
C:/Users/ASUS GAMING/Documents/GitHub/Sberatele_Podtacku/images/thumbs/00731_front.webp,8cc873674a326d8f,083e3e3f3f3a3e00
C:/Users/ASUS GAMING/Documents/GitHub/Sberatele_Podtacku/images/thumbs/00732_back.webp,95c35a256a3c6b5c,003e3e3f3f3e1e08
C:/Users/ASUS GAMING/Documents/GitHub/Sberatele_Podtacku/images/thumbs/00732_front.webp,846957b86bc72b4a,00067c7b7f7f3e00
C:/Users/ASUS GAMING/Documents/GitHub/Sberatele_Podtacku/images/thumbs/00733_back.webp,95605a8e6ade694e,003c7e7e7e3e3e00
C:/Users/ASUS GAMING/Documents/GitHub/Sberatele_Podtacku/images/thumbs/00733_front.webp,956852374ada789e,1c665b9b83437e1c
C:/Users/ASUS GAMING/Documents/GitHub/Sberatele_Podtacku/images/thumbs/00734_back.webp,954f5ee44a442b37,1818003fff7e7e18
C:/Users/ASUS GAMING/Documents/GitHub/Sberatele_Podtacku/images/thumbs/00734_front.webp,94674b1c3ed76868,003c7e7f7f5e1c00
C:/Users/ASUS GAMING/Documents/GitHub/Sberatele_Podtacku/images/thumbs/00735_back.webp,95695af26b256958,001c1a3f3f7e7e18
C:/Users/ASUS GAMING/Documents/GitHub/Sberatele_Podtacku/images/thumbs/00735_front.webp,94665b1c7ad76838,003c7e7f7f5e1c00
C:/Users/ASUS GAMING/Documents/GitHub/Sberatele_Podtacku/images/thumbs/00736_back.webp,954f5abc4a316c71,002e7e7f3f7e0608
C:/Users/ASUS GAMING/Documents/GitHub/Sberatele_Podtacku/images/thumbs/00736_front.webp,94664b1c7ed76838,003c6e7f7f5e3c00
C:/Users/ASUS GAMING/Documents/GitHub/Sberatele_Podtacku/images/thumbs/00737_back.webp,913957c74e663839,185e4e819f7e3e18
C:/Users/ASUS GAMING/Documents/GitHub/Sberatele_Podtacku/images/thumbs/00737_front.webp,946a5fb17a962a4a,001e3e3f7f5e3e00
C:/Users/ASUS GAMING/Documents/GitHub/Sberatele_Podtacku/images/thumbs/00738_back.webp,91ec50974f331a76,185a199f9f1f4e18
C:/Users/ASUS GAMING/Documents/GitHub/Sberatele_Podtacku/images/thumbs/00738_front.webp,9564549fdab44a1b,1c021d7f3f3f061c
C:/Users/ASUS GAMING/Documents/GitHub/Sberatele_Podtacku/images/thumbs/00739_back.webp,85d5559855bd55a8,003e3f3f3f1f0f00
C:/Users/ASUS GAMING/Documents/GitHub/Sberatele_Podtacku/images/thumbs/00739_front.webp,99f5c5384d975087,3e7f7f0119195f00
C:/Users/ASUS GAMING/Documents/GitHub/Sberatele_Podtacku/images/thumbs/00740_back.webp,c194070e3f633a6f,3c7e6eece7666000
C:/Users/ASUS GAMING/Documents/GitHub/Sberatele_Podtacku/images/thumbs/00740_front.webp,90ce43374fb23f18,187e5edf9f060e08
C:/Users/ASUS GAMING/Documents/GitHub/Sberatele_Podtacku/images/thumbs/00741_back.webp,bd3f858c40e3d1b4,0881838199ffff66
C:/Users/ASUS GAMING/Documents/GitHub/Sberatele_Podtacku/images/thumbs/00741_front.webp,85b678e935cd069c,003e3e7f7f787800
C:/Users/ASUS GAMING/Documents/GitHub/Sberatele_Podtacku/images/thumbs/00742_back.webp,a59dd06b43a75594,7eff07030183e336
C:/Users/ASUS GAMING/Documents/GitHub/Sberatele_Podtacku/images/thumbs/00742_front.webp,81c6546a47bd473d,3e7e3f7f39010b00
C:/Users/ASUS GAMING/Documents/GitHub/Sberatele_Podtacku/images/thumbs/00743_back.webp,b5c0813f55e964d6,7e7fd78286070706
C:/Users/ASUS GAMING/Documents/GitHub/Sberatele_Podtacku/images/thumbs/00743_front.webp,ac7c51d3d3a25ce0,7e831313770f6706
C:/Users/ASUS GAMING/Documents/GitHub/Sberatele_Podtacku/images/thumbs/00744_back.webp,94d65b897e342b4c,003c7e7f5f1e1e08
C:/Users/ASUS GAMING/Documents/GitHub/Sberatele_Podtacku/images/thumbs/00744_front.webp,976458d96b963835,00323e7f3f7e3e00
C:/Users/ASUS GAMING/Documents/GitHub/Sberatele_Podtacku/images/thumbs/00745_back.webp,9771548e6b6cca31,003e7e1f3f3e3e00
C:/Users/ASUS GAMING/Documents/GitHub/Sberatele_Podtacku/images/thumbs/00745_front.webp,976c58d96b923835,00323f7f3f7e1e00
C:/Users/ASUS GAMING/Documents/GitHub/Sberatele_Podtacku/images/thumbs/00746_back.webp,9761548e6b344a7d,003e3e3f3f3e3e00
C:/Users/ASUS GAMING/Documents/GitHub/Sberatele_Podtacku/images/thumbs/00746_front.webp,976558596b963835,003a3e7f3f7e1e00
C:/Users/ASUS GAMING/Documents/GitHub/Sberatele_Podtacku/images/thumbs/00747_back.webp,9471558e7b644ad9,003e7e3f3f3e1e00
C:/Users/ASUS GAMING/Documents/GitHub/Sberatele_Podtacku/images/thumbs/00747_front.webp,976558996b923837,00323f7f3f7e1e00
C:/Users/ASUS GAMING/Documents/GitHub/Sberatele_Podtacku/images/thumbs/00748_back.webp,966155ce7b34ca31,003e3e1f3f3e3e08
C:/Users/ASUS GAMING/Documents/GitHub/Sberatele_Podtacku/images/thumbs/00748_front.webp,976c58c96b963835,0032377f3f7e3e00
C:/Users/ASUS GAMING/Documents/GitHub/Sberatele_Podtacku/images/thumbs/00749_back.webp,94c84b9f0b52699f,187e7e471f7e2600
C:/Users/ASUS GAMING/Documents/GitHub/Sberatele_Podtacku/images/thumbs/00749_front.webp,91cc51876f726c39,187e7eb9837e4608
C:/Users/ASUS GAMING/Documents/GitHub/Sberatele_Podtacku/images/thumbs/00750_back.webp,95c35e346a87e8b2,003c7e3f5f7e1e00
C:/Users/ASUS GAMING/Documents/GitHub/Sberatele_Podtacku/images/thumbs/00750_front.webp,954b5e256a966933,001c3e3f7f7e1e08
C:/Users/ASUS GAMING/Documents/GitHub/Sberatele_Podtacku/images/thumbs/00751_back.webp,97d952367a642987,083e3f7f3f072604
C:/Users/ASUS GAMING/Documents/GitHub/Sberatele_Podtacku/images/thumbs/00751_front.webp,91c4535b5a4f6e8c,187e7fffff000200
C:/Users/ASUS GAMING/Documents/GitHub/Sberatele_Podtacku/images/thumbs/00752_back.webp,906a5fb56a87686c,003c7e7e7e7e3c00
C:/Users/ASUS GAMING/Documents/GitHub/Sberatele_Podtacku/images/thumbs/00752_front.webp,947c4bc73a3a38f0,183e4e47677e3e08
C:/Users/ASUS GAMING/Documents/GitHub/Sberatele_Podtacku/images/thumbs/00753_back.webp,95d25a2b6b3d281b,1c7e7fffe3430000
C:/Users/ASUS GAMING/Documents/GitHub/Sberatele_Podtacku/images/thumbs/00753_front.webp,876758981a986f67,1866263f3f2e7e08
C:/Users/ASUS GAMING/Documents/GitHub/Sberatele_Podtacku/images/thumbs/00754_back.webp,95c55a2a6a57295e,003e7e7f3f1e3c00
C:/Users/ASUS GAMING/Documents/GitHub/Sberatele_Podtacku/images/thumbs/00754_front.webp,94e655195b397a38,08363ebf3f3e0618
C:/Users/ASUS GAMING/Documents/GitHub/Sberatele_Podtacku/images/thumbs/00755_back.webp,90db0f661e9968ce,187e7ede5e423e00
C:/Users/ASUS GAMING/Documents/GitHub/Sberatele_Podtacku/images/thumbs/00755_front.webp,9063472e3ab168ef,003e7e5e5e5e3e08
C:/Users/ASUS GAMING/Documents/GitHub/Sberatele_Podtacku/images/thumbs/00756_back.webp,954a53ad4a1f6b0d,003c3e7f7f3e1e00
C:/Users/ASUS GAMING/Documents/GitHub/Sberatele_Podtacku/images/thumbs/00756_front.webp,90b9558f5a3c1ad9,1c6e5b81bd1b5e18
C:/Users/ASUS GAMING/Documents/GitHub/Sberatele_Podtacku/images/thumbs/00757_back.webp,806a472d7f943e96,00207efeff7e3c00
C:/Users/ASUS GAMING/Documents/GitHub/Sberatele_Podtacku/images/thumbs/00757_front.webp,90605f8e4af1d91f,18045e7f3f3e2e18
C:/Users/ASUS GAMING/Documents/GitHub/Sberatele_Podtacku/images/thumbs/00758_back.webp,954a5e854e4d2b3d,002c7e7e7e7e3e00
C:/Users/ASUS GAMING/Documents/GitHub/Sberatele_Podtacku/images/thumbs/00758_front.webp,80d25f857a6fc82e,003e3e4f7f7e1c08
C:/Users/ASUS GAMING/Documents/GitHub/Sberatele_Podtacku/images/thumbs/00759_back.webp,91553581552f553f,003e1e1f7f7f0f00
C:/Users/ASUS GAMING/Documents/GitHub/Sberatele_Podtacku/images/thumbs/00759_front.webp,95d5d1d9542a558d,5e7f4701007f7f02
C:/Users/ASUS GAMING/Documents/GitHub/Sberatele_Podtacku/images/thumbs/00760_back.webp,80ca55c1547f557e,003f1f1f1f3f0f02
C:/Users/ASUS GAMING/Documents/GitHub/Sberatele_Podtacku/images/thumbs/00760_front.webp,95d5d1d9542a558d,5e7f4701007f7f02
C:/Users/ASUS GAMING/Documents/GitHub/Sberatele_Podtacku/images/thumbs/00761_back.webp,85e2058355c755df,003f3f3f1f1f1e00
C:/Users/ASUS GAMING/Documents/GitHub/Sberatele_Podtacku/images/thumbs/00761_front.webp,81e16c1e37b559d8,00707f7f3f1f1e00
C:/Users/ASUS GAMING/Documents/GitHub/Sberatele_Podtacku/images/thumbs/00762_back.webp,c4e247254c8d6fd9,70f4f4f747033f00
C:/Users/ASUS GAMING/Documents/GitHub/Sberatele_Podtacku/images/thumbs/00762_front.webp,a4e2d0dc57f85863,7ec7cb05059b431e
C:/Users/ASUS GAMING/Documents/GitHub/Sberatele_Podtacku/images/thumbs/00763_back.webp,804055e855fe55ef,000e0e1f3f3f7f06
C:/Users/ASUS GAMING/Documents/GitHub/Sberatele_Podtacku/images/thumbs/00763_front.webp,b577451c453d5187,066766077f039f2a
C:/Users/ASUS GAMING/Documents/GitHub/Sberatele_Podtacku/images/thumbs/00764_back.webp,804750eb55f0477f,007f3f43037f5f02
C:/Users/ASUS GAMING/Documents/GitHub/Sberatele_Podtacku/images/thumbs/00764_front.webp,8e5859c1f597c163,18191dffff3f0100
C:/Users/ASUS GAMING/Documents/GitHub/Sberatele_Podtacku/images/thumbs/00765_back.webp,9555406a5af7487e,007e6e7e5e7e6600
C:/Users/ASUS GAMING/Documents/GitHub/Sberatele_Podtacku/images/thumbs/00765_front.webp,80df7d8314e71f60,007e7e6f67676300
C:/Users/ASUS GAMING/Documents/GitHub/Sberatele_Podtacku/images/thumbs/00766_back.webp,95ee56044ad46aee,003e7f7f3f1e0e00
C:/Users/ASUS GAMING/Documents/GitHub/Sberatele_Podtacku/images/thumbs/00766_front.webp,84f25d995a266a3b,007e67676f763e00
C:/Users/ASUS GAMING/Documents/GitHub/Sberatele_Podtacku/images/thumbs/00767_back.webp,9557558b7038786e,003e1c0f3f3f1f0e
C:/Users/ASUS GAMING/Documents/GitHub/Sberatele_Podtacku/images/thumbs/00767_front.webp,847741e359994ead,2066464363777e7c
C:/Users/ASUS GAMING/Documents/GitHub/Sberatele_Podtacku/images/thumbs/00768_back.webp,94695b926fc63925,187e42c3c37e7e18
C:/Users/ASUS GAMING/Documents/GitHub/Sberatele_Podtacku/images/thumbs/00768_front.webp,c4c1114ecf3d0ff8,1866ffffffa00000
C:/Users/ASUS GAMING/Documents/GitHub/Sberatele_Podtacku/images/thumbs/00769_back.webp,c4694b966f463927,187e42c3c37e7e18
C:/Users/ASUS GAMING/Documents/GitHub/Sberatele_Podtacku/images/thumbs/00769_front.webp,847b5f995e717804,183c0e3f3f3f3e00
C:/Users/ASUS GAMING/Documents/GitHub/Sberatele_Podtacku/images/thumbs/00770_back.webp,94694b926fc73835,187e42c3c37e7e18
C:/Users/ASUS GAMING/Documents/GitHub/Sberatele_Podtacku/images/thumbs/00770_front.webp,9539406c4ae72ee7,181e1e2e8f1a7e3c
C:/Users/ASUS GAMING/Documents/GitHub/Sberatele_Podtacku/images/thumbs/00771_back.webp,94695b926fc53925,187e42c3c37e7e18
C:/Users/ASUS GAMING/Documents/GitHub/Sberatele_Podtacku/images/thumbs/00771_front.webp,90c9439f4f307e72,187ccc9f3f1e0e0c
C:/Users/ASUS GAMING/Documents/GitHub/Sberatele_Podtacku/images/thumbs/00772_back.webp,952e5af02e357962,183c0207ff7e7e18
C:/Users/ASUS GAMING/Documents/GitHub/Sberatele_Podtacku/images/thumbs/00772_front.webp,856e5d384a876be4,00043e7f7f3e3e18
C:/Users/ASUS GAMING/Documents/GitHub/Sberatele_Podtacku/images/thumbs/00773_back.webp,953455b46acb6a4b,00021e7fffff7200
C:/Users/ASUS GAMING/Documents/GitHub/Sberatele_Podtacku/images/thumbs/00773_front.webp,874f6cb0313d4ec6,00203b3f7f7f3f00
C:/Users/ASUS GAMING/Documents/GitHub/Sberatele_Podtacku/images/thumbs/00774_back.webp,95635e700fe02fe1,003c3e3e3e1e3e1e
C:/Users/ASUS GAMING/Documents/GitHub/Sberatele_Podtacku/images/thumbs/00774_front.webp,96da3cd863216367,0c3e3e2e3e3e0636
C:/Users/ASUS GAMING/Documents/GitHub/Sberatele_Podtacku/images/thumbs/00775_back.webp,959c5e6b6a272835,187e7e3f0f7e2400
C:/Users/ASUS GAMING/Documents/GitHub/Sberatele_Podtacku/images/thumbs/00775_front.webp,9448578f7a753835,183e4ec76f7f2600
C:/Users/ASUS GAMING/Documents/GitHub/Sberatele_Podtacku/images/thumbs/00776_back.webp,956a6e35e4b05393,00003c3e7e7e7e3e
C:/Users/ASUS GAMING/Documents/GitHub/Sberatele_Podtacku/images/thumbs/00776_front.webp,954a1e69f9396591,001c3e837e627e7e
C:/Users/ASUS GAMING/Documents/GitHub/Sberatele_Podtacku/images/thumbs/00777_back.webp,95a15a57695a2d8b,107e7e5e6e3e3c00
C:/Users/ASUS GAMING/Documents/GitHub/Sberatele_Podtacku/images/thumbs/00777_front.webp,94b54e4e6dcb342c,107e7e7e7e043c18
C:/Users/ASUS GAMING/Documents/GitHub/Sberatele_Podtacku/images/thumbs/00778_back.webp,936c28f66597c698,00083c7e7e7e3e0f
C:/Users/ASUS GAMING/Documents/GitHub/Sberatele_Podtacku/images/thumbs/00778_front.webp,95cc5aa4397e68d4,003c7e7e7e7e3c00
C:/Users/ASUS GAMING/Documents/GitHub/Sberatele_Podtacku/images/thumbs/00779_back.webp,95e152825adf683e,083e4e5f1f7e3e00
C:/Users/ASUS GAMING/Documents/GitHub/Sberatele_Podtacku/images/thumbs/00779_front.webp,95e65a994a866979,187e42e77f423e18
C:/Users/ASUS GAMING/Documents/GitHub/Sberatele_Podtacku/images/thumbs/00780_back.webp,913a5b944e3f2e8a,184e1c6f7f764a18
C:/Users/ASUS GAMING/Documents/GitHub/Sberatele_Podtacku/images/thumbs/00780_front.webp,957b5ba44a3a4a0f,180e3e677f7e0618
C:/Users/ASUS GAMING/Documents/GitHub/Sberatele_Podtacku/images/thumbs/00781_back.webp,956652946ad62ade,003c3e7f3f3e3e00
C:/Users/ASUS GAMING/Documents/GitHub/Sberatele_Podtacku/images/thumbs/00781_front.webp,95c65ad96b343923,183e6e5f5f1e0e08
C:/Users/ASUS GAMING/Documents/GitHub/Sberatele_Podtacku/images/thumbs/00782_back.webp,93ce5c315ac60bd9,18523defe72d4a18
C:/Users/ASUS GAMING/Documents/GitHub/Sberatele_Podtacku/images/thumbs/00782_front.webp,974e59394ec60b99,18423df7af2d4a1c
C:/Users/ASUS GAMING/Documents/GitHub/Sberatele_Podtacku/images/thumbs/00783_back.webp,95665e956a7c6990,182e1e2b7f3e3e08
C:/Users/ASUS GAMING/Documents/GitHub/Sberatele_Podtacku/images/thumbs/00783_front.webp,95625e9f6a34288f,187e66c3077e3e18
C:/Users/ASUS GAMING/Documents/GitHub/Sberatele_Podtacku/images/thumbs/00784_back.webp,95e356827a9e282f,00667eff0b7e3e00
C:/Users/ASUS GAMING/Documents/GitHub/Sberatele_Podtacku/images/thumbs/00784_front.webp,955152a24b9f2fcc,187e66cbc3267e18
C:/Users/ASUS GAMING/Documents/GitHub/Sberatele_Podtacku/images/thumbs/00785_back.webp,95c053d30e2f7a1d,187e14171f7e3e18
C:/Users/ASUS GAMING/Documents/GitHub/Sberatele_Podtacku/images/thumbs/00785_front.webp,954b5e2c7b912dc2,00007effff1f5e00
C:/Users/ASUS GAMING/Documents/GitHub/Sberatele_Podtacku/images/thumbs/00786_back.webp,847850cd5b975f62,1852b1bdb1bb7618
C:/Users/ASUS GAMING/Documents/GitHub/Sberatele_Podtacku/images/thumbs/00786_front.webp,9563508e5acd2f35,18664e8f8f1e5e1c
C:/Users/ASUS GAMING/Documents/GitHub/Sberatele_Podtacku/images/thumbs/00787_back.webp,956650854e2f6b97,18560db9bf1b5e18
C:/Users/ASUS GAMING/Documents/GitHub/Sberatele_Podtacku/images/thumbs/00787_front.webp,9562560f4a9d6ba5,1866438f1f1f5e1c
C:/Users/ASUS GAMING/Documents/GitHub/Sberatele_Podtacku/images/thumbs/00788_back.webp,85695e9b1a326ecc,003e72477f763e18
C:/Users/ASUS GAMING/Documents/GitHub/Sberatele_Podtacku/images/thumbs/00788_front.webp,9566519d5ad86a6c,1866533f071f5e1c
C:/Users/ASUS GAMING/Documents/GitHub/Sberatele_Podtacku/images/thumbs/00789_back.webp,946657915a9d6837,187e43cbc3477e18
C:/Users/ASUS GAMING/Documents/GitHub/Sberatele_Podtacku/images/thumbs/00789_front.webp,914746387bed4b31,187e7e03873e5e18
C:/Users/ASUS GAMING/Documents/GitHub/Sberatele_Podtacku/images/thumbs/00790_back.webp,947943824bcf6c37,184e42dfcf566e18
C:/Users/ASUS GAMING/Documents/GitHub/Sberatele_Podtacku/images/thumbs/00790_front.webp,90db4e666b354cb2,183c5e5f4f7e0618
C:/Users/ASUS GAMING/Documents/GitHub/Sberatele_Podtacku/images/thumbs/00791_back.webp,95e15a1c6a8f2b36,003e667f5f1e1e18
C:/Users/ASUS GAMING/Documents/GitHub/Sberatele_Podtacku/images/thumbs/00791_front.webp,95695f256a356a86,003c7e435f7e3e18
C:/Users/ASUS GAMING/Documents/GitHub/Sberatele_Podtacku/images/thumbs/00792_back.webp,947040d845ff67c7,0e0f071f1f1f1f06
C:/Users/ASUS GAMING/Documents/GitHub/Sberatele_Podtacku/images/thumbs/00792_front.webp,81c82e537bec6473,003e7e7e3e3e3e00
C:/Users/ASUS GAMING/Documents/GitHub/Sberatele_Podtacku/images/thumbs/00793_back.webp,806805d755f055ff,0401034f1f7f7f2e
C:/Users/ASUS GAMING/Documents/GitHub/Sberatele_Podtacku/images/thumbs/00793_front.webp,94e5557b01d0553f,1abfff7f02081f00
C:/Users/ASUS GAMING/Documents/GitHub/Sberatele_Podtacku/images/thumbs/00794_back.webp,858515dd54f4513f,36273f3721ff0700
C:/Users/ASUS GAMING/Documents/GitHub/Sberatele_Podtacku/images/thumbs/00794_front.webp,959515c854f4d43f,36223f0fafff0500
C:/Users/ASUS GAMING/Documents/GitHub/Sberatele_Podtacku/images/thumbs/00795_back.webp,965a45655e324b9b,181a3f273f3f4618
C:/Users/ASUS GAMING/Documents/GitHub/Sberatele_Podtacku/images/thumbs/00795_front.webp,956750f26ba52a78,001a3e7f7f3f1e00
C:/Users/ASUS GAMING/Documents/GitHub/Sberatele_Podtacku/images/thumbs/00796_back.webp,95857b5a7a350b62,003e7e7e7e3e1e00
C:/Users/ASUS GAMING/Documents/GitHub/Sberatele_Podtacku/images/thumbs/00796_front.webp,95c75a5a6a350f62,003e3e7f7e3e1e00
C:/Users/ASUS GAMING/Documents/GitHub/Sberatele_Podtacku/images/thumbs/00797_back.webp,944e5fac2a976869,001c7e3f5f7e3e00
C:/Users/ASUS GAMING/Documents/GitHub/Sberatele_Podtacku/images/thumbs/00797_front.webp,91c955676e923a93,18183e7f3f1e3e08
C:/Users/ASUS GAMING/Documents/GitHub/Sberatele_Podtacku/images/thumbs/00798_back.webp,94c34a3c3be3693c,003c7e7e7e3e3e00
C:/Users/ASUS GAMING/Documents/GitHub/Sberatele_Podtacku/images/thumbs/00798_front.webp,95915a4f6ee44e38,187e5eff1f3e0200
C:/Users/ASUS GAMING/Documents/GitHub/Sberatele_Podtacku/images/thumbs/00799_back.webp,956956094aed7a4d,003e3e3f3f3e3e00
C:/Users/ASUS GAMING/Documents/GitHub/Sberatele_Podtacku/images/thumbs/00799_front.webp,857956e60e6938cd,003e5a3f3f7e2618
C:/Users/ASUS GAMING/Documents/GitHub/Sberatele_Podtacku/images/thumbs/00800_back.webp,95b34e53644b744b,003e7f7e3e3c3c10
C:/Users/ASUS GAMING/Documents/GitHub/Sberatele_Podtacku/images/thumbs/00800_front.webp,915f5aa87da5c134,00183c3e7e7f7f08
C:/Users/ASUS GAMING/Documents/GitHub/Sberatele_Podtacku/images/thumbs/00801_back.webp,952654f66f094b8d,00561f3f3f6e5e04
C:/Users/ASUS GAMING/Documents/GitHub/Sberatele_Podtacku/images/thumbs/00801_front.webp,851e146d59f34e9c,00163e7d3f7f6e00
C:/Users/ASUS GAMING/Documents/GitHub/Sberatele_Podtacku/images/thumbs/00802_back.webp,94ce14a10bb76f6c,047e7e7e7e664600
C:/Users/ASUS GAMING/Documents/GitHub/Sberatele_Podtacku/images/thumbs/00802_front.webp,859e346d59f3461c,00367e7e3f7f2600
C:/Users/ASUS GAMING/Documents/GitHub/Sberatele_Podtacku/images/thumbs/00803_back.webp,8f76106dd19bc694,3e81b5a9b1b1097e
C:/Users/ASUS GAMING/Documents/GitHub/Sberatele_Podtacku/images/thumbs/00803_front.webp,947205cf479d1e63,184484cbf79f5e1c
C:/Users/ASUS GAMING/Documents/GitHub/Sberatele_Podtacku/images/thumbs/00804_back.webp,9e7e104dd193c69c,3e8195ad99b1097e
C:/Users/ASUS GAMING/Documents/GitHub/Sberatele_Podtacku/images/thumbs/00804_front.webp,917c45331e964bcd,18587b870b6d7e1c
C:/Users/ASUS GAMING/Documents/GitHub/Sberatele_Podtacku/images/thumbs/00805_back.webp,841c56b15bc73b1e,005e3e7e7e4e7e00
C:/Users/ASUS GAMING/Documents/GitHub/Sberatele_Podtacku/images/thumbs/00805_front.webp,855f14335b9c4a3d,007e7653c3437e3c
C:/Users/ASUS GAMING/Documents/GitHub/Sberatele_Podtacku/images/thumbs/00806_back.webp,95d550ae50ae54bd,023e3e3e3e1f3f00
C:/Users/ASUS GAMING/Documents/GitHub/Sberatele_Podtacku/images/thumbs/00806_front.webp,84dd79386c267363,003e7e3e7e7e2e00
C:/Users/ASUS GAMING/Documents/GitHub/Sberatele_Podtacku/images/thumbs/00807_back.webp,bffac084d495d18a,7e838f8f8703071e
C:/Users/ASUS GAMING/Documents/GitHub/Sberatele_Podtacku/images/thumbs/00807_front.webp,9fdf4026d52ac0b6,1e809d9fbf1f010e
C:/Users/ASUS GAMING/Documents/GitHub/Sberatele_Podtacku/images/thumbs/00808_back.webp,8a7d559675c35429,0e19191f0b3f3f0e
C:/Users/ASUS GAMING/Documents/GitHub/Sberatele_Podtacku/images/thumbs/00808_front.webp,88dd65265598dd93,0e091f1f3f1f070e
C:/Users/ASUS GAMING/Documents/GitHub/Sberatele_Podtacku/images/thumbs/00809_back.webp,85d054ee551f078f,3e7e3f1f3b130300
C:/Users/ASUS GAMING/Documents/GitHub/Sberatele_Podtacku/images/thumbs/00809_front.webp,94cc653713d94cce,7e3f3e1c1e170702
C:/Users/ASUS GAMING/Documents/GitHub/Sberatele_Podtacku/images/thumbs/00810_back.webp,8067c57c54db55e1,6063271f03027f7f
C:/Users/ASUS GAMING/Documents/GitHub/Sberatele_Podtacku/images/thumbs/00810_front.webp,a0da55641cf157ba,106167ef37636706
C:/Users/ASUS GAMING/Documents/GitHub/Sberatele_Podtacku/images/thumbs/00811_back.webp,80ca1d2f653f63b1,007c7e7f3f070f02
C:/Users/ASUS GAMING/Documents/GitHub/Sberatele_Podtacku/images/thumbs/00811_front.webp,907f2d0972d215bd,00007efeff7e3e00
C:/Users/ASUS GAMING/Documents/GitHub/Sberatele_Podtacku/images/thumbs/00812_back.webp,84d57fca17a4154b,00061f3f3e7f7f00
C:/Users/ASUS GAMING/Documents/GitHub/Sberatele_Podtacku/images/thumbs/00812_front.webp,95c4483f373715ca,067f7f0707073706
C:/Users/ASUS GAMING/Documents/GitHub/Sberatele_Podtacku/images/thumbs/00813_back.webp,856f5535752057a5,001f3f03433f5f1e
C:/Users/ASUS GAMING/Documents/GitHub/Sberatele_Podtacku/images/thumbs/00813_front.webp,80e075cd57695e55,004b7f7f7f7f0000
C:/Users/ASUS GAMING/Documents/GitHub/Sberatele_Podtacku/images/thumbs/00814_back.webp,95e115ff413f401d,0272727772b71e16
C:/Users/ASUS GAMING/Documents/GitHub/Sberatele_Podtacku/images/thumbs/00814_front.webp,85596586db396d86,000e1e3f3f7f0f06
C:/Users/ASUS GAMING/Documents/GitHub/Sberatele_Podtacku/images/thumbs/00815_back.webp,957f15aa54a855b4,000a1e3f3f3f3f06
C:/Users/ASUS GAMING/Documents/GitHub/Sberatele_Podtacku/images/thumbs/00815_front.webp,b1994dc7619634cb,007e4e466b7f7f00
C:/Users/ASUS GAMING/Documents/GitHub/Sberatele_Podtacku/images/thumbs/00816_back.webp,91d95fa46a276a98,001e3e7f7f3e1e00
C:/Users/ASUS GAMING/Documents/GitHub/Sberatele_Podtacku/images/thumbs/00816_front.webp,91d95f246a276a9c,001e3e7f7f3e1e00
C:/Users/ASUS GAMING/Documents/GitHub/Sberatele_Podtacku/images/thumbs/00817_back.webp,95cb5a3d6a9c2d12,003c7e7f3f3e3c00
C:/Users/ASUS GAMING/Documents/GitHub/Sberatele_Podtacku/images/thumbs/00817_front.webp,956b5b956ab42872,003c7e7f7f3e1c00
C:/Users/ASUS GAMING/Documents/GitHub/Sberatele_Podtacku/images/thumbs/00818_back.webp,977744c04c1f1f2d,027e0e0e2b2f3f1e
C:/Users/ASUS GAMING/Documents/GitHub/Sberatele_Podtacku/images/thumbs/00818_front.webp,911b35c5454f4b37,024e0cf8fe795f06
C:/Users/ASUS GAMING/Documents/GitHub/Sberatele_Podtacku/images/thumbs/00819_back.webp,85d5558a552e553e,001e3f3f3f1f0f02
C:/Users/ASUS GAMING/Documents/GitHub/Sberatele_Podtacku/images/thumbs/00819_front.webp,85e55e97603e331a,003f4f6b7f3e1e00
C:/Users/ASUS GAMING/Documents/GitHub/Sberatele_Podtacku/images/thumbs/00820_back.webp,95d53f62c09c35e1,007e7e7e7f0f0700
C:/Users/ASUS GAMING/Documents/GitHub/Sberatele_Podtacku/images/thumbs/00820_front.webp,91d53f62509d3563,007eff7f7f460200
C:/Users/ASUS GAMING/Documents/GitHub/Sberatele_Podtacku/images/thumbs/00821_back.webp,95c0728d353e5d3a,007e7e7e7e3e0e00
C:/Users/ASUS GAMING/Documents/GitHub/Sberatele_Podtacku/images/thumbs/00821_front.webp,95d47b5b65a45720,003e7e7e7e3e1e00
C:/Users/ASUS GAMING/Documents/GitHub/Sberatele_Podtacku/images/thumbs/00822_back.webp,9577452ec592c49e,12007e7e3f3f1f02
C:/Users/ASUS GAMING/Documents/GitHub/Sberatele_Podtacku/images/thumbs/00822_front.webp,9156549e513f559c,04062e2e7f3f1f0e
C:/Users/ASUS GAMING/Documents/GitHub/Sberatele_Podtacku/images/thumbs/00823_back.webp,80d045677b3a3f0f,047f3f0f2f272f00
C:/Users/ASUS GAMING/Documents/GitHub/Sberatele_Podtacku/images/thumbs/00823_front.webp,94d7496966375427,003e7f7e3f1f0700
C:/Users/ASUS GAMING/Documents/GitHub/Sberatele_Podtacku/images/thumbs/00824_back.webp,84da1be1451e7d1b,003e7f7373733e00
C:/Users/ASUS GAMING/Documents/GitHub/Sberatele_Podtacku/images/thumbs/00824_front.webp,844615e35c2fd59b,001e3f1f7f6f0f00
C:/Users/ASUS GAMING/Documents/GitHub/Sberatele_Podtacku/images/thumbs/00825_back.webp,81f23f0f67b95824,002e7f7f663f1b00
C:/Users/ASUS GAMING/Documents/GitHub/Sberatele_Podtacku/images/thumbs/00825_front.webp,90373f9a443d64e9,003e4f7e7f7f1800
C:/Users/ASUS GAMING/Documents/GitHub/Sberatele_Podtacku/images/thumbs/00826_back.webp,851554bf54aa54af,020e1f1f1f3f3f02
C:/Users/ASUS GAMING/Documents/GitHub/Sberatele_Podtacku/images/thumbs/00826_front.webp,84e7659c7c29589b,007e7e073f3f1f00
C:/Users/ASUS GAMING/Documents/GitHub/Sberatele_Podtacku/images/thumbs/00827_back.webp,814855d555ca55ef,000f0f1f3f3f1f06
C:/Users/ASUS GAMING/Documents/GitHub/Sberatele_Podtacku/images/thumbs/00827_front.webp,81d3548e7ccb3393,3e3e6e386e0e3e02
C:/Users/ASUS GAMING/Documents/GitHub/Sberatele_Podtacku/images/thumbs/00828_back.webp,8505070f1fbe7cb8,0e3e42425f7f7f00
C:/Users/ASUS GAMING/Documents/GitHub/Sberatele_Podtacku/images/thumbs/00828_front.webp,d456525a5aaa8bab,006c7e030f7f7f06
C:/Users/ASUS GAMING/Documents/GitHub/Sberatele_Podtacku/images/thumbs/00829_back.webp,855d55aa419745be,000e1e1f3f7f7f00
C:/Users/ASUS GAMING/Documents/GitHub/Sberatele_Podtacku/images/thumbs/00829_front.webp,885d75a46726d19b,02183d3f3f7f1f00
C:/Users/ASUS GAMING/Documents/GitHub/Sberatele_Podtacku/images/thumbs/00830_back.webp,94e14bb47a466d1b,007e7e665e7e3e00
C:/Users/ASUS GAMING/Documents/GitHub/Sberatele_Podtacku/images/thumbs/00830_front.webp,85e65b985a87691b,2c7666665e7e3e00
C:/Users/ASUS GAMING/Documents/GitHub/Sberatele_Podtacku/images/thumbs/00831_back.webp,95e14b955a927e86,3c66464e7e7e3e00
C:/Users/ASUS GAMING/Documents/GitHub/Sberatele_Podtacku/images/thumbs/00831_front.webp,95e24b995ac3691b,2c7666665e7e3e00
C:/Users/ASUS GAMING/Documents/GitHub/Sberatele_Podtacku/images/thumbs/00832_back.webp,817e5ea57a7168c1,003c3e1f7f3f3e00
C:/Users/ASUS GAMING/Documents/GitHub/Sberatele_Podtacku/images/thumbs/00832_front.webp,91694f974a9429db,18124a4f7f6e7e18
C:/Users/ASUS GAMING/Documents/GitHub/Sberatele_Podtacku/images/thumbs/00833_back.webp,9576538a4ae12b3d,181e06ff0f7e1e18
C:/Users/ASUS GAMING/Documents/GitHub/Sberatele_Podtacku/images/thumbs/00833_front.webp,81cc5e975b183cf4,187e53797f4e1a08
C:/Users/ASUS GAMING/Documents/GitHub/Sberatele_Podtacku/images/thumbs/00834_back.webp,956c553d4ad22a73,001a3e3f3f3f3e08
C:/Users/ASUS GAMING/Documents/GitHub/Sberatele_Podtacku/images/thumbs/00834_front.webp,946c532b7ab4cc63,000a7e3f3f3f3e08
C:/Users/ASUS GAMING/Documents/GitHub/Sberatele_Podtacku/images/thumbs/00835_back.webp,916c572a4af16b35,001a4e7f3f5f3e08
C:/Users/ASUS GAMING/Documents/GitHub/Sberatele_Podtacku/images/thumbs/00835_front.webp,9c6c512b5ab4ce63,000a5f3f3f7f2e08
C:/Users/ASUS GAMING/Documents/GitHub/Sberatele_Podtacku/images/thumbs/00836_back.webp,952352954ad76bd2,001e1e3f3f3e3e18
C:/Users/ASUS GAMING/Documents/GitHub/Sberatele_Podtacku/images/thumbs/00836_front.webp,845b516e4eb95c65,18463ebfb517423c
C:/Users/ASUS GAMING/Documents/GitHub/Sberatele_Podtacku/images/thumbs/00837_back.webp,95485e2fca902b3f,00061f7f7f7f0e08
C:/Users/ASUS GAMING/Documents/GitHub/Sberatele_Podtacku/images/thumbs/00837_front.webp,95485e2fca906b2f,00063f7f7f3f0e08
C:/Users/ASUS GAMING/Documents/GitHub/Sberatele_Podtacku/images/thumbs/00838_back.webp,95795ecc4a316987,001e2e6f7f1f1e18
C:/Users/ASUS GAMING/Documents/GitHub/Sberatele_Podtacku/images/thumbs/00838_front.webp,94635f9c5a3c6991,002e7e3f7f1f1e00
C:/Users/ASUS GAMING/Documents/GitHub/Sberatele_Podtacku/images/thumbs/00839_back.webp,90e94f3e2f857870,187e7e5f041c7e18
C:/Users/ASUS GAMING/Documents/GitHub/Sberatele_Podtacku/images/thumbs/00839_front.webp,956d5e943b123933,00380cffff3e3c18
C:/Users/ASUS GAMING/Documents/GitHub/Sberatele_Podtacku/images/thumbs/00840_back.webp,94334b6b6a94bf48,000c7e7f7f7e1e00
C:/Users/ASUS GAMING/Documents/GitHub/Sberatele_Podtacku/images/thumbs/00840_front.webp,95c3529e3e4fc838,186e7fb3df7e0000
C:/Users/ASUS GAMING/Documents/GitHub/Sberatele_Podtacku/images/thumbs/00841_back.webp,953c72e04ac3798f,00063f3f3f7e7e00
C:/Users/ASUS GAMING/Documents/GitHub/Sberatele_Podtacku/images/thumbs/00841_front.webp,943d5563cab4cad2,18421f7fbf17421c
C:/Users/ASUS GAMING/Documents/GitHub/Sberatele_Podtacku/images/thumbs/00842_back.webp,956e52386bc7293a,187e7e81817e7e18
C:/Users/ASUS GAMING/Documents/GitHub/Sberatele_Podtacku/images/thumbs/00842_front.webp,95315ee7ca302ac7,000e1e7f7f3f1e08
C:/Users/ASUS GAMING/Documents/GitHub/Sberatele_Podtacku/images/thumbs/00843_back.webp,91645e3b6ac578c3,000c7e7f3f1e3e18
C:/Users/ASUS GAMING/Documents/GitHub/Sberatele_Podtacku/images/thumbs/00843_front.webp,91665e1b7a956c61,001e7e7f6f3e1e00
C:/Users/ASUS GAMING/Documents/GitHub/Sberatele_Podtacku/images/thumbs/00844_back.webp,85385ecf3ac7381c,001c3e7f3f3e7e00
C:/Users/ASUS GAMING/Documents/GitHub/Sberatele_Podtacku/images/thumbs/00844_front.webp,903f57d45a61689e,186643bfbf436618
C:/Users/ASUS GAMING/Documents/GitHub/Sberatele_Podtacku/images/thumbs/00845_back.webp,a17d54864d3b6f90,0047030f7f777f06
C:/Users/ASUS GAMING/Documents/GitHub/Sberatele_Podtacku/images/thumbs/00845_front.webp,866936cb753c51cc,00041f0f3f7f3f16
C:/Users/ASUS GAMING/Documents/GitHub/Sberatele_Podtacku/images/thumbs/00846_back.webp,956b52536a276e46,003c3c7fff3c3e00
C:/Users/ASUS GAMING/Documents/GitHub/Sberatele_Podtacku/images/thumbs/00846_front.webp,9393746c6a993b32,003e3e3f3f3e3e00
C:/Users/ASUS GAMING/Documents/GitHub/Sberatele_Podtacku/images/thumbs/00847_back.webp,997346ce3ab1c934,003e5e7f1f3e3e00
C:/Users/ASUS GAMING/Documents/GitHub/Sberatele_Podtacku/images/thumbs/00847_front.webp,997356ce6a99c930,083e1e3f1f3f1e08
C:/Users/ASUS GAMING/Documents/GitHub/Sberatele_Podtacku/images/thumbs/00848_back.webp,95cb5a842f966ac3,003c7e1f3f7e3e00
C:/Users/ASUS GAMING/Documents/GitHub/Sberatele_Podtacku/images/thumbs/00848_front.webp,84c65f1b5abd2a19,1c7e7fff1e0e0800
C:/Users/ASUS GAMING/Documents/GitHub/Sberatele_Podtacku/images/thumbs/00849_back.webp,95275f7a6a913928,00347e7f7f1e3e00
C:/Users/ASUS GAMING/Documents/GitHub/Sberatele_Podtacku/images/thumbs/00849_front.webp,944c566f7e882ad5,003e3e3f7f3f0e00
C:/Users/ASUS GAMING/Documents/GitHub/Sberatele_Podtacku/images/thumbs/00850_back.webp,942d52f82fb82d65,003c02bfff7e7c04
C:/Users/ASUS GAMING/Documents/GitHub/Sberatele_Podtacku/images/thumbs/00850_front.webp,95584ead6a9d60d6,001c3eff7f3e1e00
C:/Users/ASUS GAMING/Documents/GitHub/Sberatele_Podtacku/images/thumbs/00851_back.webp,953656b65a942ad6,003e1e3f3f7e3e00
C:/Users/ASUS GAMING/Documents/GitHub/Sberatele_Podtacku/images/thumbs/00851_front.webp,813c5fe13a3e6b30,00060e3f7f7e7e18
C:/Users/ASUS GAMING/Documents/GitHub/Sberatele_Podtacku/images/thumbs/00852_back.webp,95255ac36b12696f,001e1e6f7f7e3c08
C:/Users/ASUS GAMING/Documents/GitHub/Sberatele_Podtacku/images/thumbs/00852_front.webp,90c1553d4a97cf78,18427fefc50f4e18
C:/Users/ASUS GAMING/Documents/GitHub/Sberatele_Podtacku/images/thumbs/00853_back.webp,950e57756a996a62,003e3e3f3f3e3e00
C:/Users/ASUS GAMING/Documents/GitHub/Sberatele_Podtacku/images/thumbs/00853_front.webp,81175cf27a292bcb,001e3f5dfc677818
C:/Users/ASUS GAMING/Documents/GitHub/Sberatele_Podtacku/images/thumbs/00854_back.webp,85475c386b956a75,003e3e7f3f1f1e00
C:/Users/ASUS GAMING/Documents/GitHub/Sberatele_Podtacku/images/thumbs/00854_front.webp,90671eb37a466b85,001c7adf5f7e1c18
C:/Users/ASUS GAMING/Documents/GitHub/Sberatele_Podtacku/images/thumbs/00855_back.webp,95cf5e286ad13836,003c7e7f3f1e1e08
C:/Users/ASUS GAMING/Documents/GitHub/Sberatele_Podtacku/images/thumbs/00855_front.webp,902f1ef27a476985,00187afe7f7e3818
C:/Users/ASUS GAMING/Documents/GitHub/Sberatele_Podtacku/images/thumbs/00856_back.webp,85985e2f6ae13d70,003c7e7f3f2a6a18
C:/Users/ASUS GAMING/Documents/GitHub/Sberatele_Podtacku/images/thumbs/00856_front.webp,95605e2f6bdc3864,001e7e7f273e3e08
C:/Users/ASUS GAMING/Documents/GitHub/Sberatele_Podtacku/images/thumbs/00857_back.webp,956b56854ad72aa6,003e1e3f3f3e3e08
C:/Users/ASUS GAMING/Documents/GitHub/Sberatele_Podtacku/images/thumbs/00857_front.webp,856a57356a97689c,00043e7f7f7e3e08
C:/Users/ASUS GAMING/Documents/GitHub/Sberatele_Podtacku/images/thumbs/00858_back.webp,856d5e366ab46b90,103e7e2b1f267e18
C:/Users/ASUS GAMING/Documents/GitHub/Sberatele_Podtacku/images/thumbs/00858_front.webp,90b65f696ab52949,003e7e7f7f4e0e00
C:/Users/ASUS GAMING/Documents/GitHub/Sberatele_Podtacku/images/thumbs/00859_back.webp,916c5f8a7a0d685d,003e0e5f7f7e3e00
C:/Users/ASUS GAMING/Documents/GitHub/Sberatele_Podtacku/images/thumbs/00859_front.webp,84cb1e6b2a713f58,003c7e7f771e3e00
C:/Users/ASUS GAMING/Documents/GitHub/Sberatele_Podtacku/images/thumbs/00860_back.webp,913b428c0fd97ad9,1c40ce0f0fce7e3c
C:/Users/ASUS GAMING/Documents/GitHub/Sberatele_Podtacku/images/thumbs/00860_front.webp,953c5f156ab069b2,003e7e475f7e3e00
C:/Users/ASUS GAMING/Documents/GitHub/Sberatele_Podtacku/images/thumbs/00861_back.webp,948556464ede2ade,187e7e7f7e4e0400
C:/Users/ASUS GAMING/Documents/GitHub/Sberatele_Podtacku/images/thumbs/00861_front.webp,947959c16a662b9e,081e3e27677e3e18
C:/Users/ASUS GAMING/Documents/GitHub/Sberatele_Podtacku/images/thumbs/00862_back.webp,816a7475557d5583,00073f3f3f3f0706
C:/Users/ASUS GAMING/Documents/GitHub/Sberatele_Podtacku/images/thumbs/00862_front.webp,95d5558a61aa5d95,023e3e071f3f7f00
C:/Users/ASUS GAMING/Documents/GitHub/Sberatele_Podtacku/images/thumbs/00863_back.webp,95d945b05a9a4e9e,1c424f7f7f436e00
C:/Users/ASUS GAMING/Documents/GitHub/Sberatele_Podtacku/images/thumbs/00863_front.webp,95c155d1531f7e84,3e7fbfc7ff000000
C:/Users/ASUS GAMING/Documents/GitHub/Sberatele_Podtacku/images/thumbs/00864_back.webp,81de54315b9e5a39,1c665fefc3476600
C:/Users/ASUS GAMING/Documents/GitHub/Sberatele_Podtacku/images/thumbs/00864_front.webp,95d550d24a1b7ee4,3cffbfefe7000000
C:/Users/ASUS GAMING/Documents/GitHub/Sberatele_Podtacku/images/thumbs/00865_back.webp,855e5f1b5f1a481a,00071f3f3f3f3f00
C:/Users/ASUS GAMING/Documents/GitHub/Sberatele_Podtacku/images/thumbs/00865_front.webp,95c76e5a69191317,00363f7f4f1f1f00
C:/Users/ASUS GAMING/Documents/GitHub/Sberatele_Podtacku/images/thumbs/00866_back.webp,955d54b25133559b,00181b3f7f7f1f02
C:/Users/ASUS GAMING/Documents/GitHub/Sberatele_Podtacku/images/thumbs/00866_front.webp,853731d424995f79,02246bbff77c3e00
C:/Users/ASUS GAMING/Documents/GitHub/Sberatele_Podtacku/images/thumbs/00867_back.webp,804d553749b65f69,023e7f7f0f0f0740
C:/Users/ASUS GAMING/Documents/GitHub/Sberatele_Podtacku/images/thumbs/00867_front.webp,9dd1503f54ed46b0,5e1f1b9b17939b00
C:/Users/ASUS GAMING/Documents/GitHub/Sberatele_Podtacku/images/thumbs/00868_back.webp,804d553749b65e6d,007e7f7f1f070740
C:/Users/ASUS GAMING/Documents/GitHub/Sberatele_Podtacku/images/thumbs/00868_front.webp,9575559345ae449d,0246436f7f6f6f00
C:/Users/ASUS GAMING/Documents/GitHub/Sberatele_Podtacku/images/thumbs/00869_back.webp,b71dc5e048cb359a,5e0f078080c7fd7e
C:/Users/ASUS GAMING/Documents/GitHub/Sberatele_Podtacku/images/thumbs/00869_front.webp,bf8d40e6413bc639,1e9e1f8f87a78540
C:/Users/ASUS GAMING/Documents/GitHub/Sberatele_Podtacku/images/thumbs/00870_back.webp,b55f51b4c1bcd091,7e005f81ff978360
C:/Users/ASUS GAMING/Documents/GitHub/Sberatele_Podtacku/images/thumbs/00870_front.webp,b51dd0e253a54d8e,7e479b8181c1e37c
C:/Users/ASUS GAMING/Documents/GitHub/Sberatele_Podtacku/images/thumbs/00871_back.webp,955554bb549540bf,020f1f1f3f3f1f00
C:/Users/ASUS GAMING/Documents/GitHub/Sberatele_Podtacku/images/thumbs/00871_front.webp,80ed15b6d42f45a7,1c78687cff1d1d04
C:/Users/ASUS GAMING/Documents/GitHub/Sberatele_Podtacku/images/thumbs/00872_back.webp,b975c4ae4499d199,7e030f01838f1f7e
C:/Users/ASUS GAMING/Documents/GitHub/Sberatele_Podtacku/images/thumbs/00872_front.webp,bb71c48e5499d199,7e030b09838f9f6e
C:/Users/ASUS GAMING/Documents/GitHub/Sberatele_Podtacku/images/thumbs/00873_back.webp,853750be509f509f,00020e7e7f7f7f40
C:/Users/ASUS GAMING/Documents/GitHub/Sberatele_Podtacku/images/thumbs/00873_front.webp,814e558e5dda7c2a,103e473f3f0f1f02
C:/Users/ASUS GAMING/Documents/GitHub/Sberatele_Podtacku/images/thumbs/00874_back.webp,94176ba54b856b96,0c1e3e3e3e3e7e00
C:/Users/ASUS GAMING/Documents/GitHub/Sberatele_Podtacku/images/thumbs/00874_front.webp,95cb7a6c686a2b89,003e3e0e7e3e3e0e
C:/Users/ASUS GAMING/Documents/GitHub/Sberatele_Podtacku/images/thumbs/00875_back.webp,954656ad4a75687c,083e1e3f3f1f1e08
C:/Users/ASUS GAMING/Documents/GitHub/Sberatele_Podtacku/images/thumbs/00875_front.webp,907963863e7969b1,003c5e1f3f7e3e08
C:/Users/ASUS GAMING/Documents/GitHub/Sberatele_Podtacku/images/thumbs/00876_back.webp,94205f7f4acd68c6,184646e7e7667e18
C:/Users/ASUS GAMING/Documents/GitHub/Sberatele_Podtacku/images/thumbs/00876_front.webp,954c56a36b992b74,003e1e3f3f3f3e00
C:/Users/ASUS GAMING/Documents/GitHub/Sberatele_Podtacku/images/thumbs/00877_back.webp,902d5f53cab42b4b,00003effff7e3e00
C:/Users/ASUS GAMING/Documents/GitHub/Sberatele_Podtacku/images/thumbs/00877_front.webp,956252b46a946bf3,000e0f3fff1f1e18
C:/Users/ASUS GAMING/Documents/GitHub/Sberatele_Podtacku/images/thumbs/00878_back.webp,95ce5e614b9e3c21,187e0e3f2f673e00
C:/Users/ASUS GAMING/Documents/GitHub/Sberatele_Podtacku/images/thumbs/00878_front.webp,95ce5a614b9e3c2c,187e163eaf673e00
C:/Users/ASUS GAMING/Documents/GitHub/Sberatele_Podtacku/images/thumbs/00879_back.webp,95c8570b5a2f6a2d,003e7e7f7f3e0600
C:/Users/ASUS GAMING/Documents/GitHub/Sberatele_Podtacku/images/thumbs/00879_front.webp,916e1f916a857a2d,001c1e7fff6e1e08
C:/Users/ASUS GAMING/Documents/GitHub/Sberatele_Podtacku/images/thumbs/00880_back.webp,80cb572b5a7d2a35,003c7e7f7f1e1e00
C:/Users/ASUS GAMING/Documents/GitHub/Sberatele_Podtacku/images/thumbs/00880_front.webp,91665f916a856a6d,001c3e7f7f6e1e08
C:/Users/ASUS GAMING/Documents/GitHub/Sberatele_Podtacku/images/thumbs/00881_back.webp,84c757825e876a57,003c7e7f3f3e1e00
C:/Users/ASUS GAMING/Documents/GitHub/Sberatele_Podtacku/images/thumbs/00881_front.webp,91665f916a856b2d,001c3e7f7f6e1e08
C:/Users/ASUS GAMING/Documents/GitHub/Sberatele_Podtacku/images/thumbs/00882_back.webp,94cb560b5a576a35,003c7e7f3f3e1e00
C:/Users/ASUS GAMING/Documents/GitHub/Sberatele_Podtacku/images/thumbs/00882_front.webp,91661f916a857a6d,00000effff7e3e0c
C:/Users/ASUS GAMING/Documents/GitHub/Sberatele_Podtacku/images/thumbs/00883_back.webp,80cf562a7e2d2e65,003c7e7f7f3e1c00
C:/Users/ASUS GAMING/Documents/GitHub/Sberatele_Podtacku/images/thumbs/00883_front.webp,916e5f836a856a2d,001c3e7f7f6e1e08
C:/Users/ASUS GAMING/Documents/GitHub/Sberatele_Podtacku/images/thumbs/00884_back.webp,94c94f367a1e4b0d,1c7e7fc7c7470600
C:/Users/ASUS GAMING/Documents/GitHub/Sberatele_Podtacku/images/thumbs/00884_front.webp,970b7878669c3e61,003c3e7f7e3e3e00
C:/Users/ASUS GAMING/Documents/GitHub/Sberatele_Podtacku/images/thumbs/00885_back.webp,94945f696ac33c1e,001e3e7f7f1e3e00
C:/Users/ASUS GAMING/Documents/GitHub/Sberatele_Podtacku/images/thumbs/00885_front.webp,85ce5a714ba46e1b,187e7ef3eb424218
C:/Users/ASUS GAMING/Documents/GitHub/Sberatele_Podtacku/images/thumbs/00886_back.webp,85db5a878b4b2ac5,2c1c2a7f7f7f1400
C:/Users/ASUS GAMING/Documents/GitHub/Sberatele_Podtacku/images/thumbs/00886_front.webp,942c5bcb7a8dca61,003c3e3e7e7e7e00
C:/Users/ASUS GAMING/Documents/GitHub/Sberatele_Podtacku/images/thumbs/00887_back.webp,c49915255bc71ee6,1852fcfdf1317230
C:/Users/ASUS GAMING/Documents/GitHub/Sberatele_Podtacku/images/thumbs/00887_front.webp,9dc85437ca8d4ab3,3c4299bdbd8b423c
C:/Users/ASUS GAMING/Documents/GitHub/Sberatele_Podtacku/images/thumbs/00888_back.webp,951b4ee64a9469d3,140e0e0f7f7f3614
C:/Users/ASUS GAMING/Documents/GitHub/Sberatele_Podtacku/images/thumbs/00888_front.webp,951b4ee64a9469d3,140e0e0f7f7f3e10
C:/Users/ASUS GAMING/Documents/GitHub/Sberatele_Podtacku/images/thumbs/00889_back.webp,8fce50304bd39b9a,3c5abdb18787423c
C:/Users/ASUS GAMING/Documents/GitHub/Sberatele_Podtacku/images/thumbs/00889_front.webp,85cd5472da914bce,1c0239ffff21423c
C:/Users/ASUS GAMING/Documents/GitHub/Sberatele_Podtacku/images/thumbs/00890_back.webp,9d4c56247b8f6c70,183c1e3f3f1e3e08
C:/Users/ASUS GAMING/Documents/GitHub/Sberatele_Podtacku/images/thumbs/00890_front.webp,95c85e3fcac02a3e,081e1eff7f3e0e00
C:/Users/ASUS GAMING/Documents/GitHub/Sberatele_Podtacku/images/thumbs/00891_back.webp,95e85a176a786995,001c7e7f7f7e0e00
C:/Users/ASUS GAMING/Documents/GitHub/Sberatele_Podtacku/images/thumbs/00891_front.webp,95ca56274a9c6a76,083e3e3f3f1e1e08
C:/Users/ASUS GAMING/Documents/GitHub/Sberatele_Podtacku/images/thumbs/00892_back.webp,95635e2c6a9c6acc,001e3e7f7f1e1e08
C:/Users/ASUS GAMING/Documents/GitHub/Sberatele_Podtacku/images/thumbs/00892_front.webp,85381fc36a1f39e4,081c1e3f7f7e3e00
C:/Users/ASUS GAMING/Documents/GitHub/Sberatele_Podtacku/images/thumbs/00893_back.webp,95c95e886ab76817,001e3e7f7f3e1e00
C:/Users/ASUS GAMING/Documents/GitHub/Sberatele_Podtacku/images/thumbs/00893_front.webp,95cc5cab1b932a71,183e1e3f3f1f1e00
C:/Users/ASUS GAMING/Documents/GitHub/Sberatele_Podtacku/images/thumbs/00894_back.webp,94c956c81b6e6b35,103e7e7f7f7e0000
C:/Users/ASUS GAMING/Documents/GitHub/Sberatele_Podtacku/images/thumbs/00894_front.webp,916f54a44e539a8f,180a0de1e3ef6e3c
C:/Users/ASUS GAMING/Documents/GitHub/Sberatele_Podtacku/images/thumbs/00895_back.webp,95ea52846a976b8e,003e3e3f3f3e3e00
C:/Users/ASUS GAMING/Documents/GitHub/Sberatele_Podtacku/images/thumbs/00895_front.webp,81e4553b5ad5da38,00027f7f3f3f023c
C:/Users/ASUS GAMING/Documents/GitHub/Sberatele_Podtacku/images/thumbs/00896_back.webp,94c65b2d7a9d2836,083c7e7f077e2e08
C:/Users/ASUS GAMING/Documents/GitHub/Sberatele_Podtacku/images/thumbs/00896_front.webp,84e3532c6bcb2d96,18767ed3c3563e08
C:/Users/ASUS GAMING/Documents/GitHub/Sberatele_Podtacku/images/thumbs/00897_back.webp,851e79d146357e86,001f1f3f7f3f0b00
C:/Users/ASUS GAMING/Documents/GitHub/Sberatele_Podtacku/images/thumbs/00897_front.webp,8059676736344f9b,00183f3f3f7f1f00
C:/Users/ASUS GAMING/Documents/GitHub/Sberatele_Podtacku/images/thumbs/00898_back.webp,804a557f556a555b,001f1f1f3f1f0f06
C:/Users/ASUS GAMING/Documents/GitHub/Sberatele_Podtacku/images/thumbs/00898_front.webp,856a45554db754b5,001f3f3f1f1e1f02
C:/Users/ASUS GAMING/Documents/GitHub/Sberatele_Podtacku/images/thumbs/00899_back.webp,919956c56b366aa6,183c3e1e7f3e3e00
C:/Users/ASUS GAMING/Documents/GitHub/Sberatele_Podtacku/images/thumbs/00899_front.webp,85265fdd5a9c6a18,0806267f7f7e3e08
C:/Users/ASUS GAMING/Documents/GitHub/Sberatele_Podtacku/images/thumbs/00900_back.webp,95895ec66a326ae6,181e3e1f7f3e1e00
C:/Users/ASUS GAMING/Documents/GitHub/Sberatele_Podtacku/images/thumbs/00900_front.webp,80665fd97a1e6a58,0026667f7f7e1e08
C:/Users/ASUS GAMING/Documents/GitHub/Sberatele_Podtacku/images/thumbs/00901_back.webp,956d56944a936979,1802425bfb7e7e1c
C:/Users/ASUS GAMING/Documents/GitHub/Sberatele_Podtacku/images/thumbs/00901_front.webp,947e51c36bb9292c,001e169f3f7e3e18
C:/Users/ASUS GAMING/Documents/GitHub/Sberatele_Podtacku/images/thumbs/00902_back.webp,90695f957ab528ca,000c7e7e7f7e3e00
C:/Users/ASUS GAMING/Documents/GitHub/Sberatele_Podtacku/images/thumbs/00902_front.webp,956857355acc2a57,001c3e7f3f3e3e08
C:/Users/ASUS GAMING/Documents/GitHub/Sberatele_Podtacku/images/thumbs/00903_back.webp,8160533d1fd46bf4,000c7e7e7f7e3e00
C:/Users/ASUS GAMING/Documents/GitHub/Sberatele_Podtacku/images/thumbs/00903_front.webp,949857676a9a6a39,081e3e3f3f3e3e00
C:/Users/ASUS GAMING/Documents/GitHub/Sberatele_Podtacku/images/thumbs/00904_back.webp,805865f07aa64fbd,005e7e5e5e7e5e00
C:/Users/ASUS GAMING/Documents/GitHub/Sberatele_Podtacku/images/thumbs/00904_front.webp,885b65665499c5bb,000f1f1f3f7f0f02
C:/Users/ASUS GAMING/Documents/GitHub/Sberatele_Podtacku/images/thumbs/00905_back.webp,a178d4de05c3453f,5e43434383ff3f02
C:/Users/ASUS GAMING/Documents/GitHub/Sberatele_Podtacku/images/thumbs/00905_front.webp,a57844c3dbcc5879,7cc3c303a9e76706
C:/Users/ASUS GAMING/Documents/GitHub/Sberatele_Podtacku/images/thumbs/00906_back.webp,85d5558555b055be,021e1f3f3f3f0f00
C:/Users/ASUS GAMING/Documents/GitHub/Sberatele_Podtacku/images/thumbs/00906_front.webp,b1c2443b54e455fd,3e2fefc709830346
C:/Users/ASUS GAMING/Documents/GitHub/Sberatele_Podtacku/images/thumbs/00907_back.webp,85d5748f51cd15c6,007f3f7f3f3f0000
C:/Users/ASUS GAMING/Documents/GitHub/Sberatele_Podtacku/images/thumbs/00907_front.webp,955c169351ba473d,0ecaca5e8eaf8f04
C:/Users/ASUS GAMING/Documents/GitHub/Sberatele_Podtacku/images/thumbs/00908_back.webp,85d77d1d5608813f,00ff7f7e2e5f0200
C:/Users/ASUS GAMING/Documents/GitHub/Sberatele_Podtacku/images/thumbs/00908_front.webp,91596c3d15ae70a7,081c7c7e3f3f070c
C:/Users/ASUS GAMING/Documents/GitHub/Sberatele_Podtacku/images/thumbs/00909_back.webp,90d0612b3fcf552b,7efe7e3e0d1e1000
C:/Users/ASUS GAMING/Documents/GitHub/Sberatele_Podtacku/images/thumbs/00909_front.webp,91596c2915fe70a7,081c7e3e3f7f030c
C:/Users/ASUS GAMING/Documents/GitHub/Sberatele_Podtacku/images/thumbs/00910_back.webp,95cc502d4a236bf7,181e1f0f9f0f4e1c
C:/Users/ASUS GAMING/Documents/GitHub/Sberatele_Podtacku/images/thumbs/00910_front.webp,95c954631e6d4a97,185e3f9b9f07421c
C:/Users/ASUS GAMING/Documents/GitHub/Sberatele_Podtacku/images/thumbs/00911_back.webp,964959a66a976b1c,081e3f2f2f2f3e08
C:/Users/ASUS GAMING/Documents/GitHub/Sberatele_Podtacku/images/thumbs/00911_front.webp,95c3542fca1f686c,183e2f3f3f0f0e08
C:/Users/ASUS GAMING/Documents/GitHub/Sberatele_Podtacku/images/thumbs/00912_back.webp,94cc55374a9c4b73,3c7e1797830f461c
C:/Users/ASUS GAMING/Documents/GitHub/Sberatele_Podtacku/images/thumbs/00912_front.webp,94c455cf4a370f36,1c5e07bfbf3d0208
C:/Users/ASUS GAMING/Documents/GitHub/Sberatele_Podtacku/images/thumbs/00913_back.webp,95c15a8e2a9f6b58,003e7e7f3f3e1c00
C:/Users/ASUS GAMING/Documents/GitHub/Sberatele_Podtacku/images/thumbs/00913_front.webp,85695aa66abd2b2c,001e3e7f773e3e00
C:/Users/ASUS GAMING/Documents/GitHub/Sberatele_Podtacku/images/thumbs/00914_back.webp,95c85a286b2d2f3d,003c7e7f3f3e1e00
C:/Users/ASUS GAMING/Documents/GitHub/Sberatele_Podtacku/images/thumbs/00914_front.webp,81cb50361f78786f,1c7e79bfaf004618
C:/Users/ASUS GAMING/Documents/GitHub/Sberatele_Podtacku/images/thumbs/00915_back.webp,95485a2b6a2d6f2d,003c3e7f3f3e3e00
C:/Users/ASUS GAMING/Documents/GitHub/Sberatele_Podtacku/images/thumbs/00915_front.webp,91c45e6c5a933ec3,18726e4fef036e18
C:/Users/ASUS GAMING/Documents/GitHub/Sberatele_Podtacku/images/thumbs/00916_back.webp,95c6792c6a2dca1b,007e7e7e7e7e0a00
C:/Users/ASUS GAMING/Documents/GitHub/Sberatele_Podtacku/images/thumbs/00916_front.webp,95c679246a6d8a57,007e7e7e7e7e0a00
C:/Users/ASUS GAMING/Documents/GitHub/Sberatele_Podtacku/images/thumbs/00917_back.webp,94c955a24a3d2f6d,187e1a9f99273e18
C:/Users/ASUS GAMING/Documents/GitHub/Sberatele_Podtacku/images/thumbs/00917_front.webp,95625e8b6ad86b25,003c1e7f7f3e3c08
C:/Users/ASUS GAMING/Documents/GitHub/Sberatele_Podtacku/images/thumbs/00918_back.webp,bfd594925591d03c,1ebf938b83830f07
C:/Users/ASUS GAMING/Documents/GitHub/Sberatele_Podtacku/images/thumbs/00918_front.webp,91d366655d9a5b22,406f1f1f0f1f4f02
C:/Users/ASUS GAMING/Documents/GitHub/Sberatele_Podtacku/images/thumbs/00919_back.webp,85d5519455ae50ef,023e3f3f1f1f0f00
C:/Users/ASUS GAMING/Documents/GitHub/Sberatele_Podtacku/images/thumbs/00919_front.webp,95d5752ec092752d,1e0f0f7f1f070706
C:/Users/ASUS GAMING/Documents/GitHub/Sberatele_Podtacku/images/thumbs/00920_back.webp,95d555bc429d423e,067e7e7e1e5e0e00
C:/Users/ASUS GAMING/Documents/GitHub/Sberatele_Podtacku/images/thumbs/00920_front.webp,95dd5c235a275a34,1e7e7e6666674300
C:/Users/ASUS GAMING/Documents/GitHub/Sberatele_Podtacku/images/thumbs/00921_back.webp,95ce56356a9d6832,103e3e3f3f1f1e00
C:/Users/ASUS GAMING/Documents/GitHub/Sberatele_Podtacku/images/thumbs/00921_front.webp,9443529d6a866f76,081e3f3f9f1f1e00
C:/Users/ASUS GAMING/Documents/GitHub/Sberatele_Podtacku/images/thumbs/00922_back.webp,9564522f6aec691d,183e3e0f0f3e3e18
C:/Users/ASUS GAMING/Documents/GitHub/Sberatele_Podtacku/images/thumbs/00922_front.webp,95cb56246ad7683c,083e3e3f1f3e3e00
C:/Users/ASUS GAMING/Documents/GitHub/Sberatele_Podtacku/images/thumbs/00923_back.webp,95c252856acf299f,187e3e0f0f3e3e08
C:/Users/ASUS GAMING/Documents/GitHub/Sberatele_Podtacku/images/thumbs/00923_front.webp,95ca57256ad76832,083e3e3f1f3e3e00
C:/Users/ASUS GAMING/Documents/GitHub/Sberatele_Podtacku/images/thumbs/00924_back.webp,956852a54aed2b1f,187e3e070f3e3e18
C:/Users/ASUS GAMING/Documents/GitHub/Sberatele_Podtacku/images/thumbs/00924_front.webp,94ca57257a976a32,083e3e3f1f3e3e00
C:/Users/ASUS GAMING/Documents/GitHub/Sberatele_Podtacku/images/thumbs/00925_back.webp,956b56876ac52995,187e3e070f3e3e18
C:/Users/ASUS GAMING/Documents/GitHub/Sberatele_Podtacku/images/thumbs/00925_front.webp,94c857257ad76836,083e3e3f1f3e3e00
C:/Users/ASUS GAMING/Documents/GitHub/Sberatele_Podtacku/images/thumbs/00926_back.webp,954e52b76ae82995,183e3e070f3e7e18
C:/Users/ASUS GAMING/Documents/GitHub/Sberatele_Podtacku/images/thumbs/00926_front.webp,954a57256a976837,083e3e3f1f3e3e00
C:/Users/ASUS GAMING/Documents/GitHub/Sberatele_Podtacku/images/thumbs/00927_back.webp,9139568c4ad33b76,1c42c3c3c35f7e1c
C:/Users/ASUS GAMING/Documents/GitHub/Sberatele_Podtacku/images/thumbs/00927_front.webp,95795a9168cf6332,181c3c3e1f7e3e18
C:/Users/ASUS GAMING/Documents/GitHub/Sberatele_Podtacku/images/thumbs/00928_back.webp,95435ecc6a332bcc,183e6e67371e3e08
C:/Users/ASUS GAMING/Documents/GitHub/Sberatele_Podtacku/images/thumbs/00928_front.webp,9ccd51b35acc0a73,3c429b9f8f8f061c
C:/Users/ASUS GAMING/Documents/GitHub/Sberatele_Podtacku/images/thumbs/00929_back.webp,95e856d34a4f2acc,183e1e1f3f1e3e08
C:/Users/ASUS GAMING/Documents/GitHub/Sberatele_Podtacku/images/thumbs/00929_front.webp,95c25e146ad62a7e,083e7e7f073e3e00
C:/Users/ASUS GAMING/Documents/GitHub/Sberatele_Podtacku/images/thumbs/00930_back.webp,95c856d64a572b8d,183e1e1f3f1e3e08
C:/Users/ASUS GAMING/Documents/GitHub/Sberatele_Podtacku/images/thumbs/00930_front.webp,95c85fd56a87682a,083e7e7f073e3e00
C:/Users/ASUS GAMING/Documents/GitHub/Sberatele_Podtacku/images/thumbs/00931_back.webp,95c856874a0f2bcf,183e1e1f3f1e3e08
C:/Users/ASUS GAMING/Documents/GitHub/Sberatele_Podtacku/images/thumbs/00931_front.webp,944b5f296ac52a75,003e7e7f077e3e00
C:/Users/ASUS GAMING/Documents/GitHub/Sberatele_Podtacku/images/thumbs/00932_back.webp,95c952554add2bcc,083e3e3f3f3e1e00
C:/Users/ASUS GAMING/Documents/GitHub/Sberatele_Podtacku/images/thumbs/00932_front.webp,8599506d4fb24a6f,185e3f3f3f472600
C:/Users/ASUS GAMING/Documents/GitHub/Sberatele_Podtacku/images/thumbs/00933_back.webp,9111563b6acdea66,084e7f9b057f7a10
C:/Users/ASUS GAMING/Documents/GitHub/Sberatele_Podtacku/images/thumbs/00933_front.webp,92cd4d744a332f9a,1c7e2f0747676618
C:/Users/ASUS GAMING/Documents/GitHub/Sberatele_Podtacku/images/thumbs/00934_back.webp,959552a64a556bda,083e3e1f1f3e3e08
C:/Users/ASUS GAMING/Documents/GitHub/Sberatele_Podtacku/images/thumbs/00934_front.webp,916f56a45a5b2a36,187e464b4b677e18
C:/Users/ASUS GAMING/Documents/GitHub/Sberatele_Podtacku/images/thumbs/00935_back.webp,85dd5cc15a370ef0,187a3e27673e6618
C:/Users/ASUS GAMING/Documents/GitHub/Sberatele_Podtacku/images/thumbs/00935_front.webp,966c51854bd70b79,18421dbdbf1f461c
C:/Users/ASUS GAMING/Documents/GitHub/Sberatele_Podtacku/images/thumbs/00936_back.webp,95ce5e206af12b1e,003e3e7f3f3e1e00
C:/Users/ASUS GAMING/Documents/GitHub/Sberatele_Podtacku/images/thumbs/00936_front.webp,9c6e53916ab76ac0,001e569fdf1f1e18
C:/Users/ASUS GAMING/Documents/GitHub/Sberatele_Podtacku/images/thumbs/00937_back.webp,96ce51314acc7a7c,003e1f3f3f1f1e08
C:/Users/ASUS GAMING/Documents/GitHub/Sberatele_Podtacku/images/thumbs/00937_front.webp,9672778979c66660,002e3f3f1f3f3e00
C:/Users/ASUS GAMING/Documents/GitHub/Sberatele_Podtacku/images/thumbs/00938_back.webp,916f5eb04a9d29d2,081e1e3f2f1f1e1c
C:/Users/ASUS GAMING/Documents/GitHub/Sberatele_Podtacku/images/thumbs/00938_front.webp,956a4eb56ace29c2,08063e1f5f1f3e1c
C:/Users/ASUS GAMING/Documents/GitHub/Sberatele_Podtacku/images/thumbs/00939_back.webp,849c47435be4393f,183e5eff4f662600
C:/Users/ASUS GAMING/Documents/GitHub/Sberatele_Podtacku/images/thumbs/00939_front.webp,90964f617add6929,183e7e9f017e3e08
C:/Users/ASUS GAMING/Documents/GitHub/Sberatele_Podtacku/images/thumbs/00940_back.webp,95605ec36a9e6996,003c1e3f3f7f3e00
C:/Users/ASUS GAMING/Documents/GitHub/Sberatele_Podtacku/images/thumbs/00940_front.webp,946c5393c8666db3,183e16535f3e263c
C:/Users/ASUS GAMING/Documents/GitHub/Sberatele_Podtacku/images/thumbs/00941_back.webp,91675eb06a9d29d2,081e1e3f2f1f1e1c
C:/Users/ASUS GAMING/Documents/GitHub/Sberatele_Podtacku/images/thumbs/00941_front.webp,956a4eb56ace29c2,18023e1f5f1f3e1c
C:/Users/ASUS GAMING/Documents/GitHub/Sberatele_Podtacku/images/thumbs/00942_back.webp,85f545b555b45525,063f1f1f1f0f0f02
C:/Users/ASUS GAMING/Documents/GitHub/Sberatele_Podtacku/images/thumbs/00942_front.webp,8cd4d3634d3d1dc1,3e7f1f13710f1302
C:/Users/ASUS GAMING/Documents/GitHub/Sberatele_Podtacku/images/thumbs/00943_back.webp,85d55591559154bf,063f1f1f1f1f0f00
C:/Users/ASUS GAMING/Documents/GitHub/Sberatele_Podtacku/images/thumbs/00943_front.webp,acd1d36f4c3915c4,7eff1f1311071306
C:/Users/ASUS GAMING/Documents/GitHub/Sberatele_Podtacku/images/thumbs/00944_back.webp,85ea44d555d555b4,063f1f1f1f0f1f00
C:/Users/ASUS GAMING/Documents/GitHub/Sberatele_Podtacku/images/thumbs/00944_front.webp,84d2636fc57d51c1,066f7f1f5f070302
C:/Users/ASUS GAMING/Documents/GitHub/Sberatele_Podtacku/images/thumbs/00945_back.webp,95df412a55555175,023f1f1f1f0f0f06
C:/Users/ASUS GAMING/Documents/GitHub/Sberatele_Podtacku/images/thumbs/00945_front.webp,9dd2536f457d14c0,7e7f5f1b5b010302
C:/Users/ASUS GAMING/Documents/GitHub/Sberatele_Podtacku/images/thumbs/00946_back.webp,95e855aa55f54075,023f1f1f1f1f0f02
C:/Users/ASUS GAMING/Documents/GitHub/Sberatele_Podtacku/images/thumbs/00946_front.webp,8cd2d36b4d3d15c1,1e7f5f1b73030306
C:/Users/ASUS GAMING/Documents/GitHub/Sberatele_Podtacku/images/thumbs/00947_back.webp,b57e54c642b349e4,5e9f8b0763111f0e
C:/Users/ASUS GAMING/Documents/GitHub/Sberatele_Podtacku/images/thumbs/00947_front.webp,813e746c5dd9c386,00072f1f3f7f4f02
C:/Users/ASUS GAMING/Documents/GitHub/Sberatele_Podtacku/images/thumbs/00948_back.webp,8148557f5579447b,003f1f1f1f1f1f02
C:/Users/ASUS GAMING/Documents/GitHub/Sberatele_Podtacku/images/thumbs/00948_front.webp,85605dd8766666f1,003e2f272f3f3f08
C:/Users/ASUS GAMING/Documents/GitHub/Sberatele_Podtacku/images/thumbs/00949_back.webp,81f34ccc713355bc,027f6f47037f1f00
C:/Users/ASUS GAMING/Documents/GitHub/Sberatele_Podtacku/images/thumbs/00949_front.webp,b6cdd1364e7914c1,7e7f7f0101070f0e
